VAPOR_TET 1
4913 25063
0 0 0
0 0 0.068056824112096834
0 0 0.12799369208857966
0 0 0.18780417550863285
0 0 0.24901822364404791
0 0 0.31176174754971536
0 0 0.37602707908008315
0 0 0.43808493007608829
0 0 0.50029401689968434
0 0 0.56325281942834104
0 0 0.62423358574428078
0 0 0.68787381205041698
0 0 0.75329507694717923
0 0 0.81564478281423469
0 0 0.87406599332951329
0 0 0.93848051137336019
0 0 1
0 0.062236605198010733 0
0 0.062707490083278292 0.063455424579594549
0 0.061012725811286583 0.12486047392384139
0 0.061011603796119022 0.18739334138108793
0 0.063140977226863224 0.24972030428968106
0 0.064080965128279918 0.31302564846906838
0 0.053969543302732383 0.37677726728698174
0 0.064655262020116955 0.44234548171051108
0 0.058879855523020996 0.50539911400234228
0 0.067512321145806742 0.56818960446629085
0 0.057772178982179005 0.62804784109294742
0 0.071917118370155061 0.68529081685011295
0 0.059123315465418845 0.74473147287436348
0 0.06134598055366805 0.80721053220720473
0 0.062615038919270796 0.8691232742100472
0 0.063273142050899955 0.93511684451351085
0 0.062621571635002274 1
0 0.12190655787681909 0
0 0.12799634549842057 0.06562181840835124
0 0.1213007075785907 0.13331530245637163
0 0.12352935288744646 0.19896118414344807
0 0.12537245341475828 0.2614804995154647
0 0.12766328270765506 0.32200704711909556
0 0.1123442303572585 0.38601202399777645
0 0.13296834210809969 0.44118930587385347
0 0.11678720136791439 0.50492075985292051
0 0.13444234839884742 0.56479980001990082
0 0.11685512166190494 0.61718557330800039
0 0.1359826665452768 0.68438597271582613
0 0.11805392551280136 0.74751634463785865
0 0.12606178148433941 0.80842299077132418
0 0.12615887775954451 0.8706901625488257
0 0.12534130823324946 0.93574245475621809
0 0.12459725682485483 1
0 0.18461515822959573 0
0 0.19599107081383565 0.057375846467317478
0 0.18028001799195292 0.11712184611199231
0 0.18654860305776774 0.18107493137337871
0 0.18427136864763871 0.24309203062117826
0 0.19244461447451602 0.30983760436817381
0 0.17414283196084487 0.37255532326237872
0 0.19773593509004711 0.43478075095154323
0 0.17796291770303196 0.49739656674470489
0 0.19898543130406332 0.55908800452858687
0 0.182395636552424 0.62090484272853441
0 0.19958095088667357 0.68304239007644341
0 0.1828615342529574 0.74463318841788584
0 0.18856076696595503 0.80650963748601578
0 0.18682330820199006 0.86997456530144346
0 0.18159819345445383 0.94838579849602533
0 0.18693033655833258 1
0 0.25013323555732925 0
0 0.25856951328646405 0.063445740904303563
0 0.24299039152915791 0.12728385081640384
0 0.25075329651573341 0.19142969769893797
0 0.24322555434371151 0.25493217436731291
0 0.25929061250132363 0.31504465727101572
0 0.2379132203660666 0.37501765455801617
0 0.26262386541834687 0.43528448519767865
0 0.23882819888052934 0.49904451352781642
0 0.2598875032560648 0.5626093238413189
0 0.24416101077114336 0.62869715730984599
0 0.26000935389623603 0.69363492761901957
0 0.24338371506333539 0.75618739739750873
0 0.25316460296067167 0.81526783157420968
0 0.24904039191698379 0.87409999564246477
0 0.25401930332114586 0.93867563811895716
0 0.24911414872920676 1
0 0.31235462063818886 0
0 0.31779336643612338 0.063380950376644318
0 0.30797849878927464 0.12767384374651405
0 0.31507513997151154 0.18756527394636283
0 0.30281210559427013 0.24886956996914536
0 0.32400947610839126 0.31043879137656544
0 0.30254780278802595 0.37288899615294779
0 0.3251176488108104 0.43713414192105371
0 0.29968509511556973 0.49760448768420357
0 0.32378352986565517 0.55928259179383455
0 0.30830083439404959 0.61701439028321048
0 0.31779631132892006 0.67764230543180759
0 0.30982029740279965 0.7441860888816193
0 0.31283469946415099 0.80955024625865235
0 0.31216983163013823 0.87606823332717798
0 0.31569206122251148 0.93784745323737839
0 0.31246251506245648 1
0 0.37462639770413275 0
0 0.37844151578467411 0.062669793796647763
0 0.37665211688245703 0.12431152306698594
0 0.37610267224734306 0.18890049164203537
0 0.37192258510015341 0.25449127486450934
0 0.3830869816366449 0.32192562540400432
0 0.37066939678961458 0.38287397326332945
0 0.38788029596062962 0.44204645792297398
0 0.3627499716812474 0.50229634959827818
0 0.38833741738255101 0.5629026696752335
0 0.37318235963972285 0.62363912224531892
0 0.37689142006976906 0.68901187515757711
0 0.3733108957132687 0.74977407827282172
0 0.37469050492002809 0.81198122510227744
0 0.37443334732764838 0.87285910492026919
0 0.37581688402279473 0.93179004127340703
0 0.37293467548475956 1
0 0.43750908777015624 0
0 0.43819611395342006 0.059382789686490217
0 0.43990964806023714 0.11700142387123422
0 0.43980752580775334 0.1770958757720508
0 0.43709229935396621 0.23813324442488787
0 0.43748201304077666 0.30044316159270451
0 0.43630897131471963 0.36708438859271442
0 0.44543091430238424 0.43089505537541906
0 0.42847128334482293 0.49881938986955471
0 0.44815545431382015 0.56211304008252994
0 0.43956133030437688 0.62709054435447353
0 0.43517596455572088 0.69013491369004287
0 0.44040703706132478 0.75232387455242966
0 0.43412184698401046 0.81193934144297641
0 0.43662269157965156 0.87411096264334531
0 0.4348965533821999 0.93919738112488227
0 0.42687073271174242 1
0 0.49885816046595871 0
0 0.50099762244289225 0.066086115539254531
0 0.50206673161804072 0.13407648422667276
0 0.50092649390460198 0.19941385760931446
0 0.50147786067752487 0.26043689266500697
0 0.49677519790956953 0.32345280784922065
0 0.49970793004865705 0.38621786503856781
0 0.5075520705797234 0.44701537068225106
0 0.49028106218668954 0.50229102567036421
0 0.50866798855145678 0.55927699836325495
0 0.50398069463399453 0.62061266731468967
0 0.49713950874743018 0.68429584874599669
0 0.50557236828507857 0.74839282080340752
0 0.49468241378552802 0.81110520844397171
0 0.49791224429927589 0.8731802480491615
0 0.49815834981465656 0.93858856435598126
0 0.49749390159613566 1
0 0.56267492711033873 0
0 0.56199942952007809 0.065581494530138368
0 0.56268509579916193 0.13060663320813312
0 0.56407053256908535 0.18974460518383521
0 0.56630763211529855 0.24782667475252604
0 0.55845300573472911 0.30749524377920157
0 0.5613109612680568 0.36668575730144221
0 0.56860060332609652 0.42851784093712025
0 0.55811273415591867 0.49356615307079627
0 0.56621799726439992 0.55493261866204269
0 0.56648137191813797 0.61822579252783272
0 0.56332129452384394 0.68305716365586711
0 0.56948587786726002 0.74944345956529701
0 0.55635895492003651 0.81602736342895377
0 0.55637371673327041 0.8788083636953441
0 0.56587449011840429 0.93919159832796173
0 0.56360154954535091 1
0 0.62434699717979403 0
0 0.6190871235492208 0.058175272789528824
0 0.62189170407798267 0.11668175760651031
0 0.62827057514060702 0.18154498511917935
0 0.63322113134430413 0.24451202246746465
0 0.6163925087395572 0.30749511773810284
0 0.63329214449529492 0.36324935417199644
0 0.63175387169625064 0.43995347750220493
0 0.62145217774736394 0.50584121213275934
0 0.62642647105017257 0.56879366947038512
0 0.6273055298136152 0.63231381078945259
0 0.62788937625198404 0.69282999226333375
0 0.62907718014610858 0.75856850770340856
0 0.6195715708809868 0.81775615787933342
0 0.61849869942188018 0.87903539935671471
0 0.62843743500970106 0.93819304233218537
0 0.6238240001397205 1
0 0.69062286883766266 0
0 0.68347019491509209 0.060461686882286376
0 0.6849029920003501 0.1249220879152825
0 0.69110786023519954 0.19165604030845473
0 0.69664470921907007 0.25647006741184103
0 0.67645389444132431 0.31823811000469654
0 0.69325925617950757 0.37573812624317454
0 0.69275585531375816 0.43916492195780393
0 0.68501327438906157 0.49582253317681568
0 0.68736006832532104 0.55517241034500986
0 0.68748854745637988 0.61837850717272624
0 0.69137957142664985 0.68131229908329516
0 0.68649572505102585 0.74520043846365303
0 0.68281381656247808 0.81086851376870739
0 0.68385460893620265 0.87514513393496296
0 0.68466046707426753 0.93705218205783103
0 0.68586111894824309 1
0 0.75379841422234484 0
0 0.74453012563260001 0.071459783937579333
0 0.74835860125479092 0.13866237631199788
0 0.75614531157531517 0.20023246397958958
0 0.75909251838356628 0.26229424963689596
0 0.73749432320820618 0.31996161982703658
0 0.75519892903026553 0.37506504413744834
0 0.75555579089405955 0.43676028005001238
0 0.74930361528258194 0.49676983216666309
0 0.74931870966921488 0.55668308979846837
0 0.75039962145418337 0.62232083002789318
0 0.75639033120624388 0.68596068843897662
0 0.74480285881711883 0.75038237227598992
0 0.74368281833803995 0.8121647414770522
0 0.75156141061160808 0.87593163033845534
0 0.74553882473985622 0.93707471386936669
0 0.74517981131212518 1
0 0.80887800548108824 0
0 0.81006467677795257 0.055367343067386651
0 0.80989342324932245 0.11689970117769573
0 0.81743287102562112 0.18069067107891698
0 0.81777810966833908 0.24839768318540612
0 0.80446830322623986 0.31792030601296367
0 0.81777673665837647 0.38040934754851036
0 0.81666763232917616 0.44327884217731317
0 0.8111839461754492 0.50179674339601854
0 0.80749561499394906 0.56359071209417899
0 0.81337033445475926 0.62447561231701254
0 0.81988027680850695 0.68661332939392883
0 0.80950028526188766 0.75005778753147245
0 0.80766598182057092 0.81287030827097728
0 0.81194693896523829 0.87708281838939706
0 0.80778944475825365 0.93850470955164167
0 0.80770209683542626 1
0 0.87118070193744346 0
0 0.87459131867543194 0.063117056228067098
0 0.87433417716097073 0.12429378933421663
0 0.87983257681969218 0.18221155574544914
0 0.8785165078662458 0.2418787553576465
0 0.86925897105390837 0.30356311195966307
0 0.87940948364743443 0.36806544072312464
0 0.87788884007736234 0.43101173862758085
0 0.87544409848083182 0.49708787087907824
0 0.86883854438955721 0.56039974979457341
0 0.87746984400008088 0.62534626731094167
0 0.88108789691783873 0.68791558839064859
0 0.8751278528167058 0.75067944960184818
0 0.87222906312108528 0.81188178004449563
0 0.87591170348539971 0.87560206718714439
0 0.86920236977783749 0.93688109296671418
0 0.87341157654477708 1
0 0.93680039457093156 0
0 0.93867527948855389 0.061787388642180259
0 0.9374636904774708 0.126163673735152
0 0.93946571505744592 0.18954194724649526
0 0.93759479298978554 0.25583178641682219
0 0.9356796585867293 0.31718447272528294
0 0.9388104881065511 0.37670396878011358
0 0.9377543368087109 0.43889396690784149
0 0.93719749642235617 0.4992037963022693
0 0.93060333745905277 0.55917684707687698
0 0.93789582304422248 0.61905900448446594
0 0.94054958210348405 0.68579992117313404
0 0.93757368516489814 0.75075391065692765
0 0.937560799234331 0.80842528185468887
0 0.93748673038423136 0.87474892823272465
0 0.93547986901625158 0.93763077394444794
0 0.93665050355613255 1
0 1 0
0 1 0.061658305624788551
0 1 0.12800172689992423
0 1 0.19101256103552089
0 1 0.25110978088131714
0 1 0.31237296878468984
0 1 0.3738814736490747
0 1 0.43829259420278027
0 1 0.49672079685538806
0 1 0.55625230601588038
0 1 0.62258139957532577
0 1 0.68852896238759009
0 1 0.7467472036528251
0 1 0.80640278073804184
0 1 0.86964759568465477
0 1 0.93145875257803523
0 1 1
0.062532645677649865 0 0
0.06167512641478138 0 0.061820380319226424
0.061515254224861884 0 0.124554255902911
0.061823157066267259 0 0.1890471174552934
0.059061856022959783 0 0.25332241804191086
0.061718712060760815 0 0.31867836071541755
0.062880940639874566 0 0.38164539423459004
0.061884726190614012 0 0.44307740332301321
0.06116348846179142 0 0.50400215529116532
0.062622050261704892 0 0.55894260252591332
0.063025976102201522 0 0.61887458715370491
0.063314936466731878 0 0.67872879453158386
0.059647369542182901 0 0.73785467780450331
0.05905856382061847 0 0.79987283102091866
0.063464712256703804 0 0.8631558791094901
0.063696084502250477 0 0.92879984193713883
0.056948400854840708 0 1
0.058991726762205279 0.065461024385567237 0
0.086930622545003874 0.069003283573386448 0.047045865148498109
0.060829526214614633 0.041017143826343562 0.096004952590573581
0.075106954672719925 0.054272906340749154 0.15942344875056802
0.052415703158884566 0.057725543342655873 0.21615596661576719
0.073161271361639052 0.057056871297298993 0.28708552472830307
0.061816277728961089 0.059929060329618269 0.34686109843727447
0.05354433341684034 0.069751116965249077 0.41593363209882384
0.056554953101649409 0.049787599595885496 0.48311428887543689
0.056757286671922133 0.051570534213085502 0.57309804375282902
0.05008653265813863 0.084352152260028387 0.63434305068030339
0.045735252941904614 0.044484528755485545 0.67845223396442433
0.044656537910546711 0.054306640558151847 0.74731408929996934
0.060481880419399475 0.064013116105673604 0.83096420031250107
0.046152194507820071 0.065226623759453428 0.90291471582578475
0.076105315527952161 0.055844673871299579 0.95442641935095418
0.055989064802021989 0.062599832109529269 1
0.066156680312481855 0.12914547679792174 0
0.04189103646495107 0.11944132119995228 0.040886927376105754
0.05641841169882484 0.10791748567536406 0.10269135800075567
0.050673202136943034 0.11091713695058017 0.16853184149584563
0.05571890508610082 0.10263619358495349 0.24855427201694283
0.057068209745028756 0.12835653844004941 0.31034969003418394
0.068557008586605045 0.12708960131360089 0.37279842654507456
0.047119956253872559 0.14732910293814258 0.4284693623854065
0.051671367095226454 0.11117762036810253 0.48120024523529831
0.060051493605018026 0.11183978828616246 0.53930050912662419
0.047991225781984628 0.12749744383218209 0.61178498168597628
0.065869613193600005 0.11240610781189421 0.69797612593962166
0.062362531870778101 0.10278253250139488 0.77659957609836738
0.051452803245417358 0.14296269333093944 0.82792826301918021
0.074623907556866514 0.11164160447068353 0.8719493935411714
0.042548379821762496 0.12488888719594347 0.94541213888848974
0.071179562834821714 0.1244922735157391 1
0.059894959130890504 0.19286016470651013 0
0.066307608441807234 0.16983033911036852 0.06227246303404535
0.057978324841610675 0.17615321120424718 0.13337653064936231
0.061355055562698955 0.1607007284442391 0.2041299940861741
0.066079772574640802 0.15838132403152569 0.26384522292449986
0.056757828167045034 0.21587188417893674 0.30527308340799875
0.054133896593698869 0.19124068188080029 0.36185381390683197
0.075298677361504002 0.18170353959015645 0.43140135302014082
0.042090814234428696 0.17660660872421802 0.50314410468024995
0.057689582942205025 0.16997852433787417 0.56787425154230398
0.085230238615041587 0.19028261949513703 0.61705110184823941
0.052190173734725454 0.17040689585814234 0.67328940805007942
0.056785959049545143 0.16012906999161869 0.75426368802172916
0.060483275957161076 0.21012231789834782 0.82041695180170116
0.064561778722179317 0.17122246765609273 0.89064114804490657
0.058138573268359646 0.201591541878403 0.94979003296770004
0.05617722606306199 0.18349685804638111 1
0.064475165327300674 0.25304330295066174 0
0.060812351479369579 0.224378819606769 0.057752629805366773
0.059098636895355529 0.25310340210279803 0.10846554735937064
0.055878778785718203 0.22477990472092346 0.18260150094605268
0.072697990372794688 0.21629291929555683 0.24444237315157871
0.066865419862281339 0.27245151311464277 0.27977811648331868
0.055451007170333105 0.27539955727742815 0.34209048656606833
0.06454263591975587 0.24326619715043174 0.40555595632357128
0.055040588826001581 0.23439091404242629 0.47597816906286283
0.070612728903297325 0.23326048419594581 0.55169231334720126
0.044321077806888806 0.22822533997070427 0.62218127458482353
0.078505868217799285 0.23403349006170313 0.68306932900927064
0.055618069469022993 0.21698904087320289 0.73943067413851382
0.062154597773108201 0.26604635725960929 0.7923237414440939
0.051069868885170636 0.24051251732436588 0.88288020674412848
0.056119480214165851 0.26854949711314924 0.95562652988347296
0.065301388881267713 0.24524950351640876 1
0.06189082344956516 0.31357369912289651 0
0.054574366109034718 0.31179681597567827 0.054237339086425272
0.084410432910982991 0.30089753730365171 0.11107064231740549
0.051605080312524886 0.29131061776148842 0.16258778494828452
0.060158309546901968 0.29112995155897037 0.21838172147528578
0.060068482758421207 0.33572875787918194 0.28383457826878622
0.04181255465615609 0.30566915831757446 0.40068356881697187
0.07415942526395275 0.29486309511933262 0.45544697157472214
0.061945221508074265 0.29404263285696391 0.52175407211241553
0.049829854995497795 0.29690486589261772 0.58958508246654517
0.10036259127808561 0.32595354750046657 0.60899161334655216
0.053761572292292573 0.28767267602543067 0.65553168773384207
0.064060452343206786 0.28367520215309749 0.72610211985825712
0.054738898445818869 0.33464454820803496 0.77401052018172423
0.052926150652615828 0.31089268328758102 0.84568325327797811
0.062875993326751631 0.30415430072571548 0.91172659638630782
0.06121352994201399 0.30572870056346907 1
0.06177622384109404 0.37606188553805231 0
0.058166076041217443 0.37952033885394343 0.082307916533420386
0.054563493654756483 0.34859780260518397 0.13121648270013489
0.075076257549412592 0.36320578469929377 0.18564263684086191
0.044288495254431876 0.37214900219468783 0.22921896164241728
0.056527526065669083 0.40094236810929085 0.29360045108040517
0.060523873634431631 0.34651342917138128 0.34802478115712804
0.069583438746343401 0.36692841138591292 0.42475288916287851
0.056501008356496706 0.34169755679010344 0.48674547838924226
0.06528078356161636 0.3637948875360415 0.55199413487895554
0.059530705089179736 0.35410460701247959 0.64362434724766016
0.05884264102205819 0.34603992000643241 0.70933912078422168
0.04902824036302502 0.40238401200692553 0.74847929018141457
0.068445855596215202 0.36845414410831906 0.82888654108414672
0.05648330319212308 0.36391759044951427 0.89555446990559118
0.062433162520626334 0.37053857190314859 0.95445082537269932
0.063366362956091687 0.37051197274162534 1
0.063313590165139738 0.43846658946292277 0
0.043712634362986127 0.44092110276480762 0.056620563834615736
0.060722322389393381 0.41473618198299872 0.13713047228793315
0.066262150365353406 0.44454608265639106 0.1992570680070386
0.055895834775549498 0.45928709179202482 0.25986190963237615
0.06386552206008346 0.46782793363208353 0.32879713694963197
0.0619826211706851 0.40814492507247435 0.35852884396620788
0.04908039651424248 0.4220554915151043 0.42442317811993907
0.057230975031343244 0.40403710139235582 0.49401121667537512
0.063171572439455689 0.44855540339760952 0.53685448044832595
0.056746425185074972 0.41618768359685449 0.60825894357258448
0.064800874019427732 0.41350384786002331 0.67570314876041349
0.09791155488961982 0.44016454486233109 0.74473691887307558
0.067283352093025731 0.4265149009637148 0.81195008035076477
0.042611099257712053 0.43042735719405317 0.86445804602942167
0.051034282461069697 0.4403875865477867 0.93396811220371745
0.058180569647933639 0.43275562223883562 1
0.059554289902938734 0.49919676350941916 0
0.055855431289755328 0.51412558508723993 0.050383939638821283
0.059387537380967269 0.47809570108906685 0.1326593317413825
0.059163656556138478 0.51909400569958297 0.1995216463468984
0.051118103735737247 0.52810447308053077 0.27730016457262857
0.063600270561511046 0.52449927938477292 0.33992798705493904
0.056873888776144174 0.48195844089400569 0.39837598822464548
0.06877677908601007 0.46870512920437229 0.467223060693362
0.060279685039830083 0.51769181914325502 0.52390788062981275
0.060585469857485579 0.48761565831176468 0.59011700700274861
0.061002707112053731 0.471252598661619 0.64945732101205977
0.055076980456012038 0.47260108504997211 0.71901448962868808
0.053971745964596467 0.47923209895404417 0.77759215427083317
0.063602248089215968 0.50363669227953478 0.83253387706959758
0.051478817167863393 0.49821099047629075 0.89257378209245419
0.085274133011981126 0.49317701291378313 0.94873004182217613
0.060679562566774828 0.49587216362322972 1
0.067313068117756808 0.56124490573760744 0
0.047357382829376828 0.5820126537877941 0.062903142767319578
0.055134235720754779 0.54191446058058934 0.12099383767005809
0.05667906727066066 0.59100236367712233 0.17505076278904216
0.076302298594748075 0.56677369849718462 0.24140406080494833
0.059687242299131651 0.58942380707477182 0.32864488119375351
0.058153415091632209 0.5536413442445135 0.39891833466895371
0.054421304475589238 0.52945302855708776 0.46252175380312427
0.056834791959845476 0.58613774359442861 0.52127694906638877
0.06052776763061269 0.55052227307198121 0.57388875963962649
0.055764682978481341 0.55830719915281968 0.62801963227504121
0.052791222038635663 0.53732417622599127 0.6901781149465942
0.070338448115106533 0.54248066756882785 0.75646287564355019
0.040995320436878632 0.56184791676050561 0.79460865412948134
0.059966027006040722 0.57585407610073391 0.86725138075194041
0.047346251421823436 0.53995660103423226 0.93464854877450654
0.063592235065053127 0.56297540645481392 1
0.060307450304009705 0.61876600954200134 0
0.04778113612192228 0.65529397051812988 0.064317638766951901
0.056977306174318863 0.62460796612906255 0.12019050319932319
0.052742517981964221 0.64917031880551246 0.18717503561271381
0.046839517512512648 0.60695134704557663 0.25282112166764636
0.061687339452462783 0.6486534574427979 0.31671657113448071
0.068418719616958362 0.62769346289357841 0.39216048943181331
0.048539667073405977 0.5989490595030138 0.45378071836783046
0.088523088295544811 0.62293219953630907 0.49074849234929968
0.053317765948175916 0.61634989534619367 0.59328213443620526
0.10174553332256074 0.62464901572238773 0.63149686410417039
0.059146846898542466 0.60166687000850039 0.66846950038564146
0.065086264043583003 0.60724690862567399 0.73484131438035738
0.074880426140344264 0.62331618714788162 0.80175489236014286
0.053491331433347875 0.6509134629029556 0.87442144555652757
0.054925825128899437 0.60601251018043667 0.93632683174645348
0.056047248615616191 0.62425282987174824 1
0.06194545403631975 0.68128950052754766 0
0.051039225330952655 0.71036076654674996 0.064704393866604565
0.062906540822691592 0.69080305286090404 0.14051919995768669
0.088597131925806843 0.70384078792162563 0.19989684545763658
0.064469649011348981 0.6741317577455237 0.25317795587705599
0.06370910258419929 0.71246808503050885 0.3042049329479185
0.045407015832332205 0.68802865338763797 0.38478413840064357
0.066136369373845774 0.67278774563311783 0.45425577652655713
0.055721408251117564 0.65452427524044987 0.53257448021480314
0.047706019889995128 0.70079521724829941 0.58425780040490505
0.059232815688748525 0.66517634770024614 0.64213708398834868
0.064274432773236648 0.67160140200342178 0.70483193607435179
0.04476831984054884 0.68226194815880981 0.76875219897923863
0.058932484288561258 0.6838899317586139 0.80803012274748853
0.060803498392739547 0.71328842683463511 0.88019673632553008
0.042990161165680565 0.68670416395002776 0.94899210192913996
0.062269442087190353 0.68719765703532698 1
0.061748649109147402 0.7421496612274826 0
0.067971345957736823 0.77364632742738848 0.048563896716231271
0.066524574353925545 0.74321469332341294 0.10817363068976353
0.054042960968215821 0.75758601392826652 0.17001722461259372
0.05205068088138462 0.75361500959429661 0.23606487486556213
0.068643223849269505 0.77546063049980252 0.30404087577380945
0.053549595613964898 0.7558965941485708 0.3624139994192967
0.049295007168372887 0.73198224247364474 0.44251958520081169
0.062521707037981711 0.72136749540253686 0.519414622278769
0.061209028883742751 0.76959779266941974 0.58079166154797013
0.063020910297394872 0.72872678897581589 0.64659204122623803
0.0477351844859508 0.74971743358894494 0.71839576859051391
0.080574001534296641 0.72595754829492964 0.75857633842284744
0.059184971231256281 0.76908227835702925 0.78885009144666518
0.060317778083645204 0.77246613498238736 0.84941938778157999
0.068384696714694757 0.75501963079383283 0.91836080720784019
0.058005778998718657 0.7486623626837916 1
0.063674721281446175 0.81032493683320728 0
0.067309173690992222 0.83712778735511362 0.05244920235969628
0.056678265304980192 0.7998181631505823 0.11308225833305612
0.057223962776697966 0.82519152632567361 0.19039387971945237
0.086739706207875855 0.82263711540098827 0.24784436596288728
0.049437528803808493 0.82784284879101611 0.28907630432437126
0.057471161841377141 0.83468067074053387 0.35516518222901533
0.064223038405222005 0.7924223001548325 0.42228639508379506
0.061830432098915776 0.78810045397219897 0.4995914614901672
0.059584245358423535 0.82625265561002992 0.56699412124380566
0.06038555817826087 0.82529212946666264 0.63153390755484518
0.06363889110585487 0.79491918964449138 0.68254543345209662
0.054915924998341629 0.8269726484269474 0.76863590239397572
0.056730172079954018 0.8321675216705865 0.83712751429588628
0.044185480931289024 0.82396241425589734 0.90357341809996172
0.063457841221411904 0.80870229975519237 0.96646324972911224
0.066083041795431618 0.80919605897792635 1
0.057815438749529623 0.87623807273338028 0
0.07369099847758627 0.89427222526384442 0.062897814223348988
0.042749893174226457 0.85897372609822054 0.12117694137012427
0.07041403293822078 0.89184824798467011 0.19785853126526914
0.058162298341465565 0.87770909108023498 0.25365386134169382
0.047435020194601336 0.90124393656721369 0.31531466023388965
0.062913079331484698 0.89666665144103086 0.38533387824729531
0.058424871961643476 0.84924583455851654 0.43991831966778844
0.084105671443137409 0.89204770285739909 0.49133524392940142
0.056722374308224716 0.86010595516199662 0.52401523477392009
0.058767713804676824 0.89472372211188089 0.59470748524226025
0.059027367658068229 0.88197239483763701 0.67007258432230055
0.061820486653301164 0.85409591850168454 0.71953816791472414
0.074278003454007493 0.87855086301804508 0.80504096953796345
0.053225215206854831 0.88520193617568954 0.88069540490174525
0.061239631545587862 0.89685491425656028 0.94756075424841313
0.062639762164876114 0.87113676656724714 1
0.064394650171800349 0.93722848348726295 0
0.052778766824513393 0.94224331885064139 0.080096178846485747
0.059565477060198962 0.91467806509711558 0.13988010057428737
0.06760457950362439 0.95592959189784654 0.17746627563564929
0.041852627257284288 0.94841378540955545 0.24944216884341067
0.082336205190749537 0.94512055352627344 0.32291944702841635
0.050204726360374541 0.95487407918593881 0.37983297115474318
0.047436529260034339 0.93042410006122911 0.45627675496881825
0.044929245672947843 0.93323597163012251 0.53052467316768248
0.058883741514966635 0.95951465547297565 0.59205354785575104
0.041099780160737356 0.9416840340593341 0.64954919059138994
0.065735455333998091 0.9538991501728129 0.71168006560865216
0.050288961747633316 0.91087974905515257 0.74932017831015174
0.050132409492831854 0.94475545230472957 0.8212152974015815
0.058755922231957164 0.95072794117986781 0.89765867695654433
0.061770390517458952 0.96001696624847921 0.96109802220803664
0.058491777232832352 0.93388092342118711 1
0.063517409226583429 1 0
0.060924003987728612 1 0.061457603855391334
0.063006967813104761 1 0.12430540325409695
0.063740684476869688 1 0.18655583471663173
0.062194392545316078 1 0.24936526173289597
0.060452458189601786 1 0.31214405399107531
0.06092750380192688 1 0.37393835279004412
0.063697966516233134 1 0.43639063696444541
0.062816037722511542 1 0.49889788600544605
0.062161255164032272 1 0.56349181932223535
0.064889343650573097 1 0.62570012533797481
0.064771645801067618 1 0.6897904340479607
0.065707670269846447 1 0.75534159151744928
0.056695930445088465 1 0.81645870269857479
0.063598359942614341 1 0.87552756001765653
0.066214525113111031 1 0.9389086265204224
0.063659721426763363 1 1
0.12479867335510351 0 0
0.12611839108698811 0 0.065450656242708807
0.12617665754891005 0 0.12973900470706748
0.12470174543958572 0 0.19260235285517066
0.11807540484525088 0 0.25100422826839475
0.12053662470923172 0 0.30938578369460196
0.13095633665220319 0 0.36801600551039026
0.1208094890124459 0 0.42937106557412841
0.12042267917805717 0 0.49706993819233153
0.12355710632052007 0 0.56634601714709731
0.12456000878756786 0 0.63139310293063255
0.12870994806990194 0 0.6914711467118414
0.12083232944658047 0 0.75266107949760352
0.12120772895110984 0 0.81356069237590323
0.12849693507157831 0 0.87627313478720736
0.12562913347786164 0 0.9380789717730722
0.11964520544504219 0 1
0.119103477526787 0.062876511387009407 0
0.15242792048325912 0.068131872900421331 0.049793313872347117
0.12005336505740406 0.068049125646173825 0.10563777958741832
0.14714277921216448 0.062489340250092944 0.16676824491955927
0.11898458191937129 0.048806035839329243 0.23024266881960567
0.14339966104238078 0.055548793184882081 0.31134070876933889
0.10509013347646062 0.056422917347509385 0.39007158547119886
0.1299538595362689 0.054141988798762614 0.45564545052415406
0.099354346743774191 0.059757110892222777 0.52383990338015396
0.13408741932503326 0.054422544068359238 0.58354969444413229
0.10326529017059571 0.062987455817435145 0.64648179323840327
0.10175746696697958 0.059374976634769684 0.71637287494412294
0.107101650685247 0.053713544513585926 0.78007108756867283
0.13042190396080366 0.056443779449376938 0.84830126125701888
0.10209729678158051 0.059916976445449487 0.89735009242715569
0.1533598367254051 0.069396203716729041 0.92778118502755036
0.1201628462775671 0.062399948799320197 1
0.12904193149498186 0.12230111852142536 0
0.11603731160284747 0.13630969109208824 0.0736503807795022
0.11336223279593591 0.12844926771465409 0.14132238038116596
0.11419202986626575 0.11297767085119782 0.20813197054310359
0.12231338179361649 0.11048896223082805 0.27333680854007281
0.12514629074384018 0.11087953672994046 0.34146456640815936
0.12634878913536624 0.11799797306419989 0.40657328896245021
0.098558130145804682 0.10841861122805663 0.45478719398697148
0.13086440825775861 0.11616419747902783 0.51549853627524311
0.10250486000846289 0.10885885575888324 0.58430696236863455
0.11574470793952468 0.13668808046671638 0.63441339960162191
0.14217409816659987 0.11547574605303296 0.69394975710448903
0.11641509745584926 0.12407535143860068 0.75045234439199449
0.13440933684799533 0.10934714354865814 0.80911366136529084
0.13143454840416191 0.13536296951792873 0.88116756580898037
0.10003858775769152 0.12389625572720263 0.94171443357525353
0.13661345027955385 0.12553155866227167 1
0.12453136230308229 0.18212652868474372 0
0.14023332617690176 0.20582303989058753 0.056332198061631637
0.10753523036946491 0.20651043364504687 0.11655193011054181
0.11791577859569702 0.18722530262976822 0.18010072914450265
0.13526405248744289 0.17419616890977221 0.24467032307388401
0.11230983725444885 0.17589467533757469 0.31324033997020612
0.12401217718141591 0.1827353337753399 0.38521754215122339
0.13654082319394659 0.17014788908709136 0.45460963857055636
0.095419767762167693 0.17348172195036449 0.4998334070845098
0.12827250872720658 0.17730552372593303 0.56108694357718858
0.13729857925164324 0.20594454961067252 0.63996235727464279
0.11210336238109328 0.1756154016941178 0.69774344188401083
0.11877080495661717 0.2040382600883692 0.75641021719084145
0.10547392769768683 0.16470713706564286 0.81413707994917073
0.12429195692601563 0.20620596833884888 0.87244816875974285
0.13298274039368718 0.17949964921347328 0.93629034901742503
0.11957740480008519 0.1893674200177331 1
0.12608404234529155 0.24797852162333711 0
0.10760337920007484 0.2693703700083836 0.058974383630429131
0.14772103815258797 0.26096382540894902 0.11001954104186673
0.10732623204596935 0.26468029573603669 0.16588110290710648
0.12431624249249358 0.25001297872778544 0.22397744675973538
0.13128176293647142 0.23826526938706832 0.28541402104787605
0.11675040062375942 0.24433296519031392 0.35345263306314617
0.12034543738633649 0.22512907623413175 0.43677534200532608
0.11870279645779716 0.24344564718460832 0.50530342676116879
0.14390672731693929 0.23926472801621482 0.57651499324069821
0.10589098856655996 0.26162155673698628 0.62177139981305118
0.13926815369381659 0.25111081390178014 0.69667639866830244
0.12589298830822848 0.26421566639250238 0.75578982403267281
0.12756277017961545 0.23829076208382552 0.81461537287429353
0.10303201716810038 0.27127486798015443 0.86217313473113655
0.10606867642472809 0.23724301243677251 0.92805603669350678
0.13072201033419512 0.2547536711222485 1
0.122421929526716 0.31188406824919829 0
0.14740791643901208 0.31744767197254148 0.049841297235783483
0.12936328185935494 0.33730104984757547 0.094930437548135252
0.125117652519115 0.32378802289630554 0.15887967075812717
0.11443405594033236 0.3171181081727325 0.23784873587299293
0.11954124789413478 0.29901514716807492 0.31389900845790514
0.10016130091788536 0.31292680324031175 0.38402391742460928
0.13180610626272291 0.28158568013349194 0.4272259878116324
0.13720808697346945 0.31097878505657373 0.49208794090870189
0.10978155048978397 0.30008227586178138 0.55493434876535463
0.11172326136012861 0.30975873116412744 0.66905918572236189
0.16245957932004704 0.32619377527002902 0.68211629460602341
0.12635854508925995 0.31556374371158646 0.73390833990891557
0.10846715165660425 0.31738121643556333 0.80101891401314351
0.12977542546260659 0.33442058537863822 0.87081818097874875
0.11615752525372709 0.30181642259296138 0.94132716830231555
0.12246492755828144 0.31909282122611737 1
0.12519324835840792 0.37428296787459825 0
0.10138106287437779 0.37571821690192442 0.046063658650654919
0.12797218236969277 0.39196186289251961 0.12455820934589797
0.15024360115062135 0.36619411820090975 0.19975937435253269
0.10029199065968759 0.39073637996844235 0.24793715669874883
0.12083397735380207 0.35648569622874243 0.31239323568521005
0.12903558643637955 0.38224247480222506 0.38036586534204664
0.13342061942763372 0.35144802375930639 0.43866317672879418
0.10305803974987122 0.37119961966234799 0.51172010640952958
0.1372765806463907 0.36630907761338372 0.5632221651443845
0.12921868857099864 0.37845373092847551 0.62788025684680071
0.11661462948886478 0.37977012203386923 0.7011028796090375
0.10509745304155357 0.37914233646953355 0.76627106522141952
0.14276302470010785 0.38329710894374974 0.81936617074485563
0.10276785870732012 0.40230263521737059 0.88003213332455077
0.12753713144890516 0.36403570688642028 0.9341783269002164
0.12435119816111334 0.38081386053827171 1
0.12984826232422969 0.43442806332039519 0
0.10289338134686844 0.44131851142307094 0.064978337701564262
0.12939125180893055 0.45759905304941639 0.13548099023420537
0.11477555283585142 0.4193302388722816 0.18401419741333352
0.1385733692838324 0.43697183737475009 0.24170992994130874
0.11888980076256081 0.42761432405003702 0.31255696979485076
0.11261675125290978 0.44582495425796997 0.39674303238079911
0.1217608102113847 0.41783688573975281 0.45814842225025987
0.13097973525368337 0.43905350724513342 0.51884562794940292
0.10800718504664301 0.4324461672957492 0.58428775625321328
0.13000404321589276 0.43308133294353918 0.64540511001504552
0.13612727687149706 0.45439068112959796 0.69923878687545149
0.16002232594669322 0.42870523101085917 0.7525927905250227
0.1200059468972942 0.44684962165505604 0.80862716241978827
0.10285721836415611 0.46396005154421022 0.87977559457745758
0.11578855988704442 0.42710911253351824 0.94478520983847036
0.12317701784300036 0.44401021851047412 1
0.11931911956823273 0.49720680538766698 0
0.10542445484956933 0.49287317530788149 0.083087478501462239
0.1186638789085462 0.52483077669246525 0.13737259361821408
0.12745551397530588 0.49384295816482898 0.19663296659166607
0.10391695230769465 0.49652131247105075 0.25904606546451608
0.14147456993477919 0.4941968176438391 0.29694444097681894
0.118802073153467 0.49770023096579058 0.35765034356288267
0.11502940780599386 0.5096228130689473 0.42115997641894815
0.12330944358792859 0.5023115420165799 0.50189145398751145
0.12876850832156386 0.49959573282712294 0.56680707550111253
0.11087971957347476 0.49955709495438155 0.64175887351350647
0.10418157413009366 0.49996735718885188 0.69686423634657879
0.12056667647823398 0.50652128738001134 0.76170407673605278
0.14220418095629983 0.49181734183690401 0.83122920782016674
0.11774615109835816 0.52924194926961377 0.88590741349120938
0.1466022799128448 0.49894926883667973 0.93620054425443111
0.12143911541342892 0.50583461657724327 1
0.13064454733426545 0.56265703489175156 0
0.11537474299942872 0.55066964372315652 0.064282285254925214
0.10254598930238439 0.58836581153042933 0.11266841658290566
0.11283030735433845 0.56206104038017835 0.17860172587963055
0.13244170608598907 0.55647003123393257 0.24110306707956033
0.11119166103091864 0.55482140283892556 0.30787219555015588
0.11407551124545059 0.57155456235451929 0.38148993094916372
0.1096026564467202 0.55235674545906077 0.46470159216244156
0.11748962485186443 0.55906796581592355 0.52552543104404925
0.11449331509783844 0.56284947668571617 0.59474710238342776
0.12698328622699614 0.56446458827368806 0.65882966561802492
0.11182339030354378 0.56005989114171317 0.71402569735642696
0.13393499825505847 0.57846450351936951 0.764614413591301
0.10297989264330605 0.5589248012104352 0.82032743496072569
0.14441903634113235 0.58408076619563309 0.87921152460711838
0.10356931275746838 0.56550450908693539 0.94136749430036581
0.11907478471890857 0.56079870070114679 1
0.11954423800964212 0.62996758139014775 0
0.094631307046355986 0.6182052415793382 0.050287053851137124
0.121028378950162 0.63007386342200966 0.15251143096995695
0.11293849920352714 0.62510932777865802 0.21697680900004265
0.11519287889479982 0.616500911073108 0.27930806362569977
0.12680351509418086 0.61970496210190851 0.34343498328215982
0.14588591318389652 0.63108970962518407 0.40654851839738049
0.10501947911998259 0.60735422920426607 0.43381928410439902
0.14718860571572298 0.60728347243924607 0.48278302563158676
0.12022072968785152 0.61915960864145547 0.55281684339536896
0.1539722057993419 0.62214031091098876 0.61141148446728044
0.13028539988399526 0.62390397981264334 0.69230058173605746
0.14694356051497137 0.63737065522180314 0.75065693617429496
0.14621721101063154 0.61868018752155662 0.81616122672944147
0.10403819223706001 0.6214492280046956 0.87706826035946073
0.13595348889060466 0.62474383269011247 0.93869857629297193
0.12524900838994946 0.62501247971282159 1
0.12680782363426141 0.69491368237569151 0
0.11069229445192946 0.69234066606527589 0.045119756651969725
0.11466629028676323 0.66946001738048699 0.10103779302389118
0.14269550106056486 0.68024438455854219 0.17021805324836917
0.13639896224070097 0.68405327863293108 0.2434725119914298
0.13667512473984997 0.67401077729202941 0.30040008785567651
0.10120183349802592 0.68100740407992921 0.36821095202091469
0.13507068855646301 0.67444463690839973 0.44356376577088125
0.113760393959162 0.68639844925917548 0.5136056708053065
0.10238791323816801 0.67848376154191814 0.57939084507593297
0.14025856733453826 0.70074227512576592 0.61924663967506088
0.12764456277921876 0.67772056137692493 0.67461809073725032
0.11230868206868802 0.67508072396572472 0.76007868928735356
0.11965879711536538 0.67164165429021316 0.83580793401704867
0.12437848360848595 0.69606576836520306 0.89416497311033816
0.091543886142948658 0.66901434898073353 0.93858743346842677
0.12650800643588012 0.68822431775926107 1
0.12620879802169105 0.75602567682769251 0
0.12246730020225391 0.73945825474868077 0.081648032132326312
0.12301154166933008 0.72938073369457102 0.14435106206555454
0.15504354175178267 0.73810890444109001 0.19404268905440056
0.11282791460688829 0.74488573953041237 0.26381105541372152
0.12023274473772193 0.7364156676711795 0.33528289730451677
0.11154613256499335 0.72952970376446458 0.4038184916101335
0.11043605092602798 0.73934045576462826 0.46838241914514434
0.12189128554786846 0.75193949707871721 0.52936435253879743
0.1176749784355359 0.73863602315862298 0.58476313224358967
0.11228831452150859 0.75452037152202422 0.64508099685872289
0.11183161849727388 0.73158287210002138 0.70606113509035484
0.13547605510890054 0.75201870998859854 0.76204395965320981
0.1155922595761235 0.73220932458033561 0.82226899679366539
0.13390265852874142 0.76231553935647189 0.87620761530626057
0.11557037713510367 0.73204430369341611 0.95044688041640379
0.11861433403289978 0.74830324429388517 1
0.12621012479292668 0.81680308397469659 0
0.12623367441167696 0.7993099805264039 0.073706908936254645
0.11659791017435217 0.7946949258912529 0.14506390337846259
0.11305662813944779 0.77926148084921687 0.20741468693821949
0.1455307002026959 0.81636908207850878 0.26067821995944407
0.12793691868821794 0.8090084652169226 0.3201253901892106
0.1125122720757824 0.79006673384033055 0.37243178357976969
0.13083226637696138 0.79936362762260649 0.4311238629674265
0.12268421258235221 0.82875247742634706 0.49348933555595431
0.13303008829099799 0.804032582638738 0.56129205225753342
0.11676720333398466 0.80790363327498793 0.62087789842017771
0.14202567774218833 0.78764551330070176 0.68943388553525398
0.10130879815820716 0.79938232583919666 0.73984378758818692
0.11929313354489317 0.81330917981021122 0.81093099227888843
0.097826288887641999 0.81269181149552527 0.88945159581863453
0.13389886823883668 0.79225548190624717 0.94750974031924673
0.13228528479959442 0.81605049533065344 1
0.11495631309698033 0.87652402501239435 0
0.14279674138458839 0.8528661455466624 0.058566662189410965
0.10463803321114486 0.8626279955355316 0.12543083156760748
0.13371392904469126 0.85265855063562934 0.18849155187555652
0.12539367114894348 0.88633040808316987 0.24609041530152606
0.10046126895011892 0.87595922038553686 0.30899645364915296
0.11857223334123057 0.85196626804012354 0.37886722025699926
0.11591488946812943 0.88218334576720248 0.43042109439707843
0.13850579172958521 0.89672110157226881 0.48874533581542834
0.11088763903782214 0.86429296744604345 0.56493690960798937
0.12456022994994771 0.88464591204009912 0.62996304887593713
0.12012283055551216 0.84395369817322718 0.68497927212518139
0.12269813925092514 0.86936346575502554 0.75296666417912206
0.12665991065164292 0.9039311109589615 0.81123337714980837
0.12754993878619789 0.85954047558899538 0.86166700314373068
0.10426405449374009 0.85819235671672534 0.93874940650102867
0.12280809866131039 0.87066915756925112 1
0.13164967417846357 0.93832107896306205 0
0.13120792693386599 0.91855174982475951 0.061030031337935144
0.099814547092961239 0.93556819900138188 0.11700457299774977
0.1324305026826218 0.92818905638260008 0.18237371277915673
0.098535163019566663 0.94408377761476525 0.25033504422669961
0.1465988791495417 0.93846833694151455 0.29115587892215833
0.12514966316164697 0.92530795311266656 0.36549015142397645
0.10714381309434044 0.94486232123437819 0.43225505891182553
0.097466984428861037 0.95609688440836671 0.49831872118965787
0.10699439617028711 0.92812217651608775 0.55882280593540201
0.10167555233606292 0.94422223630215762 0.64088586912988943
0.11425026291222823 0.91718969869873612 0.70301863327194347
0.10355492859256432 0.94304809277423596 0.77453719939554633
0.11522599626708267 0.95836964025264337 0.8448959196560345
0.10595979954249271 0.90484960381413948 0.87780491304636266
0.11469236220685948 0.93861067153907463 0.92355584652158995
0.1198514857225717 0.93315405180431665 1
0.12278133708999539 1 0
0.12348793264777518 1 0.061383983456308445
0.12228626239653367 1 0.12498048977403715
0.12734800882595354 1 0.18829928442189106
0.12602095658618134 1 0.25155599321517158
0.11975496781378082 1 0.3167581723565227
0.12389409651863866 1 0.38084308996861582
0.12621659400550375 1 0.4402646840160056
0.12587247633453949 1 0.49840380647132809
0.12366409951504317 1 0.55806966074288944
0.13054963986754611 1 0.62323009491715242
0.13015214117798013 1 0.68757942456091425
0.13130396897735094 1 0.75060328312372393
0.11970942455511779 1 0.81300578105413968
0.12600519790180881 1 0.87361848893082816
0.12935178154390803 1 0.93837793649204326
0.12809091652465893 1 1
0.18778610489068551 0 0
0.18670296694668093 0 0.061833832542605272
0.18820417395146843 0 0.12454553121899804
0.18741555409020513 0 0.18793678734943867
0.1847555038432015 0 0.25352447382117316
0.18207257290584225 0 0.31837280379071053
0.19909065171205709 0 0.37884081974482531
0.18257085944473284 0 0.43821767868923733
0.18465696459624706 0 0.49688405392612878
0.18374115398102633 0 0.55530901891884454
0.18544106953521555 0 0.61909904841786134
0.19287478618867077 0 0.68409912747310164
0.1810613701886247 0 0.74958273271147724
0.18165819870145905 0 0.8145466817737228
0.19444422454975818 0 0.87496467094845187
0.18729011912644311 0 0.93789682052870216
0.18257508500343692 0 1
0.1851684490998087 0.060895596198099471 0
0.21278781002575103 0.064818785959660397 0.047418174955006172
0.19131344921183177 0.044173134296191692 0.10517295043920288
0.20994898631866565 0.06588155081348486 0.17124635318258621
0.18071281079034296 0.075364200669491094 0.24290748421638811
0.20455389179160086 0.051968847724882042 0.30957034076886775
0.17043838063045133 0.053716242984292249 0.38819069116391203
0.2059114709201009 0.059425143417283312 0.460857249033642
0.1663867936109063 0.060597105305607857 0.51954685509188836
0.20620740578368169 0.062163693710749653 0.58162054815790243
0.1633548933198834 0.080138909979095188 0.62976602643236879
0.16513985163977662 0.050126073432138207 0.6799090566179693
0.16205466400144383 0.064655183143310896 0.74171305160374135
0.18152551709698539 0.05706727155214375 0.80203809103513601
0.2207476018715494 0.051020112603001315 0.8636547724287541
0.19200296832432828 0.036436509195243168 0.94778445422036839
0.18309198221171108 0.063801890358188382 1
0.18728611005534679 0.11871617944184491 0
0.17961858774996281 0.14283930265404829 0.055717898709119584
0.18375181592038853 0.10197547724019622 0.1096973008809579
0.17359509418002081 0.12840781823244651 0.1761090944342677
0.19090175967092268 0.13561832160061557 0.22929448281806045
0.17777956614052781 0.12554664878988217 0.30430777004508242
0.19599509210093075 0.098427320706355195 0.37394720183517294
0.17002777845508518 0.11104983209906827 0.45168864199115705
0.21033869535457603 0.11468906627120753 0.51121202812940769
0.17072874218816317 0.12282901406631315 0.57283713376223766
0.17101409491671088 0.14732314086501405 0.64962147085088717
0.20052139497534324 0.11992169506629924 0.68938441813418205
0.20111809708540823 0.11061713580267615 0.75424402987339945
0.21249469500114701 0.12191485611498125 0.81593808445341742
0.1739297446589195 0.10467953217421425 0.8698843164912865
0.18435367172063397 0.13774469613082957 0.94263868076683088
0.1990458227925041 0.1246648244767939 1
0.188377530949457 0.18238917360243281 0
0.19879275740987562 0.20149672226443963 0.077563060433974179
0.17016214137456206 0.17548992030834021 0.12415960496948997
0.18314153641791847 0.19650910966583873 0.2046364422820009
0.18962163349423927 0.18948491091612443 0.27996234260499669
0.1701271085290543 0.1908156413701915 0.33767466650547995
0.18222076742324148 0.15283468913984949 0.38574653656435159
0.19234666751465132 0.19005979272718546 0.43922114150041724
0.17009880368478902 0.17226048587992909 0.50177590040779485
0.20180319979248526 0.17779625803660792 0.55629478781131636
0.18572961544904157 0.18803970446262591 0.61063376328532404
0.1855479144720513 0.19735894739343332 0.69077528525839371
0.17396400925014174 0.16163135672133819 0.75429330879016254
0.16211530404458635 0.1732370975996132 0.82189943546453181
0.19555912869830977 0.17388980907247312 0.881368644780397
0.18423009531538889 0.21621873224225543 0.92250365006626522
0.18109410405875367 0.18779660326479733 1
0.18935118802192463 0.24423935250146248 0
0.19431690580411068 0.26524477665077828 0.054756104780598891
0.21007972048288853 0.23564353604359595 0.13815096168657656
0.16449837420440377 0.23555643714793706 0.16855710826467379
0.18521491460823872 0.2451180768867201 0.24022838978646266
0.18541064473526991 0.25835415764859881 0.32641189210463578
0.17516315390058051 0.24313987327799655 0.39249070261702734
0.17906675188547466 0.2444356982688784 0.46889115451788138
0.17901019613212427 0.2411167952006642 0.52240198521236736
0.21168148546750784 0.24840780930514861 0.56884213357579994
0.18420547581670821 0.25890912712670244 0.6418317854488601
0.2046271113527173 0.26389409188484747 0.70781756970079246
0.18751877921671614 0.22869556826176807 0.76849733314068913
0.18649781378790317 0.23755294513329811 0.8432575997424977
0.16099362456092239 0.2725495381511393 0.88897861454999483
0.15765826169829078 0.25451584916623227 0.95684885249081819
0.19857663786730292 0.24648717260306727 1
0.17783903982664276 0.31052681020251804 0
0.20413555719450649 0.33120105295493268 0.062428458231030624
0.19793493315059163 0.29634454777204827 0.11805958742033984
0.17936839552657446 0.29441353483784688 0.18786816465661907
0.17003209698640279 0.30586537727285423 0.25770694009246337
0.19310032012551512 0.32214765146449476 0.30809758251172437
0.15820003425785484 0.31545454142959922 0.37170751890526377
0.19351581244283259 0.30713865678587837 0.43714614172826249
0.20854107881891931 0.31477948565337566 0.50100219337103846
0.16642938798906681 0.30394298450132556 0.54454296784840728
0.16531277261171617 0.30954046704013699 0.60809597509218449
0.21097130078161414 0.32617329140762297 0.67925813740520913
0.20106532895630827 0.30372084092143098 0.75381279588851369
0.16217670882063229 0.30221863333131938 0.81308316986441243
0.20692210896140897 0.31771415330428648 0.87458887234052973
0.18098740302643243 0.32631067297264016 0.9374370575388179
0.18059800323875616 0.30582645030900962 1
0.18781156981324154 0.37483221864909405 0
0.16843460821386927 0.39235532102849818 0.062311134710605183
0.19347234216474893 0.36134483796790945 0.13344979792179318
0.2093015717039505 0.35300789804306065 0.20340854529272243
0.16168240970622488 0.37670916198933346 0.26575374448281319
0.18618328680717156 0.38157677833027287 0.33301968863968884
0.20274141975830226 0.36971607103396048 0.39871333057881325
0.19591759049733828 0.37358399270516929 0.46165865522509131
0.16656159836528617 0.37652017000406091 0.50822348726113875
0.20473915951539853 0.37102370620310643 0.55457323906849365
0.19826998649999911 0.36093638507960363 0.62134201470677353
0.18304554650065169 0.39077548784551941 0.68818789119537715
0.17151804430571657 0.35613752169746066 0.75505687920042253
0.20125819955413993 0.3652416729807974 0.82345171328497557
0.18611543649969564 0.38107044749877172 0.88218465757276099
0.18427604947809043 0.40189044283611619 0.94966825649100695
0.18700092868080939 0.36735818876712667 1
0.19412400246097691 0.43762932379028496 0
0.16900559849223545 0.45118029750506033 0.07272786191746175
0.20374423472591585 0.43108487189614458 0.1221139692458048
0.17714600288685076 0.42614529056717076 0.17917924836486962
0.21371894404675776 0.41134159422794098 0.23332717895218835
0.19205930542595967 0.43757770667870916 0.2911697708100604
0.16392616340952995 0.44011732292888256 0.35482992736503838
0.17956604899111148 0.42834628751169135 0.42276581424207332
0.19686942786891617 0.43237631285176575 0.49290584834861079
0.16990099224169619 0.42938795224971127 0.57125875701199169
0.20555138217241578 0.4278138652204781 0.61982514728349025
0.2009416609107742 0.44950330998239041 0.6899170667052259
0.21639783382218508 0.40485948812352357 0.76151970687605008
0.18751525908666392 0.44104087501615413 0.81553673798475268
0.1573898336550402 0.43367666259003218 0.88630694697101287
0.19067821499906493 0.45955922449734915 0.95267136638029615
0.2003593184744277 0.42948266013989861 1
0.18045771517486095 0.50102889042283127 0
0.15492888730058885 0.49883519346254079 0.042785646983734049
0.17245534169399632 0.50844220152277764 0.10396503799885633
0.18721648115718714 0.50640918292301218 0.1654070138076062
0.19070509779624994 0.47657823806788718 0.23333668854428571
0.19943472731595974 0.49182698833711164 0.3209273594066096
0.18481687083197068 0.498742620531757 0.39130743318071098
0.15876712590853648 0.48711784849155354 0.4578761431564532
0.19675669842094906 0.4897715359686593 0.52039338994400819
0.20260978038925223 0.49985803483907137 0.58510052978299021
0.16726798569956575 0.47792587023175459 0.62999642197774786
0.17686477364430067 0.51235211740883591 0.69221198039056964
0.17340478141690893 0.49990726698421289 0.76354065396315485
0.16381395699300497 0.54400717895936557 0.82496622931704922
0.18562569920823074 0.48700621304281444 0.87879433511667326
0.21207875427981981 0.51100092786560192 0.93657722709109625
0.18391086125009154 0.49553298303350896 1
0.19461780569245826 0.56075157947107201 0
0.1926258047880163 0.55397801927903878 0.061996520306161776
0.16841600729615269 0.57845685993680906 0.12463640689531211
0.17284501991427348 0.57324124513383867 0.19018257981558853
0.18674034158519193 0.53119590002376404 0.24396801626124034
0.17411953168604236 0.56687286198608056 0.29886920691757596
0.16309405968281782 0.55072289367839544 0.35666338438972894
0.16939938619518793 0.56104091173931847 0.42766347158454049
0.19049059111924713 0.55550590782777631 0.49047097446003796
0.17466466603945965 0.56000998439546024 0.55406518892925349
0.17924596211840238 0.54778584199046298 0.62425511264786326
0.17841841046235241 0.56941250797324094 0.7155539796491539
0.20359332277578068 0.56610447337380343 0.7848751825420357
0.2076438782916841 0.59261821280883442 0.84134344460969401
0.20062236382038598 0.54491814577204678 0.88221018482709634
0.17144483660312959 0.56106539100055197 0.94581174095152931
0.19683830869530419 0.5597087370962508 1
0.17857673260932141 0.61103201976575794 0
0.15135319568204633 0.61268381912510128 0.067548072789176128
0.19390285581801575 0.64097765088504832 0.12589169964702501
0.17872787931055284 0.64781610802407064 0.20130244151934462
0.18524528809269733 0.61523334997773471 0.25393589630324143
0.18479895066695651 0.6177241289508737 0.32502707077147469
0.19507054032369828 0.62061872391501294 0.38619887017121413
0.1981990031637384 0.62545797940406722 0.45424718187159641
0.18212334025550928 0.6370114073339499 0.51425338019477762
0.20679752686271399 0.61346922819298111 0.56442539135974346
0.20145625370875325 0.60567740724568597 0.64872571666984313
0.20699230628276355 0.62947799563939411 0.70167485790837492
0.19963647305649468 0.62341686145083564 0.76728601534811958
0.19706010351063624 0.65483296906084609 0.82207719958808501
0.17164928368832383 0.64851182071639468 0.8784355992841465
0.20072888449295484 0.61031872301248113 0.91271306231297489
0.18721698403320536 0.62312606833895434 1
0.19003508910973435 0.68181022030198191 0
0.16188180246301281 0.66476636518295762 0.057648373594689203
0.17717722989209608 0.70604427722850349 0.10613122540158039
0.20272595615520095 0.70689047780549141 0.16281096309999099
0.19610749118827139 0.69097686484954191 0.24060022304457931
0.21064705867959219 0.67084479936626606 0.30844915060955247
0.16912318474757168 0.69217173048717573 0.3637815194097368
0.20491968480440101 0.67723248046318896 0.42474074473648393
0.18498210940423448 0.70325508121573832 0.48933870127019163
0.17146273547109761 0.68669242138713427 0.5596346328115761
0.1898169791402026 0.66235442639465647 0.63908399340760702
0.17480666336112333 0.69064421676805865 0.71832040501900363
0.22344192989326087 0.68706884268003598 0.75448614441115325
0.17164758710112132 0.69884968482473409 0.79068245621429278
0.1859276874033795 0.71012176689352213 0.86471544027489644
0.1648716219087791 0.67982593626860888 0.94535823765136318
0.19150246854149172 0.68775601568254252 1
0.18860407918306199 0.74460396174986321 0
0.16688275277769415 0.74623811356656222 0.04872542598870095
0.18375478174520901 0.77063784192893781 0.12257216403842587
0.21794649291859725 0.75292541910238997 0.19670361490587376
0.18281349579886827 0.75783592126705723 0.24884117563676975
0.16688538542695841 0.73989579465405286 0.30301814674361033
0.1831861381928126 0.76446726300132706 0.37472603231065099
0.17596110179879029 0.73331944823624318 0.43085654631004294
0.16406497274187654 0.75705786529655816 0.49358259568899487
0.18749902586429298 0.75204901278785119 0.56985276137759178
0.1843536681547874 0.77299094108855559 0.62220427249773524
0.17595330296507397 0.7277810010722533 0.67264224622999824
0.19544377703889429 0.75636605949696289 0.74116916844024194
0.17316092215677575 0.76825103804148298 0.80818821046021805
0.20532736779005153 0.77804038556517563 0.8757645539056671
0.184929132442542 0.74715101664378236 0.92884944989763041
0.18017330841231996 0.74954353089343362 1
0.19208017406575797 0.80853364649399229 0
0.2088924235371879 0.81010833651010461 0.055464630636362589
0.16802192012306225 0.83003704277649748 0.12056333002960384
0.18275510611519105 0.80521203230466487 0.18867973057247917
0.21009526804273088 0.81642227004783186 0.25596662324512426
0.19524469179170179 0.80545456272707916 0.31719620056681219
0.17967130578871063 0.83064466765056411 0.37385449279138955
0.18885417630385987 0.80580523618179645 0.45227654073607221
0.18326603356333043 0.80636045137533618 0.51747408395089256
0.2019915872131107 0.82559678117316471 0.56743091109265664
0.17142845344442267 0.83496133583712506 0.6232848091297658
0.19531758867828874 0.80810140449752654 0.68431630931328913
0.17314412490042405 0.82213910521649913 0.75142354657640997
0.19172153872724659 0.82312563008801998 0.83102575483952301
0.16286600681600982 0.81861925400200064 0.89392473215785917
0.20430703733426731 0.81588424685043226 0.94905577201565039
0.19858551694365023 0.81153380119912899 1
0.17407515202658191 0.87373761524530613 0
0.19699473257104555 0.88747759501207235 0.06984332556755446
0.17006499576439302 0.88892228910514948 0.12757817984171496
0.21002735453492466 0.85778946245059018 0.17380595152393061
0.18123717178954207 0.87672853172374732 0.24077040629876789
0.16434924846074825 0.87248112730783234 0.31302744050717457
0.18711556293397544 0.896121513122765 0.37264335774847684
0.17510737591239806 0.86186585429680895 0.4302487347721064
0.20312971560224052 0.87635303695675226 0.49116197069789186
0.16545804236338316 0.87789649478398413 0.5499319651852782
0.18906305504508836 0.89299415931503956 0.61220060340746929
0.17297541852346865 0.8750820184529392 0.68863213286709191
0.20357885895547395 0.88066485393763494 0.76081747599889349
0.1703390851987891 0.87757318194576772 0.80765601878865678
0.19661513395523789 0.87632190807981347 0.8844616990140608
0.15588376005086604 0.87881482733425154 0.94033988321629314
0.1794836859764849 0.87197293292560885 1
0.19437075687736388 0.93668485890123465 0
0.16282850589318884 0.95810053845253962 0.062154408809929507
0.1791102471806609 0.94884356512856971 0.12681500050294003
0.19927816138498589 0.9137866077068838 0.18516202658713893
0.18301655729858887 0.94664170356298671 0.22978774710115232
0.21022876800674289 0.9356129961077827 0.28821677765413189
0.18364468376449714 0.9513468769174005 0.34954014399218353
0.1746220427463597 0.93509692494375929 0.42911855135824734
0.16428305469549664 0.94610618149115278 0.50178100407340209
0.16043802868149618 0.94080430924735503 0.58627514282628346
0.17398630349148214 0.94611324643765438 0.65638873841790046
0.21379747624147258 0.91909679222915353 0.69229849043742231
0.16404052358904633 0.93612365837686951 0.73410610201098325
0.18010349517311497 0.94982010035159614 0.79678616970603644
0.16864710838003732 0.92927192492893629 0.8633281459772022
0.17163862070264965 0.94605854100056774 0.93370489535717505
0.1830874984480865 0.93566873691798191 1
0.18298781077503867 1 0
0.19105349653243256 1 0.065350177326689032
0.18156777656761958 1 0.12976918616807073
0.19750073916475039 1 0.1893666385346188
0.18341748003727981 1 0.25063242810635739
0.18199368938518565 1 0.31181660214113482
0.1836118793145832 1 0.37480755666528598
0.18723362295724308 1 0.43725697493380694
0.18687919702732081 1 0.50085302133823095
0.1880589049665764 1 0.56189305735960626
0.19193965731713039 1 0.62563150814677537
0.1918465129373883 1 0.68777460087619025
0.19255930204994862 1 0.75106149712076997
0.18048058744438145 1 0.81432260816796009
0.19087352919023468 1 0.87504686779800778
0.1863752505126382 1 0.92958978729212638
0.1930772385083836 1 1
0.24680969149808171 0 0
0.24993895216712678 0 0.062678588464422022
0.24821353002755578 0 0.12810850698508508
0.24816612329523768 0 0.1963663911997604
0.25244992050037951 0 0.25753334701531
0.24559160235017674 0 0.31921854997499954
0.26036581266880293 0 0.38145696503653231
0.24598566010020689 0 0.44369103535665994
0.24811678307414109 0 0.50617996627872719
0.24861494723893524 0 0.56852637211596435
0.24560521822568984 0 0.62992513773434178
0.25858886593234343 0 0.68672513937520263
0.24568428971903067 0 0.74528463725126159
0.24234145595558323 0 0.80752847541798889
0.25375301146014945 0 0.87236134454114556
0.25081544747065537 0 0.9384445923269531
0.24706815238343982 0 1
0.2536033693316378 0.061340734971975737 0
0.26072215288505485 0.056421920317036425 0.089079913067621988
0.2624424456483061 0.058248140691816268 0.14372931527194052
0.24836450642121544 0.080212361974921931 0.21276770396267866
0.24013788835748356 0.051739746269322366 0.24360923732995635
0.27454152701310514 0.053396747638534553 0.29988984910745509
0.25174679068650119 0.057425130495217816 0.35581978131262337
0.24249468749470907 0.056129129370601126 0.41522492649878706
0.26700123723016339 0.068812648450301439 0.48563388454701117
0.24089631861013891 0.048907844869755655 0.53113244715520902
0.22614014381448941 0.061829584658137815 0.65071025349548905
0.22766733541025455 0.058276853803945837 0.71436245800933229
0.24278671744420152 0.04785681072105985 0.77710150744742268
0.26650714587822444 0.062159990650460246 0.83388449663267206
0.26032169849760761 0.046909679392317195 0.89960191917733134
0.22785755701515489 0.085351160647763089 0.94036237635439468
0.24386391099704399 0.063724555426197302 1
0.24608462846773477 0.12583368412914928 0
0.24210220894044968 0.12082613559484737 0.063870063072610145
0.23532231060062514 0.12905086212839856 0.11970735238203159
0.25625588452856296 0.12033883015994364 0.1854893712930113
0.24388893753634033 0.13352951473605912 0.2605447299125408
0.24656608049192433 0.10180683385684369 0.31043356034074066
0.25789907444894611 0.12375542793606484 0.39059308010715338
0.23359331280378062 0.13103023697522079 0.44482631445303172
0.27943131891542944 0.14540453374263171 0.49464725766249096
0.25779916935686342 0.11557271662082165 0.55183074693848921
0.22284673357513182 0.12228874026262396 0.61441382804270117
0.26009170401612186 0.11702717132865521 0.69825230073028433
0.26684879588256477 0.098424947852031222 0.77139376363475343
0.2738089751045838 0.13987739614090533 0.8254666451546061
0.23292813574978158 0.11404851835249626 0.87833719915829356
0.25354129629093297 0.14320664479927755 0.93432777694801994
0.26170818510992006 0.12544981585625103 1
0.25163885826222071 0.18528223918495193 0
0.24049536893734294 0.19290530686417251 0.04256548345955169
0.25743152841668193 0.18615148947804719 0.10962611512105443
0.22918850028819798 0.17679999539140731 0.17856684418367177
0.25045940744130873 0.19650879611717947 0.25186986153940055
0.23730625669171335 0.15533489140675533 0.32782025511105822
0.22407960613148054 0.19514343090858682 0.38426772336191545
0.267096091934373 0.19697421207492985 0.43800279080376209
0.23268584838314013 0.19403768485146894 0.50185910541745826
0.25912063774561855 0.18136917416060877 0.57387154343744551
0.24807939996740391 0.16732883597070891 0.65373678069556351
0.23452666995426125 0.18292878667984824 0.71800458936340938
0.25152507132260948 0.1628787988682753 0.76419803671564579
0.22637007717953209 0.189446291692807 0.81413186331798648
0.26103292590109989 0.1846367624119368 0.86971971786624092
0.24724622716401262 0.20086859645357258 0.94058518672608737
0.24263721580079969 0.18451380944012832 1
0.25579008500779638 0.24956337621397082 0
0.25437337513013208 0.25625423953791615 0.082765432271776407
0.26596665185444962 0.24113742208267308 0.14362811473375395
0.24791576478796068 0.24283623930665371 0.20612236083017249
0.23191484071433136 0.25484680687434813 0.27634405587782873
0.23675388240334971 0.21617575560343522 0.32354460266741225
0.2500952507488523 0.25329895287684456 0.37160896055553466
0.23343580627494351 0.24709396056260494 0.43342293483075328
0.24767850016936777 0.26613886409691961 0.4948042636806943
0.26483856190594246 0.25196606120293868 0.55782029589433069
0.24492515662858796 0.22210775558777143 0.62134396781824452
0.26412826035010406 0.23363871948717574 0.68147567068383641
0.2555448761246592 0.23845922627243019 0.75449436561374539
0.25873546415218984 0.24655610495894695 0.8189311919284965
0.23031930054293426 0.24147652561169222 0.87883600500354875
0.22399441011467719 0.27129171374402539 0.93824189443079842
0.26021531877315807 0.24598410526378284 1
0.23833943326278084 0.31219711768360864 0
0.26351444286792769 0.31108839948348666 0.053814980559351043
0.25521314572528347 0.32975309619288751 0.12379560700633171
0.24986053737607342 0.3021233544346853 0.17016363206153365
0.24094882231916945 0.30319029422563953 0.23951249170864949
0.25636631968999929 0.29501655991293213 0.3101228535886999
0.22152877213314356 0.30921358571666335 0.37210311178365185
0.26063516044361473 0.30528379932470578 0.43513997775953139
0.26722973639300202 0.3257113864468032 0.51937020606693507
0.2297566572368909 0.31197638978977127 0.57303711016313386
0.24663008186914626 0.28895140944457393 0.63291930370952654
0.26521808442527106 0.3045055171754309 0.70234437332653088
0.26791017906866516 0.29423734029419346 0.76374939391235042
0.22080978431231116 0.2875580215117769 0.81257848595285453
0.26002628365611141 0.29876818551125423 0.87051385252854474
0.26172032295837017 0.32424834871252251 0.93195135373647386
0.24376590013448443 0.30840230554187387 1
0.2529697710722959 0.37539232851399723 0
0.24328957038468119 0.37060759695844103 0.067364465116188502
0.27788322586478287 0.39524143072573825 0.11120371560867488
0.25141992769573868 0.39780077685208343 0.17233694304917216
0.22776281310319671 0.36129323138618047 0.27293080057112395
0.25939991158207293 0.36380060446155477 0.33356605805791356
0.26768440206764915 0.36717710710600815 0.39327035775276387
0.26023811317528001 0.35540446184118257 0.45513113854001269
0.25373385980654506 0.39212181378465832 0.51008043636435785
0.25967274764558612 0.37925837425046011 0.58479919665053592
0.27299416825922707 0.34610670407774619 0.63769304811381311
0.24443320059730927 0.38358600737829218 0.66523238614017788
0.24519764505700761 0.35731227011214101 0.73051146434599312
0.24943585066832535 0.34973120949279007 0.79822464318533293
0.263961042281736 0.37437884902340374 0.87370211794960473
0.23355474128346229 0.37312568599908102 0.93862160921305882
0.25132148248162278 0.37374365809659099 1
0.25455338042705528 0.43590460783292456 0
0.235523944941647 0.42839122836748661 0.058032279233278534
0.27220916555929903 0.45468317630259553 0.12477573379455162
0.24056385195472937 0.45483717380587491 0.17999003600341845
0.26237848296719907 0.45538781026699687 0.24461715297581141
0.24894857696797579 0.4268949594084569 0.30509377584627073
0.22749298176177099 0.43428419172209703 0.36894614921726426
0.25352088180053345 0.42531955856079273 0.43473557331735968
0.26968408045498982 0.45170330694081512 0.49275302058264059
0.23900531133342812 0.44309548930609227 0.55344333526754874
0.26490226482846069 0.43846655560363484 0.63136664872430015
0.25693879476182768 0.42090882649492906 0.70722247907434954
0.22489873739661542 0.46737006249046509 0.7579073110711545
0.25487372220503407 0.42018459137648156 0.81493740929549163
0.23055306072786411 0.44119151406385271 0.85680363126680803
0.23304964082311341 0.43703395729924521 0.91621200437261374
0.24873330374170061 0.4405327436790572 1
0.24366628720869626 0.49887720594912144 0
0.22282057715889481 0.49638542012190001 0.046033200715696158
0.23608064096857689 0.50010026548581543 0.10620840771492153
0.24474598678279924 0.50886923144453811 0.18759872203669906
0.24608280544073477 0.50475407405739658 0.26995330789545019
0.27268001202683328 0.48757882046559603 0.32497494597061105
0.2535741267031057 0.49778655233640029 0.3836281525057324
0.22132548417443282 0.48806976767375176 0.44557953202523148
0.25818571872349677 0.5129151456865475 0.49315635639572897
0.25990932574498798 0.49634270707499301 0.58140597984865694
0.23870147144749279 0.50033691158454263 0.64188060003685987
0.25658720260439211 0.48367683205189382 0.70038945387462181
0.22938891832068478 0.5290755423433221 0.7450013069691479
0.2218578718172578 0.50452903002057092 0.81753062210416838
0.26479406046435622 0.50815704647889126 0.88359319137291159
0.27038896475731666 0.4867299798722054 0.94967836115528825
0.24380778179089937 0.50272009058606604 1
0.25578375971335776 0.56078157349272384 0
0.26552077708268645 0.56472490949601251 0.060727049855181021
0.23265838612795073 0.56045724526729945 0.13257964628010663
0.23588008551253342 0.56262692949349513 0.21337933587809579
0.24811629457892254 0.56787439747581203 0.26661749451699607
0.23159288669824757 0.54126007504856621 0.32289518725326394
0.22089529007745584 0.56577132955412202 0.36863774820283213
0.23889088452786833 0.56326842859654735 0.429575818100838
0.25854975700322147 0.57248579065865468 0.50485606193838928
0.24645188237356216 0.54425834028854791 0.54672310487647091
0.24895207163495106 0.56713553708370612 0.60715775238572556
0.2379708813980608 0.55293709077079112 0.67781781786766448
0.25164106517130225 0.58289492832683654 0.74325279045399151
0.268180381285474 0.55311230383267351 0.81970048453514877
0.26491660523547894 0.58395381884752362 0.88389141518546099
0.24511648566078484 0.55588765907415072 0.94038606216277643
0.2619018206291559 0.56440240888580406 1
0.2363518292425246 0.62758330388905015 0
0.21682179611943345 0.6055836161518745 0.063016041697787017
0.25433587078303099 0.6215356945860272 0.11014956203814252
0.23814413189526606 0.60943008357249306 0.1825611935117451
0.2505302757613001 0.63695591104854188 0.24861954592214613
0.25009470280400231 0.60475097952535783 0.30985074026302523
0.25682578399835593 0.62711563271938875 0.37104253698462941
0.26273204570442782 0.64309247651928458 0.43257562578685627
0.24667419192650544 0.61977682425870195 0.49184994148731176
0.26987832085205243 0.61374865626795216 0.55479465300024089
0.25322072501146659 0.64112528187950268 0.61518610699234166
0.27322920529860695 0.61463870155121503 0.66801283134734768
0.27158930554964084 0.63219882643304615 0.73453866504768472
0.25934407345013444 0.62505833697284696 0.80349409748479683
0.24649556357535929 0.64679967404188698 0.87804164143361652
0.22793937402161224 0.62769710952253976 0.95049437626528133
0.24832721808308358 0.62415957486662765 1
0.25351112607105553 0.69161624660880994 0
0.24841062781489356 0.66369829749911946 0.055682653800744088
0.2503289034584868 0.69030387635152368 0.11617256714456989
0.25275336069404131 0.66931726185473983 0.18713131957782475
0.25490693437904793 0.70771277902433627 0.25185829170697793
0.26759673136079676 0.68168757171317573 0.31073942468114168
0.2317768616309506 0.70042297044573776 0.37364831159876655
0.25612274317478301 0.70900059631997625 0.44273865818954661
0.24179038099337488 0.68129495020573971 0.50587804337841835
0.23630081533926978 0.6802022711336283 0.57014911826448789
0.21683233482481568 0.71118237692268482 0.61782372856468959
0.24896742617173925 0.68122909672559606 0.67733042358332529
0.27358926129222905 0.6952587882330149 0.76043101117235457
0.24395877620798295 0.69529849670324284 0.82211879105443186
0.26736870065440138 0.69893243936616178 0.88137571236773093
0.22346561921439698 0.69426973726765884 0.93142840759764922
0.25738021601902389 0.68550681555468473 1
0.2528287346940411 0.75748030679035749 0
0.22310288862276417 0.73178590805423682 0.057621495891323357
0.24774359133907403 0.75445474486393393 0.117014398431576
0.26709552182987256 0.72795630405917333 0.17509100096946606
0.26000572613229267 0.76638193821790734 0.23934814479036398
0.22817669887712261 0.7442762236844962 0.30979924948454085
0.27541289435778044 0.75428344225164512 0.36179061685356967
0.24187937934563974 0.75991885851211849 0.41881823920043737
0.23022405742284971 0.76087197551962471 0.47859680877483635
0.23386654072168345 0.75105400199258299 0.54064917421941261
0.26601279254523064 0.74618329792473215 0.62067797342058317
0.23664346190967228 0.74312571734871657 0.68813862108654233
0.26013087954308017 0.7512725568360491 0.75387363151443332
0.22665043025440004 0.75098809866201865 0.80866659275232444
0.24823183401516349 0.74798137408566978 0.87564416049328131
0.26451232944078673 0.75607434040912425 0.93764764518549404
0.24367719954224987 0.75029765613518529 1
0.25285768126964547 0.81861348201702189 0
0.27346395093230402 0.78815157372405642 0.059721743444211446
0.2322831366431557 0.82662838308291098 0.11038020976642912
0.25380410502731493 0.80134622498375285 0.17000312346942645
0.25579290004365474 0.83048918349681344 0.22095532122915737
0.26495359909299671 0.81586648072939216 0.29508401471050122
0.24800328092003349 0.80589047409375625 0.36580023549430912
0.23311238365691855 0.82800526862678203 0.43292980193899983
0.25220518480349674 0.82072313182982337 0.50929594498478903
0.24865196010889462 0.81130161926573718 0.5882694759188134
0.24688232011139549 0.80597398651558061 0.65222158324224377
0.25721064695400109 0.79894797528023542 0.71709098659669246
0.24689491792242343 0.81834977553729926 0.77813588850175341
0.26159103172774634 0.81130561598804596 0.84224837884164294
0.24594559574257469 0.82035571811643693 0.8963648818746307
0.26924567969920571 0.83801553737918455 0.94736064228282335
0.26171723074086761 0.81389160691954465 1
0.23317726829810742 0.87722305460057681 0
0.26248497681756233 0.87783948250508081 0.0619605311466414
0.26208474869633752 0.86689059932397583 0.12547341578445248
0.26358737178277142 0.88527181879902694 0.17965693899259005
0.24819883498145134 0.8829823930703109 0.24707803944721082
0.22461178583884125 0.87127279292490067 0.30969590922839507
0.25187064812546028 0.86194936392631327 0.36663063034533416
0.24164938232615438 0.89641664073901861 0.43037266220612191
0.2575715927408207 0.89610912285283972 0.51511122477424498
0.23779007116507467 0.8789188980819802 0.56498483793256193
0.23488399217450792 0.86556346680098672 0.63950009455351953
0.23739126341831249 0.85596347586854671 0.70951483991199393
0.2701438760000951 0.89146407777471193 0.7490854194165536
0.23305572203895569 0.86837238317719478 0.825820693413299
0.27149324114726592 0.88039014488056955 0.87603064827990573
0.22498735039757278 0.89235088131692386 0.93907620502623113
0.23977742581270514 0.87665033343012377 1
0.25481600065035459 0.93839945834471605 0
0.22276679343379213 0.94646827957138402 0.058659071848089182
0.24066014715562381 0.92169975800304027 0.11956680478142685
0.23904241886596475 0.95645182722880751 0.17279498273029809
0.26942695648765747 0.93611473297900882 0.22924272522554981
0.27515912140034843 0.94298774598806556 0.28595099376045663
0.24436263840813599 0.9260374646953824 0.34182891843970986
0.24467668295728023 0.94650886948109825 0.40098498762816742
0.24192393676972385 0.94705396754110993 0.47339803249829471
0.22026344392706998 0.93875020484860416 0.53960444282385145
0.22891993119890772 0.93883702276276781 0.60897413753032836
0.26006067579413333 0.9322138952187291 0.67283572005461012
0.23544827290917861 0.94949359862228166 0.74584914163218707
0.23711844193199819 0.92229727754600399 0.81309787091416985
0.22609970418247563 0.94606486177000493 0.87792082602274257
0.24932438671123558 0.95899308506938818 0.9700433705588436
0.24748032911517967 0.9410922768731963 1
0.24490593002778135 1 0
0.25447515044271285 1 0.050870257910166222
0.24260332575507992 1 0.12592130165225107
0.25969880183918226 1 0.18924594740757972
0.2477972435155272 1 0.25077812709064257
0.24573945786742746 1 0.31193432484959038
0.2436971060559685 1 0.37381843202416998
0.24992304874475957 1 0.43810741221988736
0.24935861965375292 1 0.49941574736896976
0.24959474635443524 1 0.56465424761413563
0.25562483982210066 1 0.62809561067485309
0.25243676921780472 1 0.69482649827984255
0.25523754281394329 1 0.7548806466713498
0.24565618064175757 1 0.8159768543270739
0.25472677929919862 1 0.87634575142878235
0.25556127023399705 1 0.93668449546503041
0.25643014597528324 1 1
0.30890888692393287 0 0
0.31918045750286705 0 0.05190386164567018
0.31088404492438043 0 0.10824438789362084
0.30896219619927778 0 0.17008545891063295
0.31498586109532201 0 0.23373929991358544
0.31288634479092442 0 0.29661928254235731
0.31889109295459517 0 0.35729990091702812
0.3145978807236352 0 0.42261313270060719
0.3100774499293511 0 0.48245340600225112
0.31240032467342238 0 0.5472181853710375
0.30663287855321325 0 0.60904507735099256
0.31929806350729184 0 0.67535162450915354
0.3104936300933589 0 0.73728534434264836
0.30403483890883315 0 0.80336733982556396
0.31189395576398116 0 0.87230039009391425
0.31139720903188839 0 0.93785100945122746
0.31414969438670598 0 1
0.31979039595320036 0.061478634789338939 0
0.30532002052207552 0.077113442168268126 0.048962245336164806
0.33212292828967954 0.053836046069141705 0.10830466411762837
0.30393780118167169 0.062341421154958152 0.19249421396029873
0.31435439689735728 0.051058459068220804 0.26123708580778549
0.31689132687057309 0.080425064686083014 0.31986378888831751
0.31101566049199791 0.053318409332197031 0.38365122441415461
0.30378621959700219 0.084477786393694174 0.44125219018829065
0.33295291530894783 0.051076997155005979 0.50450514097232113
0.31305371446014024 0.061046408130311404 0.56091607773861218
0.26993465673410888 0.059260128423758669 0.59702817451255941
0.286794035555683 0.05800114433160633 0.66102557236890302
0.3005087510970606 0.062074033752807872 0.72936663181810646
0.33099038154326821 0.057892349672128932 0.79685667503793356
0.33273369860080587 0.053754438910933101 0.87475658500664166
0.30451500696504491 0.072829282052837688 0.9446342667667319
0.30598382840381405 0.061686059853929782 1
0.30502474700451154 0.12423090032180105 0
0.2986154841618055 0.14382240286645434 0.058497161536209312
0.30248773452961292 0.11234807848095293 0.127144350431565
0.33220945914179534 0.13295846710530601 0.19264614120647672
0.29843189738339371 0.12089488701906265 0.24923513003384856
0.31809941916169659 0.14259130437169348 0.31135030316172463
0.31088295509031993 0.11860586264760799 0.36744504256540766
0.3164062839135463 0.14661701765162558 0.43495116480419538
0.32435710208760998 0.10896265156093833 0.51558687064555098
0.3274445539556804 0.11592708144649413 0.59003338108374703
0.28118410769372709 0.11958989341624794 0.62035995047949377
0.32274059430474888 0.12115014946728846 0.66806697378490798
0.31764550484406223 0.12896958695770144 0.75100737906574977
0.32010973998298653 0.11768740022414408 0.82623664073186021
0.29135683862139938 0.11079749965142512 0.88912161231492082
0.314973901336568 0.15343327812759386 0.94828219344200937
0.32057037757108631 0.1261359243638123 1
0.31283031027187674 0.18704155736249881 0
0.30344836166010214 0.2121565047502941 0.053466218297841483
0.31900639565850536 0.17223631442886334 0.12825084055302699
0.28630872791908663 0.17751646694611742 0.18747820970641432
0.32211042717010968 0.20131855520854283 0.24396136946273014
0.30912161191625209 0.19696811320132815 0.29728359791587095
0.28549456564183806 0.18779171212794993 0.37232942746207998
0.33423568082352628 0.21196136656407868 0.43603950040270789
0.30034188023370778 0.20947105261777088 0.5045793214605967
0.31629998226970479 0.16329192861904848 0.55598461249825415
0.31072072232283465 0.18584579372488799 0.63020568448428582
0.30979545157194266 0.17255682450252843 0.70160716238869292
0.31064299032961956 0.20362683479163166 0.74646873546961667
0.30120532620016061 0.1959889477157564 0.8108848967816118
0.31927737859678368 0.1744012544807273 0.88205260751435577
0.32151750491458841 0.21452202708352328 0.94843197446268968
0.31079490559556538 0.1884587365194243 1
0.31950737437004706 0.24816792166816962 0
0.32093522620889553 0.27487911992519848 0.058642171951418104
0.323710614007236 0.22731801452887412 0.1071073078327827
0.31859581630406597 0.2420752633445741 0.17599439785063842
0.30494579046229953 0.26330323239513675 0.25792588309738856
0.29406770069668048 0.24122831262032648 0.3209108590805419
0.31234065044892007 0.25338558243302495 0.39470416086602123
0.30610795845151911 0.26139693042673867 0.45850260524186393
0.32224507715271283 0.26971760666934191 0.52773211813437904
0.31620395071690327 0.22666196687025253 0.57642339360473949
0.30555171883528687 0.2584719699045771 0.61987728349431792
0.33176949729958372 0.23040463217406246 0.68185103782970491
0.32510513877491959 0.26689425893091323 0.72736522874646992
0.32674814370283772 0.25654607830092463 0.78700397346824458
0.31461293367067572 0.25474248928985344 0.8565500325062616
0.2864744718597983 0.2472766367237286 0.91262300574724564
0.32055634917771114 0.25497484269296777 1
0.30234057718230811 0.30922006105709055 0
0.31277356084026542 0.34203141341813487 0.078555603741491953
0.31028708860320858 0.28998454095926179 0.12641430525080186
0.31116290485155812 0.30211097897177036 0.2048997838260927
0.29994096046718965 0.33614461863745621 0.26916101876720794
0.32558240486129281 0.31370535867383054 0.31357741988647037
0.29509857649589055 0.30357217837176032 0.36530198932637387
0.3212357904894631 0.3252675931014069 0.42113943784985741
0.32310059386376655 0.31750856205863465 0.49104565745635192
0.30062823662745752 0.31017778682980568 0.57904987179082568
0.33557028426378993 0.31661830714456052 0.63747295666393111
0.31408811431557654 0.29204743074671707 0.67825933540674577
0.32124018862919534 0.33133098877795081 0.75355393257976688
0.29458852829981086 0.31213026971189972 0.82287711943356967
0.31495189392398648 0.30990898568134312 0.89137730001450344
0.30374535373198702 0.28563452349945156 0.95419631070400712
0.30613429151126109 0.3191716516653863 1
0.31479766767747797 0.36842189467222441 0
0.31224106187587786 0.39436757334266759 0.052775079162974275
0.31425716899902789 0.34911386848495096 0.15535561357121727
0.27507450076862644 0.36210072296168327 0.2108503205543627
0.28270763457100628 0.39933663821756826 0.25674384749514856
0.3203208895227771 0.38868060463478071 0.3076117867098983
0.32622384494498924 0.35977868273773933 0.35935795161095552
0.32494788546971959 0.39050611866452423 0.41483445157401549
0.3134339146300763 0.3821292965600156 0.47502257263071224
0.3204610092109591 0.36653585017669854 0.54219787694459265
0.32229013143476665 0.37438346472606615 0.61085290947402349
0.30836324652433472 0.36420629277298616 0.69192404362141458
0.29820736453835056 0.3940525422430754 0.75767073677521879
0.3080166420560802 0.36963685941478425 0.81444460316102485
0.33027801211111729 0.36520744372210129 0.87344288570631645
0.30673249552726162 0.37822166754035608 0.93789282087344206
0.31385351558262864 0.38238522618276927 1
0.31856642270041491 0.43251118614279516 0
0.29106561439002121 0.45761071446980983 0.056185373747861381
0.33338085898005487 0.4499389514272979 0.11277158276353762
0.31908339852557216 0.41285996779343986 0.16809030155939453
0.31575164364937802 0.43949387058467071 0.22099499574980427
0.32168853228692468 0.4471679513877091 0.30378310998123803
0.29325998713910884 0.43339424352204881 0.36988404929686863
0.32458355571661579 0.44730348128464198 0.44150483774636962
0.33218223403873698 0.42419098376813352 0.51428406707562913
0.3039137533169885 0.42756382698996614 0.57084312214181032
0.31398763966389942 0.42817571604532934 0.65963445566065326
0.31942947676856198 0.45184822898156929 0.71611938905682271
0.28136715680696339 0.44808921555177678 0.76300548246416422
0.32571075750140249 0.42755363824489978 0.82592138501622581
0.2913827788310403 0.44046685301001726 0.88248845634148065
0.29168516966914748 0.42030269700523015 0.94308848596404793
0.31488305970558139 0.44405271405219343 1
0.30701382260063004 0.49425910060736378 0
0.29127576639400254 0.51594194618094391 0.062146682013159982
0.30256021157374319 0.51318426386107474 0.12966582484760858
0.30599227276160457 0.48393681057097826 0.18237920595169291
0.29739035218834625 0.51656570072278696 0.23224304859638711
0.32324460313101072 0.4929004388183808 0.2766310931333939
0.32990940184333306 0.49700996661397639 0.35508064823568641
0.29777026330561429 0.50177309930414649 0.42988047601573032
0.32934294220908561 0.48294646320434054 0.49113606513420593
0.30673545720635242 0.49313309303226505 0.54245548787390219
0.31397916780675644 0.48502692861854918 0.61023702510520461
0.31071176710772352 0.49752139501337522 0.67860633513822888
0.28778744751790208 0.51334326649390327 0.7600570530547559
0.29044085561720345 0.48433117182176644 0.81500075316267195
0.32524162060801115 0.49956487418014173 0.86610452638466251
0.33362364251429283 0.48006872955572139 0.93074570651961375
0.30856870801346914 0.5089564654563864 1
0.31862410190108009 0.55972868252157615 0
0.34524787467356705 0.57203754534688633 0.056191772298933636
0.31383329186889797 0.56547596032741998 0.11290198776067929
0.28991258674077658 0.55909837442714749 0.17858646954568358
0.32715155849684502 0.5572802240132384 0.24313395367234431
0.30914311600124939 0.55821961784401686 0.30778180506547087
0.28948412365725162 0.55576647768457021 0.36932337396840048
0.29784328847298674 0.5770753843090326 0.43897451237130375
0.3215425342347264 0.54356914010050994 0.49954547264135596
0.31974496254405183 0.56043674564250334 0.57319358666516196
0.30920215784108973 0.54998354055523579 0.64272914588355023
0.29898891881826373 0.55521388920250259 0.70779781787593887
0.32467404116357884 0.58520927844933357 0.76525043900694756
0.33661495013313769 0.54220972855705629 0.81274358476368136
0.32649436545854399 0.57053732875842211 0.87812622190937595
0.3193044741791779 0.54039415039080585 0.9375754841243239
0.32019619281986866 0.57255983375330033 1
0.29733056900288912 0.61929744157161759 0
0.3048072129165707 0.62546041455063717 0.058657603293462694
0.2871584108961841 0.62137018528628318 0.14117130937045225
0.32387884424869429 0.61479528951403695 0.18979039238691084
0.30239911173115341 0.6023824500621151 0.24723166892335921
0.31001280996821484 0.63360196502298582 0.31808881316611204
0.32139202306344611 0.60575782754904917 0.37867665553335911
0.32115642950060219 0.64945494651454627 0.43005755667370971
0.31429301657489511 0.61064996751725431 0.49038098361506927
0.3077743698758485 0.65185140187045965 0.54630434641450187
0.32254219029127273 0.61707478121625869 0.61976203471170954
0.32994742765790119 0.61769963861674015 0.69724288436277715
0.32377347753438351 0.65074194508649807 0.77346651579494008
0.31804956532989054 0.6109209700964644 0.83012319200610163
0.31760806402799951 0.63896519706918675 0.89106772226607667
0.29580621481945302 0.60615517565492949 0.9427804073585907
0.31205162162458638 0.63074476457348949 1
0.31355007929723844 0.68113919893648822 0
0.29415245222544306 0.71635830949863433 0.056557808646859553
0.30699875362978274 0.6706396519939003 0.099469007248911973
0.31540943379700165 0.68182639727932959 0.16175175253181009
0.31580294327702679 0.65885147023186941 0.2395316874388588
0.3276182718636651 0.69818551224355085 0.29260659522913196
0.29773021633070923 0.68322617189350121 0.36387100005183309
0.31531467006235964 0.71234572739916169 0.41574538421076151
0.30804564880244412 0.67920680730012917 0.48122237535356077
0.29181552811349992 0.7162116538863279 0.5513012350867339
0.29966466888106802 0.68366333944159496 0.60719691989895141
0.32011092357884102 0.68108476813815466 0.6617889754776094
0.31725804541941227 0.67262907082930923 0.71906434862352686
0.30880453710267813 0.6726598734347774 0.83160500707844043
0.31775868262457196 0.72225567679389224 0.88038468409220094
0.28925449750842003 0.67871128283633397 0.94176983555251992
0.31839485218925234 0.69199418137569479 1
0.31538052403890665 0.74409047531217531 0
0.3400910920190765 0.77841364830118676 0.062661791533762751
0.31851402086970532 0.73472798412228613 0.11359807049769675
0.31192024088420089 0.76249322774093153 0.17700298990376634
0.31555722120522633 0.71617935725191895 0.22573963664744315
0.30179782227632157 0.75240454579419158 0.29484719100932832
0.3332248664392618 0.7473788925874375 0.35539080628713748
0.32018930930223344 0.76860382096886282 0.42686195696849671
0.29346666600524673 0.74883401431512742 0.48982307330603359
0.3442150451619328 0.74093668983636729 0.56479749416699088
0.3240598228704582 0.74499102894699576 0.62306379186746663
0.3094423438605492 0.73277731504842392 0.70116313675419528
0.32343141436968881 0.72166658481202073 0.76903471000886037
0.29016252671635678 0.74963231569551747 0.81889528683467594
0.31746701940384303 0.77938790937248748 0.88371804992244307
0.33891435359379546 0.72975466703933367 0.93900851676861052
0.30485259518633412 0.75268991398971086 1
0.31619392584231309 0.80720653157234556 0
0.3156125720768162 0.83892337293121899 0.061832224437722912
0.30588520839199818 0.80185582216696349 0.12191087857680176
0.30925672350972971 0.83449930961478147 0.17925508489830919
0.31556730144271905 0.79369933993797215 0.24332648821079914
0.31314053874179137 0.8187230686981698 0.3262500595100023
0.32591255367329719 0.82172613243651249 0.38342702898051051
0.28309128303145753 0.80421658666270168 0.44063261558621453
0.32339327981230293 0.82236418340476491 0.48869839881443067
0.30123380287563661 0.78476720926982446 0.55539410732813321
0.30514931863569017 0.81812349865742318 0.6191258154668664
0.30986605584426041 0.78533288419356473 0.67656843265613287
0.31701025511996667 0.78690083250373999 0.75414874110763042
0.31740637081130624 0.82391745812888595 0.82552417317765514
0.32077493084246222 0.83551583736326296 0.89873350602517155
0.31858811225514361 0.79363460397660335 0.9479662483572916
0.32522938896998027 0.81196947987483581 1
0.29528133639036436 0.87346102679322368 0
0.3222644906742646 0.90136505112705867 0.057253796557838486
0.32079558457437563 0.87410719036275542 0.12554038561921202
0.32186827172892002 0.8888355661097096 0.20166436914756258
0.32277877862978671 0.8572161172125331 0.24899697148773622
0.29959623897205134 0.8878994187905288 0.29831618555014183
0.30829768518737177 0.89257630924670883 0.3738263794564135
0.296664717916575 0.8565066664818739 0.42157202052723103
0.28611852447511876 0.87673742575177638 0.47797173776926877
0.30250489313157891 0.86003251407909398 0.54976599265977077
0.29147339883194823 0.89014465976259916 0.61328051354904367
0.3008595881021276 0.86737009378551122 0.68025526732337427
0.3102589792613315 0.83989764490387109 0.73953393997768491
0.29977938542784116 0.87825777420143791 0.8082542154118566
0.33478649768214602 0.88978365570850082 0.87648447372766658
0.30514595821988355 0.88578218032741529 0.94654983575292218
0.30045590804618122 0.87199660217471375 1
0.31827408043780314 0.93788421377148579 0
0.28191946927257849 0.95117885499614807 0.064248081800027237
0.31354338579003882 0.94385555682488365 0.12021301436864247
0.30180725987529139 0.93408448391395826 0.16817426929411802
0.33099725507780053 0.93919335151484606 0.24188092130654615
0.33937171028118168 0.94245657736594235 0.30513365235296647
0.29150310650423655 0.94949414321083603 0.35286314237275035
0.30882839189950051 0.93510690611632885 0.44003551444513139
0.30913835637630843 0.94233967195133506 0.51836514013565016
0.2909865436463166 0.93384354289562976 0.56799726832688768
0.28793038479249722 0.95823784932257894 0.62244888372217499
0.33096034077274289 0.9333010685290869 0.66093611361376925
0.31620221499095347 0.94265913401823298 0.71757330046782275
0.29715112983386738 0.94415397392418821 0.78174723980978944
0.29271179388856239 0.94313005960552598 0.8455297785354059
0.29076052748959902 0.94115151205030345 0.91304613253570166
0.31072021433323804 0.93402664420469228 1
0.30729806111844798 1 0
0.31997567649155889 1 0.063624655234313071
0.30552798355097449 1 0.12241545641613695
0.31655790576787851 1 0.18482969505459171
0.3168081847984438 1 0.25186038051589171
0.30643626121838358 1 0.31393290629266507
0.30966689367017891 1 0.37442154784532372
0.31300673374411836 1 0.43781553816459307
0.31174326153677134 1 0.50230455497376225
0.31269922663774052 1 0.56848750560220451
0.32001364458394216 1 0.62798600107951341
0.31400357580987737 1 0.68855047619473708
0.31853470907311648 1 0.74957929280875624
0.31484991474493307 1 0.81247711075928997
0.31547593140646202 1 0.87487869611560121
0.31688175941371377 1 0.93667736100962551
0.31712254791853561 1 1
0.37606579039443344 0 0
0.37640936839276529 0 0.067664424160150741
0.37452390994265067 0 0.13061533299611633
0.3725138048132336 0 0.19523286992488834
0.37944119316600172 0 0.25952272068206961
0.37690512354559591 0 0.31887134656791982
0.37657840092951378 0 0.38258564868506978
0.3767051284450576 0 0.444782187758682
0.37069662448278201 0 0.50954741198438203
0.37735504325733749 0 0.57128942501095736
0.36731019380296542 0 0.63456535463891495
0.38409220034440844 0 0.7002754125173869
0.37318866271029416 0 0.76446030341016025
0.36357710785574643 0 0.82363918491575139
0.3748644367905663 0 0.88098652076315576
0.37321727196755966 0 0.9450127359402003
0.38059547694923362 0 1
0.38113302924711207 0.063754641017612704 0
0.38338574901554751 0.062356352086307784 0.043295139073235719
0.4007721117714767 0.05528522043794093 0.10034890238547182
0.35892699434328679 0.065445102640536268 0.16335910258164618
0.35824252941329493 0.06620087613781013 0.22807105677579481
0.36784634527356114 0.047854856346624071 0.31690140020222057
0.36300031450623249 0.080447320717628834 0.38413358363407474
0.35220560339121354 0.051121485478647206 0.4466456646678969
0.39176127484563172 0.048833189004401117 0.51613040429118362
0.37883397095760285 0.085363216534101657 0.57104104572406456
0.34459437843463009 0.061148572329897705 0.62143668672051477
0.35222906731800635 0.069340541858304433 0.68572601504732189
0.36884331846381957 0.048121253264313699 0.73222267293775822
0.39950773364709136 0.059168321401904818 0.78971788955167221
0.3999962592533795 0.05891970254483072 0.85749895298556611
0.38776072170794829 0.053762480452161039 0.92929499715405928
0.36829299088158107 0.060129547696792671 1
0.3674355779547348 0.12511771538837488 0
0.36084648514431195 0.11452030027901389 0.074696066215430401
0.37662618004018794 0.12399979917676907 0.13331619443535492
0.38981109539004671 0.12674399943982223 0.19834403209536597
0.35637000579189587 0.10192170807032806 0.26564406244626576
0.38750496374621535 0.10979901854549669 0.31822817511196988
0.37657236769102814 0.14324805032025031 0.36336116564685694
0.37910156431055431 0.12432703090206765 0.42710442578222052
0.37308936640054779 0.10088623580306863 0.48949473387781095
0.38372211218667829 0.14622166609811688 0.54997034919180776
0.38594945065744962 0.13149534458336262 0.63068177388356228
0.38480248952706647 0.12005045967959189 0.70111797895754346
0.3711127128762246 0.1078966749354462 0.76575827201607072
0.3737221416781466 0.11368529561863618 0.83825107432302359
0.35870672173021911 0.11637594345631819 0.8993939916727054
0.36297988774487233 0.10768280160659925 0.95861815778742143
0.37778151725524872 0.12351304208958498 1
0.37827362880530518 0.18881425220640466 0
0.36268308680913125 0.17032488854967093 0.065473304573182761
0.38313333534606075 0.19194128149587431 0.13623240507512194
0.36937798389878845 0.19397659262277278 0.19396691919650963
0.36877844208774702 0.16198310491619025 0.26029388728852587
0.37057113394691588 0.19302920647366034 0.31584324883963938
0.33981145383010897 0.18968642559265161 0.37150715567996545
0.38796009622778072 0.18939681615590906 0.43298678232182208
0.35414100956617317 0.16951588632645453 0.48836202321030359
0.36923186893597171 0.21023305494811909 0.53798334237142964
0.37326826569516408 0.19396094726817129 0.6006604914216368
0.36743916864401549 0.18632704724278057 0.67255188797025567
0.37526955709580029 0.16361736294462784 0.74185009750634789
0.35719026855311087 0.18042343474615488 0.80594019685994522
0.39760937498861726 0.16932935144489464 0.8691585630841302
0.38408446033454097 0.1854015837401293 0.93264734972209895
0.37596917324564155 0.1883206464075444 1
0.37416448081451736 0.25486801347575994 0
0.37298391277130377 0.23386462612652315 0.062307613971413899
0.37345525283929254 0.25748935358073394 0.13548866588606009
0.36281197531017267 0.26281881706228455 0.21028258314062875
0.38865931620405353 0.23857298018701506 0.25833049265424324
0.34692355875662362 0.25501104201939445 0.31626554158494857
0.38329325475478998 0.23997789183040785 0.3740083026109271
0.37041917454195011 0.27841117513135205 0.43840732908490371
0.37584707224091013 0.24727132041724773 0.49094267767980776
0.37959078426631582 0.26275995022469012 0.57027736725345513
0.36538581817070159 0.25020717685909238 0.63053859866692774
0.39425112851728494 0.26268327622243126 0.68228111264896318
0.37970692938292222 0.22083625103348484 0.74429808612593173
0.3787126337435669 0.2462044826419392 0.81976941177223706
0.35589183075200542 0.22286653104585999 0.87674531445289894
0.36330640586398727 0.26146224385002165 0.92950972604039561
0.37887081792047939 0.24960775797354381 1
0.3666309504857751 0.30289643658448961 0
0.36530712271495192 0.32057244525898804 0.042645222563042408
0.37198797021948182 0.31218603005386153 0.10183885006564961
0.3766099246513146 0.31223980263038353 0.16975228455958596
0.36933506612888711 0.31085000584245842 0.25305558528626854
0.39445510944881657 0.29710161857878836 0.3193387663904762
0.37375350002234364 0.30255528691565947 0.37664225662087131
0.37863227591398108 0.34562311457718647 0.44922746453818752
0.38737234421503774 0.30732416015177472 0.51504068493338662
0.3595303152703444 0.32084545844854934 0.56979918348169434
0.39199134023213406 0.32355729976064385 0.62041420283192583
0.37550980673305323 0.32166252426810432 0.69554716561721852
0.39041673724346243 0.28927929166023847 0.75883217716193196
0.35970533687844891 0.31676962445727658 0.81663453928354945
0.38330227992106647 0.30465089709939802 0.87398607435596676
0.35246673706799936 0.32773368215711535 0.94098755941443979
0.37217066728164666 0.30681662905827467 1
0.37638368275139716 0.37874762961131581 0
0.3887272435875988 0.3644312988625269 0.064100357539375583
0.35579525989463884 0.38129774422995882 0.12011608288194173
0.39065580221549617 0.36899890534454732 0.1918782623535969
0.34373291437459758 0.36716498308763701 0.22844573164194404
0.37653544200538552 0.36089244443787105 0.30724494305870587
0.38813775385929211 0.36347393403970235 0.38114103682576889
0.38468162636376618 0.40924077714885287 0.44389124494799442
0.38046025355896318 0.38188458920100293 0.51212385610804512
0.37590285969596121 0.39359786123430479 0.58116557034409111
0.37322058190828011 0.36376573693256786 0.64185080447892662
0.3560962311424361 0.39152030920525621 0.71937921339702349
0.40001134993138682 0.34394820725608771 0.74834918346145807
0.35960746941571825 0.38418335973512413 0.78385139512933932
0.3781272578778051 0.37910648858079432 0.84765995416489093
0.38500372245256181 0.37412879522691261 0.91182155286677502
0.37433178931760169 0.36793080764088104 1
0.37946516084810306 0.44489547242647387 0
0.36288879302242655 0.42887636953074432 0.059506184315811103
0.39927036154081225 0.43015436875767193 0.12065793361510148
0.38587364173564398 0.43310279327762918 0.18855895377519563
0.36662476419915541 0.42142213423591118 0.25554572081067595
0.39323306139752073 0.42535238042975115 0.31137022707742917
0.35655557802132271 0.42102078134149518 0.36263170562008368
0.37019497458478928 0.465637098392569 0.40593421882288966
0.3898616917066699 0.4522821455125341 0.49028528390611814
0.37186721787092269 0.45592152054451984 0.55892998025059182
0.36370702045827291 0.43056387169745813 0.62047708707145921
0.3863282271353175 0.44205327593241617 0.68813218023651368
0.3522038874438021 0.45351182085816494 0.76155222087496022
0.39371049099900068 0.43543703853438032 0.81747795884893026
0.35247769797062672 0.42970876551343312 0.88423253757944842
0.37687020967348961 0.42893558268161747 0.94807831032048429
0.38023500819399975 0.42969083480845438 1
0.37165065965187027 0.50888124971412574 0
0.34980402279244116 0.49549094578944153 0.066382539925486109
0.38077917355613605 0.512496976056662 0.12189579893197246
0.36334423587802961 0.47722514942315131 0.16427203015431774
0.36920460943452871 0.4951865355862578 0.22783908439502407
0.38987603695129142 0.47982279521697779 0.28884851559432989
0.38963929723580182 0.48862222793592935 0.34947252673271767
0.37681688157515897 0.50758384961303582 0.45078929829219605
0.38398297698847328 0.51550128653396921 0.51936575707657573
0.35972777252683119 0.52228216231848601 0.58158441198372157
0.37063120171208813 0.49022017234140369 0.63704025440303635
0.37888149522253506 0.5122924093922514 0.69696084797450941
0.34448798558605898 0.51572209544343151 0.75004133369458692
0.37433521146837889 0.49595824916058401 0.81474004008349821
0.38983332813654931 0.4761762415853425 0.88685415263200174
0.39251698512024369 0.52150111906755126 0.94105133237688432
0.36828555818205716 0.49193328353899851 1
0.37941885152186627 0.57038073954403079 0
0.40883151219310149 0.54839050050886173 0.057865022307029577
0.38800039598153763 0.57518068140285583 0.10933023858748112
0.35612791023874496 0.547211464515303 0.17447583049690449
0.38360229409477309 0.56918733326012205 0.22975974746759656
0.3769590067087551 0.54497478796468335 0.29317934959754938
0.37013800726569729 0.55684709005548472 0.35590812923078741
0.35794724497429486 0.5411669933166775 0.40995429653999133
0.37333868134475179 0.57257531277504137 0.47407144497447135
0.37893808828791775 0.56545031478858165 0.5533089799261891
0.37771922514332956 0.56379117627758935 0.63169501035429954
0.36409070524693132 0.5717328298539206 0.69553464676243881
0.39881550600107318 0.55263651457374041 0.75406408992154261
0.38836294927539294 0.58226743989180052 0.81655455644380448
0.3806471984933546 0.53738227741577449 0.87685424479592333
0.37123667304348668 0.58721936610056558 0.9370369488183814
0.37747746072949484 0.55532242246916808 1
0.35669952308786096 0.63024029672047821 0
0.39096549002238662 0.62814609367875129 0.052059811741739299
0.34927000219106225 0.62598373358595372 0.11900314782080375
0.3902981878248219 0.60672333652995836 0.16531068984601477
0.39151575159502883 0.62608945027630525 0.22830228281679871
0.36563550330791478 0.62486297349518261 0.28330050770171561
0.37412852832902393 0.61965828055028516 0.34298269144315041
0.37096362422805013 0.61037848128892447 0.42022283117195708
0.37285781619262448 0.63994759201297902 0.49351054422439927
0.35271953556273405 0.60785603531993881 0.53924929287824497
0.38296054174764738 0.61893222886758315 0.59701555404739581
0.38538461030199789 0.62640621453118051 0.6660315288770734
0.38219219975096691 0.6259603905944795 0.74123585992786711
0.38386217179527693 0.64257011191120894 0.7991788902265019
0.38109021452792824 0.62869668136895096 0.86827699358990629
0.36486854350124737 0.65384960799844005 0.9417905188589426
0.37949646853020558 0.61949862309684633 1
0.37855454375230224 0.69163136731777364 0
0.35670780239896338 0.68085554778294677 0.060194815090872419
0.37703748626905043 0.70140423424822418 0.11718476785167264
0.37333812125135674 0.66706449526237876 0.18234269529654587
0.38274253507948869 0.68981115052236286 0.25932116721980764
0.36974266004495943 0.68769102112400993 0.32883834328591433
0.35841010859721822 0.67045982069255827 0.38249470478508663
0.38635934970548919 0.68778735242459166 0.44114854959374311
0.35455472355842643 0.70798514678992674 0.51003981010829935
0.36957956861852892 0.67860489729473905 0.56477461701748788
0.37135738820531355 0.68167551774911161 0.62772829897445714
0.3811077601037739 0.69074116329441659 0.70293966164326793
0.37403588387607467 0.70291445943704356 0.76211313457064478
0.35541965607114806 0.69930681877532741 0.82715513111541006
0.36483466338997239 0.68829666797598799 0.88849662641086102
0.40316837575680881 0.71528723934462579 0.94253879134101703
0.37595693563258248 0.68334610957152775 1
0.37749094211392964 0.75629460725680564 0
0.38513570854276502 0.73944399199904076 0.059235688493644773
0.37717739308406567 0.77025088453545854 0.13383021073088083
0.36628364686161519 0.72660666756088332 0.18117373256179722
0.36602009820486964 0.75198811154803169 0.24321180999538414
0.37519584532095951 0.75599606812637044 0.3071525064461294
0.38259693039768439 0.74702180668443319 0.38927269441872447
0.36468443904912584 0.73748319066851631 0.45747009589469917
0.35997800306547928 0.77485385870177781 0.49846142982567476
0.39643745524606389 0.75386568421041678 0.54379205786204043
0.39724416410641511 0.73115618199216947 0.60522737415418926
0.37703686843121148 0.7477105938427655 0.66864345590840901
0.37292441305707996 0.764009635649884 0.73339576854599198
0.35945039287364494 0.76167805929292332 0.81208911493240477
0.38788806886168914 0.74942914423339557 0.87648347587433129
0.38378395828910478 0.78216100604325534 0.93321638406985052
0.36932765836452142 0.74795049957203996 1
0.38132414291354072 0.81884030812209985 0
0.38699003761414624 0.81662299552352269 0.041345783487041016
0.36510329743585385 0.83086947006810519 0.12037052837669875
0.36011270264696305 0.80232276918750633 0.19035060966496978
0.39751287036904809 0.81337902907037807 0.245555912591016
0.36120342788359272 0.81979861694552136 0.28906794935961511
0.37987564549692199 0.80624612306873034 0.35214618294048089
0.37464989415447375 0.81729473987460133 0.42991618735839882
0.39643192008403372 0.82107060167906709 0.49764820327144976
0.36175864939241764 0.82241443474799314 0.55681184380303517
0.37100164595223578 0.7922358960674668 0.61492305884959331
0.3576092716513426 0.82032914481898489 0.68067085509166225
0.39397981057103332 0.82459067707979483 0.73469951621182539
0.36408770153200887 0.82778269589987974 0.78591431844810289
0.37467830914939898 0.82530909461668345 0.86253966403505422
0.3686504280012613 0.83725794256417785 0.94854398439447662
0.3859034859961144 0.81275589824443539 1
0.35944998860435601 0.87680599370311429 0
0.38403732574180022 0.87670154372704168 0.071200057615872711
0.36985220471413727 0.90073509386911199 0.13143964796080548
0.37592539124924451 0.86141556321898072 0.18991066140143281
0.38568585693826257 0.89403488368277118 0.2572287510281982
0.35920774621525892 0.87766888641442609 0.32396306343061454
0.38772368953911707 0.87724041811180098 0.37436126236824968
0.35522766428606495 0.88047153596056327 0.43590842831470489
0.35254367666760583 0.88339437689996481 0.50308313420844297
0.35296065702375928 0.89973915214429478 0.55891675159586707
0.35125666721999221 0.86299091431845365 0.61801576307947792
0.37286459848524189 0.88018004657348781 0.68191477378786058
0.34569791852622572 0.88936904381745352 0.7477093360245709
0.37966344769691601 0.87685138186660438 0.82082381216143818
0.39459321504080103 0.90137724254364582 0.88224423561557308
0.37751059401376397 0.87953114794135578 0.93271509687474685
0.36284683526722322 0.87375540492550186 1
0.38156235119649407 0.93706183725823267 0
0.35767743479960218 0.94575261469596961 0.067884502813765624
0.39774576131595551 0.95258492899345837 0.14814674928968163
0.36926741835372828 0.93899347435018998 0.191885380836435
0.4012333812374505 0.95401130701020731 0.25765946328679684
0.39506008129844128 0.94355786784954321 0.32797530419691689
0.35238844930026525 0.94189404080220551 0.37945237714512553
0.39397184924333428 0.94087793111006901 0.42332674064610948
0.37205641458111488 0.94732884364958803 0.48109831803541669
0.38320039964814673 0.94861837669628357 0.56679642133543007
0.3552718475229944 0.93900403060850146 0.61562597999069901
0.39073120486856777 0.94073814925347865 0.69048797058253442
0.37977058494042226 0.95394060692109672 0.76345095689888975
0.3536260269393301 0.92994610606524775 0.81585764661444482
0.36243133341808048 0.95579188462716513 0.87910774717836693
0.34927083273788967 0.93395210321434963 0.94400299907840979
0.37505549666150978 0.93597445919914191 1
0.36895125841996412 1 0
0.38123835728115946 1 0.065449779100944905
0.37201184433493933 1 0.12586162673910417
0.37156735794773771 1 0.18825390346406731
0.38229120016430168 1 0.25236364288845031
0.36753102169833529 1 0.31492092358250601
0.37789522599557013 1 0.37710537387622189
0.37594772160077028 1 0.4384242645795689
0.37540774472786165 1 0.50061524839818561
0.37783457634445283 1 0.56075433676759212
0.37745838683933947 1 0.62753635744028069
0.37414115733238951 1 0.69150127284402196
0.36862686577098791 1 0.74252134835924921
0.37982477949357868 1 0.81340244004978113
0.37537193501138288 1 0.87518131058025617
0.38125885135418303 1 0.93765204848463535
0.37692206728259237 1 1
0.4385710219111269 0 0
0.43525779064100562 0 0.062824640820344183
0.43684573129415921 0 0.12511388539919602
0.43468703060354341 0 0.18560406613494182
0.44380213006378438 0 0.24354046505298699
0.4411510502009453 0 0.30631051827716904
0.44084381759209451 0 0.36849945659011896
0.44189383709574587 0 0.43373204741118976
0.43202353942973054 0 0.49663242224841142
0.44306211722125266 0 0.56136595608712936
0.42592474131492564 0 0.62683200578419118
0.44748412969947876 0 0.68823332267247106
0.43699957751373536 0 0.75315222371266755
0.42535261666521912 0 0.81823334551173355
0.44108826636610865 0 0.88014324002721234
0.43174787568335793 0 0.93962969966414889
0.44060972910314938 0 1
0.44154011954871863 0.06126038476461771 0
0.46005903608936094 0.064809123917236477 0.046085637836894629
0.42066031352335731 0.064141556392537505 0.15347678813537369
0.41537652978891121 0.058295261314153315 0.21031471180164074
0.40805142746896039 0.054894005463364808 0.27224298618190379
0.45245194835545638 0.061354669529090751 0.3043721856886859
0.4189583779578509 0.048689323639847008 0.36539002307757407
0.41065341185777698 0.063403868891628454 0.43968270964016082
0.445101489622103 0.064412168174448392 0.49265974863135398
0.42970926443376173 0.05068498757775617 0.58202154710520537
0.40792063009235235 0.064024327425477173 0.6522202821302463
0.46789702637817271 0.046785799153616726 0.68383082676972007
0.42807512279027504 0.067184888519702141 0.72406706683435129
0.45363749585890295 0.053693856085326126 0.79718634975126279
0.46887720466053723 0.062708995953598926 0.86232288138636581
0.45641392934306718 0.05043396412709672 0.93135283843046701
0.43096241869987256 0.063188463257232888 1
0.43197407436249852 0.12617029499511498 0
0.42883339860425301 0.13498557111966628 0.045524241864461606
0.43737232022148587 0.1093879088989375 0.094887241274554543
0.43811283677944451 0.12278840265765394 0.17591817244958721
0.42674678651047432 0.11350204747154977 0.25388873949811619
0.46000963891146607 0.12434217137966989 0.32789808911219614
0.43598065441347189 0.10279681608913392 0.38044725876778718
0.45193158388209698 0.13112306120199535 0.43313498943570006
0.42026452404320741 0.14159677006907914 0.48344677563934313
0.43515562728746193 0.11049832035079632 0.53678831167168095
0.44343109831866384 0.11968300049859242 0.6029739816605062
0.45247429940992723 0.12606626780616825 0.6756448650501482
0.44589061005960562 0.11827987968667146 0.75236083861136205
0.43649975747243125 0.11675129472752305 0.82427808833353977
0.43253546913023211 0.1122965339715904 0.88827692452442009
0.41231171651977355 0.12323212460156566 0.94544583113828096
0.43383433193469312 0.12512139411962339 1
0.44614806532772383 0.18918312794599354 0
0.43357609939771669 0.19864253795975426 0.053805819644948148
0.42736739382470701 0.16750172602644575 0.10401353423173824
0.45003157211953038 0.18663588790594468 0.17610657833983595
0.43106994744403843 0.17812788000728214 0.23438821374156163
0.42410803852378776 0.17077311570044254 0.30246648194152781
0.41801709566919559 0.17387875733890107 0.37937967071365825
0.45367888100296844 0.19835882383162878 0.44027373980455947
0.42045442344301642 0.2028298828417858 0.49537652255395354
0.43399383271978487 0.18523923016701421 0.57047600038396717
0.42823572427729339 0.19264151138284688 0.63934814346445468
0.42056966705933196 0.18192120137385004 0.69785722797126837
0.45260358356465574 0.18188462356223992 0.74395852845636901
0.41454321605152417 0.16136214604369142 0.79698701370422942
0.4590284305692543 0.18454875152143582 0.87451643376049459
0.45492390547139566 0.16278237797489345 0.93701568167001037
0.43825567016293593 0.18654791434567489 1
0.43860618739654716 0.25421534781653071 0
0.41053166483679299 0.25018928354767628 0.077904050994345261
0.44404075872993831 0.22786757320982909 0.12354573026644106
0.41905908290920219 0.24736902377455977 0.18423342514695112
0.45060886405080752 0.23913288826067081 0.24739740278148517
0.42146629871229779 0.23973759767945851 0.30801153211671622
0.44601566057227682 0.21707323620653049 0.36103627375353786
0.42018851951353159 0.24961790832358649 0.42430362569184765
0.45033442375331745 0.26899334849831169 0.48265568310185403
0.44377059433466032 0.24171937955068937 0.5442640826888
0.43360814760706395 0.26067310491475743 0.61786900654534416
0.45972218121362129 0.237011031359215 0.69096827408326056
0.44098442877794297 0.25083419857035411 0.75472655221397766
0.42844722263209073 0.21365567384614831 0.8084839116324487
0.42334093004456647 0.23914574589413504 0.88008847391475031
0.43642067601698264 0.22564037220093119 0.94675343726499772
0.43409631358348921 0.25080312169320668 1
0.43778518114838499 0.31432413740183818 0
0.42963193552346307 0.30296763090822199 0.053873887044304597
0.44208681724105892 0.29159044793121697 0.12193991754006743
0.45279166878412674 0.32753361611355236 0.17225937903737271
0.43399676770078027 0.30287141575342169 0.22039188415754357
0.43955934493199905 0.30313215275504796 0.28352652608231749
0.44781098197108343 0.28076066508399394 0.36061091429712927
0.4471507376841829 0.31188671168742343 0.42031055082744623
0.42876046616050351 0.31334216733384995 0.47370531309289765
0.44072877322248644 0.30964463789897301 0.55675918416675807
0.44195729094063191 0.32938684642778404 0.6378620460329778
0.45558177117290194 0.30123906515288917 0.70312486972354027
0.45947366570301995 0.30842346463926223 0.77488108465823324
0.43405511731281188 0.29460400720279845 0.82704858982657625
0.4531701565038842 0.28375675790700461 0.88756855179690353
0.41375102584222306 0.29718441726187711 0.93522333947736846
0.43521301320187228 0.31563197869810805 1
0.43639151679719734 0.37339097007904692 0
0.46638120383220449 0.35159495066030622 0.064617701481717027
0.42700317628817852 0.36466732413672087 0.12388435903418865
0.44191289222119501 0.3822555038224647 0.18921348572064273
0.43055696161118912 0.37011620746049956 0.25539588514936545
0.44208307705584471 0.37131042429856698 0.31549999630268671
0.44396996798763605 0.33675675292277701 0.35775755534631021
0.43567357656678918 0.38491138889394999 0.42605378024100149
0.44365584572382183 0.36123161410787508 0.49101618067355701
0.42944008825939062 0.37303281971907509 0.55458911265550981
0.43418078270653998 0.39181785830409666 0.63041559956274218
0.42311626612769287 0.37206288862738834 0.69091483928427788
0.45926433198995603 0.37231377306707752 0.74566875669159749
0.42004243276545283 0.36033796685994457 0.8102198191360398
0.44183691305030287 0.35661384854453854 0.87604248090567083
0.41093358305372513 0.35949368558378308 0.95309599793412947
0.43714963495198589 0.38164252400967358 1
0.44247238036501335 0.43393017787252824 0
0.4225507185634248 0.40804296990693195 0.058587772458103801
0.4396634419165662 0.47257002162938039 0.1390938081075658
0.45626881613287523 0.43487661456142279 0.17151392234042739
0.43145646184943454 0.43823241540779384 0.23994926900870636
0.46156778093921247 0.42790941056162829 0.30078940934227089
0.42476074348298198 0.42239642583687237 0.36828419697186726
0.43489673124606743 0.45889450965002915 0.43948671517319593
0.44646032716609768 0.42166883025667545 0.49648766904818192
0.44085674927087898 0.42648026892623769 0.55624559996382106
0.42720813411621095 0.45598398240681687 0.61999055083283472
0.4477737412744357 0.42983993016923511 0.69436466452132251
0.41353635120361498 0.41462242209119438 0.75295767179862927
0.45646354940893746 0.42000895578557712 0.80763583743796397
0.42579405670982046 0.42564892093364304 0.87993600960183216
0.45438701912162766 0.40407936105827658 0.9392480708203681
0.44243114592569782 0.44496910198943146 1
0.43673704135421509 0.49919338845348771 0
0.42420504514568236 0.47448202599777756 0.063751700914281451
0.43858155180760483 0.5295765950108946 0.12149983675358923
0.42742136668170855 0.50084729398407335 0.1919799077670945
0.43095763221006161 0.5143948133654449 0.25358573159681008
0.45282940770904567 0.47544751006029551 0.3160649741444097
0.43343218619724511 0.50646610303453099 0.39006706908949773
0.43747368583697871 0.51688623915765564 0.46935023377399149
0.44100620682427427 0.4899650402661449 0.52565196965707217
0.41772075761502842 0.4951629398589722 0.57761234925724869
0.42969377180226248 0.52327298680505685 0.62773097376149289
0.44407719738217977 0.48703307392619433 0.68613770714326217
0.4218972321249575 0.48566480728205763 0.75918493641414608
0.44104972299025413 0.48325363952404587 0.83687331322007763
0.45608968437381092 0.50395439191938773 0.89313862524953869
0.43473987747105081 0.47420652982368156 0.94772605826866585
0.42955118031865175 0.50337882422925784 1
0.43997698890852605 0.56160714356515529 0
0.46522799743578402 0.53961546329860621 0.057594386440760675
0.45413843283422795 0.59612521671057117 0.1194535191587142
0.43388149749216848 0.56243820398622524 0.18068005724118866
0.44829874784877249 0.58345873989496722 0.24936986690309246
0.43641248601599608 0.5380889877685614 0.32296436164108905
0.42709533863279231 0.58202888486590321 0.37902239882740169
0.43503949820089577 0.56143711055101853 0.44073569911624982
0.42416515094883844 0.57428154199681825 0.51231212381651026
0.43956341930874321 0.55352753215451345 0.5729595753179465
0.43931801338467052 0.59439873059019077 0.62743690782243877
0.43918998722223251 0.55389915795274069 0.68800933711869405
0.44798074297058166 0.59011314089172806 0.76380191098683137
0.44178379200581414 0.54448468695441021 0.81724468653272164
0.42034460752296121 0.56738281256368461 0.89017432273326447
0.45950169700560428 0.55156084834061347 0.94803980802767018
0.43801352073011796 0.56477599848072746 1
0.42115770817221782 0.62533246844288548 0
0.44668647406756667 0.61999471662878836 0.060294205144299597
0.41160576480657429 0.64795492807620525 0.11521184596591312
0.44964297226649197 0.63884116216290388 0.18287711033432522
0.44366905534852319 0.65517420274345894 0.25636313007717454
0.42596007955606363 0.60204481509302987 0.31049422565395501
0.42952775167629081 0.6387936890305882 0.38701104084244131
0.42225166291118871 0.63129709984066673 0.45366664518496547
0.45944412370356319 0.61450667046770902 0.49533263157614987
0.42157835348084494 0.62766582292887418 0.55266786988632688
0.44468264663380069 0.6475983579560517 0.63642302975934484
0.43795739173740256 0.62366074565827034 0.70314456844667417
0.45802597222678459 0.64358903940746537 0.75932191913880331
0.44032147895816537 0.64187562838503931 0.8235876943427346
0.44902690320172089 0.60979890979988216 0.86779329978159092
0.43518648183204134 0.61787703213651057 0.92937939365989441
0.44263147959138444 0.62664910697139797 1
0.44157698882895974 0.68657288259705251 0
0.44102430019108307 0.69869069681804974 0.069193212766985063
0.47453603915855674 0.66520772945703999 0.11558958236558292
0.43616525225990488 0.70579964065465117 0.15087347198787868
0.42326904232110812 0.69960461743619573 0.21130010660346754
0.43801794002475064 0.6640448605713456 0.31635084258449997
0.42291977195599134 0.69340657206418999 0.37214605276979495
0.45200919918753912 0.70409260814206687 0.43085680723511388
0.41902515533057044 0.68397244412741143 0.5097876061349621
0.48133987354421209 0.67083558084381389 0.54032238709580227
0.44098696629513101 0.68087861591524235 0.59317871190293303
0.43270740783594352 0.69706055653768328 0.6685920959146201
0.43416880097924981 0.68479629865521829 0.74664290570661718
0.41977635727054796 0.70538334360485322 0.82278067739392335
0.43096719479510232 0.68290458747968263 0.88988452695913334
0.44092301270353623 0.66083856123107754 0.95594932776059793
0.43285615153709284 0.68906969998546563 1
0.43927993643301172 0.74997694203691168 0
0.45640748975066553 0.77045115734145198 0.053025597253633795
0.43894510324469793 0.76825091136179657 0.11957814693631473
0.4154626310280008 0.76293487677829874 0.19757181519749684
0.44148549421141464 0.73612816583514917 0.26003662697606306
0.43109944434734876 0.72323951882054149 0.32069753747036178
0.44563615056071793 0.75736733421123137 0.37292860761293295
0.42879353348244259 0.76851854743720627 0.44413249780665892
0.43397263937121583 0.74158606040821884 0.49766298594105346
0.44862540579744453 0.72704145664089614 0.56758831250600428
0.44057965599531457 0.75923948421288445 0.63162350302146086
0.44298793438654827 0.75214416152838581 0.70929415932078288
0.43198285929949859 0.74419898814888974 0.76424736180296204
0.41476763689237328 0.78122338572361105 0.8085004317522555
0.4521251634526896 0.76352832375134716 0.85572332005403451
0.45031544262905177 0.75633135024709874 0.91475048214660204
0.4325504882350022 0.75114888527531143 1
0.44377924383784062 0.81206448269699394 0
0.41159128173843923 0.80533573891460764 0.082115165563669837
0.42762181432351765 0.84129582443697948 0.12801799935469096
0.43459454070299169 0.8186404753020845 0.1805203969169136
0.46111757356521088 0.80197674303963196 0.24798751517893403
0.43094042983195563 0.78935527282298257 0.31149898057559056
0.43252932159170693 0.81659318425894967 0.38002362276512741
0.44442855532678255 0.83826734319798923 0.44812101877823474
0.45549528695536012 0.8091056842221036 0.50525125168123564
0.43788990095656966 0.79346794640979101 0.56789808279282161
0.4179184497329082 0.83723435211018038 0.62134392515273662
0.42678824214622113 0.80980938205194175 0.67509475585372059
0.45370966004698604 0.81862182176591058 0.75056733926044028
0.42942322827971063 0.83203726661045607 0.81042863932239029
0.42503101126503534 0.82163345945506183 0.88626662788538324
0.4494553624343755 0.81492671558278917 0.95543394961036476
0.4481962382139652 0.81125136768656791 1
0.42932905172746688 0.87624050942566689 0
0.44453279002103047 0.85233160898981819 0.052487655975250826
0.45207314702741863 0.88739216420417955 0.10749604959919727
0.4225008366950338 0.89436639232193249 0.17627253166028811
0.44469076071490465 0.86646343051299779 0.24028772650476313
0.42174209358434156 0.85010346738622533 0.30747257623310126
0.46256474376896772 0.86470415748947183 0.37385323366751222
0.42739747816438917 0.8838741717180032 0.41934827763503818
0.41618636388710878 0.88412190576534799 0.47649987606760352
0.41320196278195953 0.8678153259167336 0.55025193761008018
0.41118119297540123 0.89692251635189346 0.61655819911474075
0.4424466714122659 0.87935133495104478 0.68939579550161956
0.40893336979259359 0.89062031416746246 0.7569155820541873
0.4511334521093921 0.88183837018008082 0.80112362293192962
0.45243263558575703 0.8818335337608697 0.86387137815582038
0.45966938959215153 0.88650800750109993 0.93148567003603444
0.42641536160477023 0.87462693235851774 1
0.44353989572439112 0.93754915685393059 0
0.42053022069667617 0.928344887808497 0.048230003518154888
0.4151557579420419 0.94104672574916659 0.10100039919607848
0.45299519282685091 0.93651071190857837 0.21502473594657731
0.4609274926137843 0.93999077041873869 0.27333584417595513
0.43557789850967588 0.91112135310476183 0.31873660562115769
0.43794466852888642 0.93952225432506831 0.3729451318757227
0.45681576884694886 0.94030071565141382 0.45905819595785918
0.41895708397353448 0.93757098327172916 0.51928327764817372
0.45182798101476884 0.92601235385205438 0.57194585992283864
0.43902055708179105 0.94665112647502592 0.64235295898659794
0.45276342949366077 0.94347484903724821 0.71657913579091237
0.4582934835786116 0.94466829116227014 0.77820832472900803
0.41700119366490374 0.93942999666446991 0.82996293413615874
0.4441819387944323 0.95915989048576344 0.90712604531554142
0.41154266348577911 0.93649049487722091 0.94849171642734909
0.44188835159149126 0.93852899474082763 1
0.43395778945126318 1 0
0.43935220684884835 1 0.058834951804354892
0.43949952453151586 1 0.12077723110356614
0.43030029203507647 1 0.1873330053950033
0.44490202213887198 1 0.24942348433114234
0.43156347167828879 1 0.31391884400516834
0.44455015200693582 1 0.37333567299212539
0.43681580510055829 1 0.43425331147880347
0.4374845821408398 1 0.49352078610359212
0.44575274038126123 1 0.5525180198582561
0.43467387310620442 1 0.61146612913317877
0.43644365198975987 1 0.67539059513021094
0.44009147481917199 1 0.73757081429964078
0.44132287710546009 1 0.80383058718925993
0.43652944858065035 1 0.87184827816219757
0.44061492011622122 1 0.9382874591205822
0.43722469951923615 1 1
0.50302637380947479 0 0
0.49088160428229949 0 0.064461917589324916
0.50184070498969668 0 0.12840244238558601
0.50037092395431959 0 0.19173833406516377
0.5046783768802392 0 0.25660227942227687
0.50447132073006107 0 0.31832074133054605
0.50495804544905554 0 0.37805167583790528
0.50480685635899836 0 0.43684657551510325
0.49514900482635998 0 0.49806864401906853
0.5064024359010979 0 0.56177874513488735
0.48802541879056377 0 0.6221262326382907
0.51126797133393875 0 0.6860033975974078
0.50138659532416707 0 0.74597685153813442
0.48820667825853009 0 0.80835741151670382
0.50144020541491863 0 0.87453593286211151
0.49848690366085091 0 0.93650152613225779
0.50077951662560061 0 1
0.4995371073141322 0.06760973190368734 0
0.52806015566231734 0.049547168812774309 0.075445630072197914
0.47767801839565222 0.058737763053701895 0.10981185291046189
0.48509530095732672 0.062930395118098656 0.17854731701745136
0.47417402771051786 0.06621513902001526 0.23622492165247458
0.51895491787759407 0.074338023504820466 0.30224842268170882
0.48533871990872118 0.057023311205324521 0.35628848006870406
0.47425186606362651 0.057791367583585933 0.42871920543133496
0.49712007816283915 0.048435801520916706 0.5108770938059235
0.4946665599952258 0.079221254845044484 0.56041367139987375
0.4754237159098551 0.065722780569250003 0.62504627541569768
0.52276081494238069 0.051642231596338628 0.66626473498269279
0.50308828619812518 0.053990568679020474 0.74942403142831437
0.49262278338963783 0.077610172425201088 0.78952890168002587
0.52420630759528963 0.059539705172023311 0.84544149655664302
0.52644205523230203 0.058682148364078084 0.9607737927767972
0.49861232271562528 0.063535615784878 1
0.49415900282324754 0.13094113885061948 0
0.51101468020942564 0.10387869148939413 0.056167858799623153
0.48704348983561846 0.12444696845043535 0.13488334384786024
0.49532244705110989 0.1341593895618973 0.20713206574916387
0.48406616616282488 0.13059953597681581 0.26724044272320407
0.52783461035510382 0.14325566189102712 0.31537927088380335
0.51076609165742515 0.11448353507482875 0.3761635608140379
0.51292729772531509 0.10964844659091938 0.43713294306745915
0.4862861906477261 0.11028277311921006 0.48866028878511436
0.49908151212710522 0.14144419267408279 0.55535448708848734
0.51813764485251446 0.12221245228756471 0.62874136485941701
0.50399379404380973 0.10264770167816445 0.69588759556656166
0.51116797450525742 0.13865812429971788 0.74556266647131597
0.49342526190707403 0.11727538584813008 0.82320694677685513
0.50513934951907569 0.13206561708512302 0.89424300002465784
0.48074359892201501 0.10178837333957651 0.93953852866658283
0.49467572051884184 0.12475803852351225 1
0.51321563921441293 0.18799477759741828 0
0.50665165518414934 0.1656295208521161 0.061633806475890195
0.4982897311266366 0.19465363621189635 0.11790907194779501
0.52377747896521232 0.17758517748952565 0.17054987904619101
0.50147361213365227 0.19992321079715511 0.23497660247689003
0.48317814730080438 0.19514158466346618 0.29615031135392256
0.48328842834111235 0.17318730158954468 0.3693766277250321
0.51547250202240846 0.17818387614107925 0.43929213280979135
0.47916851296384333 0.17100452612234507 0.50503715476029687
0.50516729847291419 0.20139926175859635 0.56281552578475247
0.49015818785681498 0.16678010495972465 0.61603705339600368
0.49740727716018657 0.17910265385669588 0.68122267446021811
0.50758222649789297 0.20929128355535853 0.75725639767462871
0.48444848229294257 0.17463595554217767 0.80866509363194294
0.52401213524519874 0.19706818383951119 0.86968834656902061
0.51833391685992092 0.16760062958830041 0.94341923471903189
0.5026043689945674 0.18599948265867666 1
0.49870819581715853 0.25075677099881222 0
0.47477886740338066 0.24076012013916567 0.056810510097798014
0.5007428144293623 0.26356449628873735 0.11941978373841255
0.48808567535231434 0.24600462505212339 0.18227968911410034
0.50516691355038679 0.27015375855359469 0.24912549073026993
0.49255841594572369 0.26014591906820889 0.31200992543092254
0.50715970846967184 0.22919462774283339 0.36549658176002731
0.48724040173137256 0.24732632956549708 0.4196255788941371
0.49867899747122763 0.23612576111359632 0.49468342070231619
0.52080927345692307 0.24846909809617657 0.56891833235974698
0.48701949374951137 0.23063227476123518 0.6195436223599553
0.51828155825233346 0.24532066181642836 0.68154561573515593
0.51433798514969842 0.26682065519953391 0.75152015061607369
0.47991808575120593 0.24227444134107454 0.8203648408696792
0.50684480020029921 0.25355581610862199 0.8777804914703522
0.5019200118840611 0.22130477323622896 0.93059284346940052
0.49339044086059586 0.24778250934557905 1
0.49796983378674636 0.31188477820218885 0
0.51024523843641867 0.29255828189998551 0.061031957768605413
0.50020748851407426 0.33054591586821969 0.12029839946655564
0.50482545546671553 0.3086276692555634 0.17699781147579566
0.49611629366578791 0.33736838654607154 0.235923861071765
0.50310657610309872 0.32135897270104496 0.30240792644569381
0.51144099842486468 0.31042677154917719 0.37439934827501797
0.52354077020799472 0.29174550489271084 0.4506578178425073
0.50316857950763938 0.31554863573755443 0.49954864443266783
0.48753689544781048 0.28879938787486675 0.555323428651321
0.49494949278433875 0.29593379692323318 0.62760041490770935
0.49447498013409258 0.35048756335677567 0.68228179666871303
0.5121722210410955 0.32755762432345303 0.7546036593035681
0.51071922020058103 0.29529945848050509 0.82389118362303626
0.50142377680577987 0.31875859042137389 0.88201149343650687
0.47805688128127877 0.2809616952889169 0.94398898923928032
0.50012309689596612 0.30767942928056685 1
0.50126482602711731 0.37541411347654724 0
0.52852263341954453 0.35193609179643548 0.063278346082126513
0.50273062792654044 0.38425531265225293 0.13906153551591813
0.5013840366099378 0.39684430376017493 0.20734883374321447
0.50492018132044103 0.3972501344362161 0.27209576726945872
0.49529916599929641 0.38362379868463103 0.33906364236909292
0.48231759821013537 0.37764634813437908 0.39172382406028744
0.50132519400058162 0.35351195405691704 0.4427409739924475
0.49564081107809993 0.37123327981399334 0.52238147146085789
0.48393313940286414 0.36387769283833338 0.58192305344651085
0.51445749990308132 0.3748153084531845 0.62096087704686187
0.50216688749300964 0.40581969656082156 0.68511624487240019
0.50967089369152174 0.39126662591771438 0.75707229014691169
0.49189096346663136 0.35836320821610906 0.81844324134394264
0.51212271409346499 0.37651816645612379 0.89551526671042836
0.47018912196063939 0.34389248865431243 0.94291619335350085
0.50056441921655737 0.36763678348419748 1
0.50023486031541764 0.43920370167757072 0
0.47707716152257884 0.41253763397963994 0.045406749021061114
0.47903606852677189 0.42549206836034653 0.10397116549510788
0.51381387826851765 0.44961488071968841 0.16419409644197469
0.49000947204746104 0.46955398297767342 0.23192625089803831
0.52565867700067026 0.43949406332302465 0.34151836271557967
0.4818775242227849 0.44480304163079565 0.38089063622488495
0.48738362844160571 0.41579394492560223 0.4475482075520657
0.5201910601451879 0.42588874748203853 0.48104794313617893
0.5101430371257254 0.43296125684956621 0.5501217897699332
0.48212336047346177 0.43459530942331837 0.62178223106527841
0.50712667641725129 0.46515292583647122 0.69596467276289997
0.48431489325054716 0.44605638591484137 0.74819114190567382
0.52365467134321675 0.42785255429552888 0.80970917709890178
0.48526136223004407 0.42406103942769541 0.86160362761880216
0.4933998306715931 0.44687285061359766 0.92406944436832328
0.50600462938387236 0.43387014188303513 1
0.49773578645514216 0.49857421271270747 0
0.50212868856459314 0.47226271494478494 0.047947251197922196
0.48713688769691926 0.49662535753573189 0.10601793711672242
0.50021393185761176 0.5163631998480156 0.17345179601123858
0.48778561590978348 0.52225991349648626 0.28036685981320014
0.51976198968216258 0.47437193888690882 0.28643044085167263
0.49953103443020619 0.50844368241778981 0.34765370811223617
0.49837460283037693 0.49627948389972903 0.42488558470984505
0.48790593639703822 0.47870094162487647 0.49119204890404594
0.49282268363139536 0.49465843946596133 0.57465168105541198
0.49338240405704925 0.49803525484585481 0.64079420900470652
0.5193879099163089 0.52180557581796871 0.68750141383092855
0.47665660442004343 0.52020913582080197 0.74244488692239474
0.49707773468008348 0.48953897302075072 0.80224938898939924
0.5177200336389064 0.48110180500310257 0.87181424438321775
0.52677763509727948 0.49786229564761741 0.95292478094768907
0.49221982835382239 0.49782754028070658 1
0.50322584220053113 0.56279728689816111 0
0.53356238315312354 0.53718254575433833 0.060596413496689802
0.49503455840823962 0.56206081904482563 0.12055228197516388
0.49996182877732764 0.5857604307171862 0.18403553025031355
0.49334848884823101 0.54808053788275579 0.23026132195623106
0.49566612457635784 0.5748023374738338 0.31884283012856868
0.48231447210543815 0.56260876147078054 0.38934424297381559
0.50812438322118358 0.55110423544935871 0.45459750004465432
0.48961601995335619 0.54659544147665784 0.51534145087977956
0.52268480362629077 0.56859672226899804 0.56042217311570452
0.4912195522485534 0.56042790558716726 0.62309366320959714
0.50668187340113013 0.57593425966649614 0.71037842897507386
0.50825819101557168 0.56183181296524487 0.77535647874514657
0.50559211297686213 0.53556639680825824 0.8409188059346494
0.48935070763818572 0.56491964197398092 0.88551021567190369
0.52659641266498591 0.54482004615046187 0.93256373899731959
0.50032009891814133 0.56202710126061561 1
0.48235870561096372 0.62931481218074437 0
0.50274489557182978 0.5899915921730956 0.050632697907243562
0.52483152516602627 0.61740109583793523 0.096510737702200061
0.51479280385278436 0.62896147664643454 0.15571479339266325
0.50741309022555736 0.63371887306399066 0.23750811064667746
0.48974519983711667 0.61752906159983811 0.28647746480987568
0.49980823489440351 0.62486931343698038 0.35481094050957229
0.4790010038213533 0.62446963706415271 0.43236804190328204
0.52062269009986573 0.61839925679952179 0.49677292555491265
0.47961407278691753 0.60899601859151398 0.56634569267372092
0.50173158937492712 0.6467418256399281 0.61709394039104437
0.49283141536147262 0.6124248547158273 0.66818450136539964
0.51162782161046749 0.63138339378298391 0.74118353316091412
0.49567664786607912 0.60182774338782963 0.81799756109513377
0.50606158445756555 0.64272034341503725 0.87122556443832611
0.51138788332734475 0.6066755586385213 0.93614004845522258
0.50298166860594984 0.62381355794888604 1
0.50382413422857164 0.69260764451850232 0
0.50505502000620861 0.65820523522400787 0.048802984445838402
0.52840675752195032 0.69360889333386222 0.098868096147315454
0.51200912201650706 0.70226591269656813 0.16317532627343229
0.49369968016259852 0.68915583661795721 0.2187197247694144
0.50188495214820117 0.68926885472633947 0.29523694136809636
0.49377180554317557 0.67151857010225835 0.38027763252456792
0.51963400482339317 0.68205458699049182 0.44469782508064759
0.47821163736285943 0.68216645555096955 0.48222697517894036
0.52269352204400321 0.70447520648446904 0.57869230444899
0.49513726813786879 0.70885194912837246 0.63600284848819932
0.49879905168311295 0.67716674709871638 0.69188182637262208
0.50440489537778166 0.71512268417362235 0.7455640802121386
0.48735314739941826 0.67869323933229719 0.79863170156953656
0.48881481965547724 0.70834475623063131 0.85755676584570373
0.49365756835109081 0.68078029857825673 0.92150466252345997
0.49728393609596211 0.68678573753033134 1
0.5020719948460024 0.75651812891636883 0
0.51199620104180643 0.72276172324345445 0.050109468058047037
0.49122422878306654 0.74610770243647684 0.11337362016636376
0.47343311799754589 0.7574141939343817 0.18726022321131311
0.51517586681614858 0.74203044653126493 0.24252580914609093
0.49042809143320804 0.76446723738155542 0.30433517322352732
0.4977025833810565 0.72037705001095786 0.35504312063870064
0.50778302434413014 0.74010452718545683 0.41256796511526345
0.5052211729580931 0.7562961520855408 0.47455802846949896
0.49344539710392621 0.74503900565230863 0.53351278008589875
0.50457095465446555 0.76566289925339148 0.60363558251614235
0.49503950064187885 0.75374122529249044 0.67415803050398881
0.51078490753584926 0.77411900536506739 0.73850602641035767
0.49078716397125272 0.75832104090713115 0.80420746635279494
0.51524637738296131 0.75845224920522458 0.88329431976895167
0.47313425985197277 0.72754430216585764 0.95035061199641091
0.49508855262124435 0.74957450813346549 1
0.50476555231774378 0.81794604924554315 0
0.48846985918993502 0.82713563279107394 0.077196208074803346
0.50596952530973549 0.81695558177828054 0.13949712356471392
0.50696168386671303 0.82069999760541257 0.20649441614849229
0.52457114392659221 0.80600083035345182 0.26490462252447294
0.48472339652660212 0.83328914117635444 0.30925531137433232
0.50652319676825519 0.79009482332673442 0.35863374056991187
0.48274522161527006 0.80574767974093475 0.42472574611704689
0.51208241197420523 0.83381597566159738 0.48680057937880505
0.51435228664101751 0.80307523319177554 0.54990816672642617
0.48634825861631931 0.81402206208218575 0.62594893643464466
0.49160828510388715 0.82386616679093427 0.69245320445219272
0.50769455986057144 0.83451078316172067 0.76734950706707961
0.49156982658219456 0.82216006015388698 0.8338886364728948
0.48402915622099263 0.82429505025602101 0.89709683496524484
0.51789579885410997 0.78564939108323883 0.94153145981533259
0.51133524183323065 0.81200834073864137 1
0.49741544162918816 0.87600474944213402 0
0.4948978577753721 0.89965868072865995 0.047620501840197643
0.51226114603808526 0.88906036531553889 0.11364161850766195
0.48549272609259836 0.87372064257633619 0.17479189024105046
0.50579436643767295 0.87553348821850518 0.24585909967075506
0.48692189962977206 0.88886966509110599 0.30849077002233499
0.52142097491846229 0.84585697159002426 0.37045398918824884
0.50160552569682271 0.87726844147082328 0.43640983313665599
0.47160703961166239 0.88768126665113845 0.50634319445899645
0.47937409822849836 0.855353871742074 0.56517778255426554
0.47795713126160422 0.88378465958977892 0.63628892437456186
0.52532343874786103 0.87494851433754783 0.69430347056320496
0.48005359532235281 0.88832179658984955 0.73824142967313977
0.50457491677902511 0.88874422882546977 0.8045493581062696
0.52476801699323083 0.88558194492981379 0.87083559740446592
0.51998747537858614 0.85725705283529907 0.94455048294756949
0.48974251495890647 0.87446968044495355 1
0.50304654430942763 0.93829685488731429 0
0.48144277284658238 0.94937117799003612 0.07970408573763188
0.46910667437625092 0.94252893015325534 0.14663352134510602
0.51733324313871976 0.92852957388114055 0.19383913729921895
0.52220655509630898 0.93992806189801248 0.26453156515567211
0.50707470873420868 0.95104524236095045 0.33215585146335946
0.51628033654628291 0.90594651521805081 0.3698495740343169
0.48527154126236416 0.9417862864197809 0.40323804637627431
0.4968421671021393 0.94953005104104449 0.52158051374619274
0.5158861652108867 0.89831572719294239 0.57300926974232913
0.4961617971068783 0.95013891888280189 0.60247888625401225
0.50365040451704479 0.94205731269885784 0.67964379004780029
0.52047516518849624 0.94256431544616281 0.75535316963494259
0.4857727515410864 0.94293066335439824 0.83764279127217844
0.51372190589909461 0.93594437992023416 0.90194612425907916
0.50421390057926463 0.93902353186130372 0.95580385533601886
0.5060011290929779 0.93661952135612125 1
0.50337274849405511 1 0
0.49514619710989743 1 0.061902369332537725
0.51031323541274276 1 0.12047254682595004
0.49060662332146493 1 0.17938814419375157
0.50622904000455171 1 0.2366052761256206
0.49666225375364909 1 0.29930753599362742
0.50450105975492687 1 0.3616852329819879
0.50100949668120087 1 0.4286958302089115
0.49857682658258135 1 0.49582225526052787
0.50990629934177423 1 0.56210222135958032
0.49533002629301831 1 0.62449946173052429
0.4994676954649605 1 0.68788618335270357
0.49385182171958397 1 0.75261523669788155
0.50209432519837816 1 0.81463030946169379
0.50051350658253402 1 0.87551295340393231
0.49748474501788403 1 0.93751287463498989
0.5004061850287046 1 1
0.5675799353490848 0 0
0.54977625800202279 0 0.062480948606641495
0.56809037765418213 0 0.1250233270518632
0.55986962375704352 0 0.19112424138213444
0.56573225186175813 0 0.25545837150954931
0.56666686273276434 0 0.31896566441492163
0.56639986628709693 0 0.38132934137271529
0.5648208404626569 0 0.44605980583706634
0.55806891427817307 0 0.50931588351655699
0.56694796730915153 0 0.57202300576254528
0.55351475522951465 0 0.63240985436697461
0.5717279155618139 0 0.69542532197628348
0.56731305818663524 0 0.75526509806007436
0.55112160171177205 0 0.81606098002146132
0.56229238376984525 0 0.87516636746361121
0.56175464177499568 0 0.93851813433174858
0.56494787312748485 0 1
0.56056288127707909 0.056985594286207676 0
0.56972001329440602 0.049903882922301829 0.067778218795262024
0.59118763472783975 0.056579445131554509 0.13067027405003331
0.5328606599150375 0.057209418752781349 0.15815956015176538
0.54338963431465348 0.047171960376292357 0.24647779405940443
0.59348456838477781 0.056999978083938696 0.31424769598646213
0.55503972088013098 0.049451666091147477 0.35343439866831777
0.53920461254011554 0.058457605470397488 0.40420440503491206
0.5448674227543312 0.061569765552243562 0.46770112263508096
0.55909888508732131 0.056471663074236178 0.53667837596113566
0.54226562271057266 0.057811460504703163 0.60480384943990373
0.57120157515791425 0.07809457833108184 0.66771445341842151
0.55181304595824821 0.05850637088215413 0.72820096407993473
0.56537611005170296 0.049972157755621471 0.80947246761793812
0.52829732883551839 0.058011786464431683 0.90457887196164133
0.59486828390439528 0.065590649528249348 0.95033448793726849
0.56566959644273906 0.063041413626911819 1
0.55899271777115178 0.11831116685720186 0
0.58217730083213126 0.14554061995177117 0.056393237078044292
0.54027010811097753 0.11729050966580445 0.10917581175162347
0.55483684229723196 0.11184650636063899 0.16884835759508976
0.5425166222862331 0.10034770166908739 0.23372494318901857
0.58046322783905202 0.114718182922097 0.2855396084139572
0.57335126414366155 0.11184951993351309 0.3500430069206118
0.56638851523695155 0.11392508615755519 0.41563089376983914
0.54732461597427706 0.12321762422985319 0.49943073058740217
0.55919214963779895 0.10768494542644345 0.56951228224462402
0.58873176595970678 0.12520317748504822 0.62597799358357464
0.56260821134338268 0.14634784782449031 0.68028311339819336
0.57850834922504435 0.1179476911494976 0.73078789069412475
0.54804744454399557 0.10183233933869745 0.78769796711918316
0.56247711684662427 0.10811097701188754 0.86115425553190805
0.55202294983566602 0.11615996358080313 0.93287033451953738
0.55423260670623231 0.12652511078085285 1
0.57362093366979128 0.18095063664497388 0
0.58219982622025446 0.21025244153663142 0.051184624288325833
0.57122394642759955 0.18471644445805685 0.12160500977393052
0.58292436406369319 0.15879814422951297 0.189599335656392
0.55022195472607882 0.16851264194607762 0.25338930681741362
0.53860414183977978 0.20829726549883984 0.30736317757226395
0.5523307091651064 0.17826663686969035 0.37405363617373605
0.57451097348483005 0.16867781010445743 0.43766453069836858
0.54755897392851449 0.19391258766836539 0.51192838841999189
0.56237728523315289 0.16244385305753115 0.56855125951718666
0.55583985573508388 0.19998293681000456 0.63404734470408619
0.55890118716154069 0.19665698104904988 0.70728407999136378
0.57260366717815259 0.16957249092364815 0.76826695764276975
0.54433790932127712 0.16143640973232437 0.81692631688747019
0.58074983812763736 0.1700813163979798 0.86545232941456807
0.57199617928954549 0.18871022269863974 0.93271824765132627
0.57061461727064622 0.18781399400946239 1
0.56109469610532425 0.24809724083007501 0
0.53985857766097001 0.23415678834312809 0.074439564412049491
0.55435922885995126 0.24651110090709821 0.15114721599656819
0.56288696710223096 0.21735130449945819 0.21073460307646552
0.56360715099405101 0.25279382704369935 0.2774851285344887
0.56168432729375983 0.25582527058807797 0.34533425900542392
0.55231954582200893 0.24639626776689152 0.40529116838292933
0.56539298379423586 0.22841653813924248 0.4567520229826621
0.5530938355976055 0.27037822405852763 0.5145947955799407
0.57566570171325915 0.23299360198559851 0.56600162650347274
0.56387323967453784 0.26837246255277902 0.61993232694898825
0.57454196664819679 0.26015303892700326 0.68182551188428386
0.57941967496617819 0.2343979069578401 0.75560523835859394
0.55301173268105663 0.23356541194242858 0.8194089701580175
0.57658649122217875 0.24213826438926844 0.88601086285263309
0.54255846642220051 0.26768971875972786 0.93874391664119849
0.55492159549403819 0.24636893613495975 1
0.55716396338119922 0.31404382290355859 0
0.58339998260058801 0.28478963917744021 0.058461569025319335
0.55649497564347239 0.29965863908384094 0.12141981023483008
0.55930490395720656 0.28113774329810809 0.20918644997950409
0.56061261472747426 0.33025587891739416 0.26033512865264719
0.58051618175021258 0.3098458907543592 0.32414329795019725
0.56719569879650766 0.32443342117319918 0.39609717522023541
0.58808723908658056 0.28503285790265526 0.44952461491293572
0.58627002116315041 0.32224105931884767 0.50866823287278329
0.54493655360208904 0.31781605311871924 0.56769671208888361
0.55514060930911335 0.32326579021067914 0.63944164749862209
0.53235699823463811 0.30573957493761922 0.69232351535102177
0.58464726977023385 0.29095450965297975 0.74218216447335295
0.56425735917500641 0.31086688496787118 0.79663434444587067
0.56678912435964468 0.30613396099564333 0.87087867096726979
0.53324823630877272 0.33147157143930106 0.94378724317640261
0.56543880419744175 0.30795217980232009 1
0.56742464656074754 0.3808427671099518 0
0.59137075096820535 0.34795463967354756 0.062746449230211027
0.56680166337057014 0.3674701932184975 0.11884651238376898
0.55493386721411186 0.34248562582898767 0.18436440457744335
0.5690237739559818 0.3843450986695775 0.23767975212726489
0.55372635925179159 0.36639920070142917 0.32589333709351925
0.54580706022523606 0.37965180805921583 0.38465269326751617
0.55829326552125813 0.36205018115004328 0.45798288481774274
0.56060321595948925 0.37564973593703915 0.51610044637521235
0.5658708865875165 0.39105428348122523 0.56508172731339312
0.58471966373708617 0.36919178338191028 0.61510962157219407
0.56313311061420745 0.38181412730819608 0.67116144009041223
0.55773474728490213 0.35758157002910723 0.72724441271160356
0.56191104219825494 0.3825428868923878 0.7907773766720444
0.55176452780957752 0.36897745888389344 0.84810998450033581
0.57822096657715638 0.35673602420493888 0.93318202297782837
0.56380934921308801 0.36875434740591917 1
0.56131375970352115 0.44253633242068402 0
0.5408884936339915 0.41397478220552103 0.06459055496468398
0.56862965395202114 0.43402688860530309 0.12102805024583475
0.56294390074946932 0.4056914583679947 0.17551843466206243
0.56326373489550485 0.45198703400545576 0.23636504977186595
0.56369199969025352 0.42168164962349208 0.29511174711283283
0.5885798057871019 0.43185062074436437 0.36728770071122396
0.54272872010306639 0.4274367410305509 0.42045395552281795
0.57487930948354837 0.43381040174068369 0.49177682284593099
0.57241546433755086 0.46434563259797879 0.56939189300201609
0.54171706901796335 0.4397311957891239 0.61917921941321585
0.56255107102315238 0.45337933962306365 0.67532767723035536
0.56226414531463043 0.42416183168812266 0.73588874977920549
0.57644037804370962 0.45335713081332712 0.81848491604929108
0.559591656461636 0.42452463754550734 0.88372583624025591
0.53263163778864719 0.40484525438039409 0.94845395444141078
0.567736063565073 0.43307792686909558 1
0.55758573318706139 0.50500923805098186 0
0.57957360616584819 0.48077853212484228 0.061961833220942751
0.53672835445154043 0.4797793859018944 0.1089314383527997
0.56407022157168207 0.48730798740340103 0.17788408334577227
0.5593115215410922 0.51573771715079275 0.23550643198390325
0.56982187227068193 0.49406125639192822 0.31618988917693541
0.55703348203619873 0.48942357067314046 0.37898253587383757
0.56025302213722228 0.48307146522714717 0.44410749595336774
0.54282495440551459 0.49208846191865646 0.50804908046726593
0.56259068532897327 0.52429383150108289 0.54961829206065882
0.55637347948546001 0.51418430935930848 0.62089803772030305
0.58613812342283755 0.49979171878536521 0.70313038744979828
0.54663546504124261 0.48575745600113074 0.75728570999035005
0.5731234774004903 0.51341069968231379 0.82195896573243854
0.55759079982886628 0.5120412678206574 0.88367997113527075
0.57439193713314607 0.46296875674489707 0.9377540298552236
0.55712949739878137 0.49885194657262777 1
0.57046828658101245 0.56651447188634829 0
0.59565102277091653 0.5505492137863105 0.063928822739246119
0.55173499934672243 0.54961703263641171 0.12476373725522615
0.57176433467741383 0.56399447239334943 0.18533861113033626
0.54251880148432596 0.5847740198907434 0.24149172583101727
0.54706198452216459 0.54479657415967719 0.28899685894530647
0.54095702993824102 0.55416380166012502 0.37052647874287159
0.57387488516737062 0.5444192648603684 0.42402715323183632
0.56787255805570436 0.55585308946590684 0.48997257679431605
0.57170296500653495 0.56935028281619193 0.57668710033415083
0.54264059000319453 0.56523500359851431 0.64176815084136696
0.58380215070883101 0.55663643104631533 0.6829433580436689
0.56212584255821263 0.53786030976287313 0.74613740494156855
0.55103067613955226 0.56055960427549545 0.80384041749461888
0.56078387243157468 0.57840366590466008 0.87017645458667825
0.58568787347684925 0.52718325577269742 0.93699714923630173
0.56233905899689685 0.56426564882206942 1
0.54042705384162959 0.62340062593897916 0
0.57553079404165874 0.60348542439243247 0.065165268793878031
0.58216429056809538 0.60864757609077513 0.13736817539117357
0.5573349499246173 0.64079020848579393 0.19838375380246059
0.58941415373799821 0.62326202270840925 0.24810206856763695
0.55211958410594919 0.62828941617281864 0.3003856193546216
0.57024935679076982 0.61181310925183741 0.36327398719862336
0.53734189909862928 0.60800988658090993 0.42633084435864904
0.57995560518441847 0.61648024407857671 0.5065013613271806
0.55088954247340827 0.64469441825469354 0.5600987967760378
0.55086901257798548 0.61129851741842567 0.61013934713532347
0.55733084682927969 0.61892213752605085 0.67561370472530491
0.57276791465950294 0.60160355771634755 0.74612837528378562
0.55339905798641098 0.62888492681282226 0.80690981531362049
0.57291754549201601 0.63901177612288762 0.8783978377163586
0.58702516361042467 0.5926725905762219 0.93549822162901441
0.56310596567392435 0.62407171689945129 1
0.56495976853396046 0.68177302438918752 0
0.57925453110966219 0.6691474352384682 0.059340228790176239
0.56719828640966852 0.66790578777191045 0.13425627412648591
0.56852992318746798 0.71155312877484556 0.1946735956134808
0.56067375487795212 0.69892762390203189 0.24736719463868148
0.56187264234705947 0.6851179063940549 0.33666879224099328
0.56038446838703027 0.68001602014666318 0.39576033843119879
0.57870750639291668 0.65245799026374662 0.45115696690789642
0.54224006015890913 0.68979784495020369 0.50520911779084121
0.5823981588817988 0.69533513370561106 0.57317477475999312
0.55726434260302282 0.68071515317394371 0.64010274244991283
0.57786177109047765 0.66280787213571046 0.7071479075585525
0.55773997016655597 0.67768519643067193 0.75981198711418341
0.53919478552541522 0.69719967599321353 0.82056207184839425
0.56522585455283048 0.70195656480189172 0.8877755798988094
0.54312326629352214 0.65503515375641497 0.94102157740912595
0.56372757143285646 0.6865341889039418 1
0.56492803479468312 0.74439536933225225 0
0.58033535334638442 0.7356982122048733 0.052426239465126631
0.55785242608519148 0.75197792926376783 0.12524638689564352
0.53925932054163173 0.76781859371302041 0.18791487360964954
0.589226518216178 0.76547687439651668 0.2420159442591569
0.55278036958990584 0.75452671224428047 0.30564226804419831
0.56672894534153173 0.74674584466691452 0.37873767723973062
0.57882614096005502 0.73325937417823761 0.44656714735212427
0.56508016232639346 0.75128810462085127 0.51986487752583099
0.56164437693614633 0.76772017681531368 0.57170812522583492
0.56315781760811734 0.74398664529904412 0.63084549714527105
0.56541821732949715 0.73111562946670094 0.69823189635993976
0.57100307630251168 0.74802068172481007 0.77283855197908125
0.5654339020813256 0.7480939170734322 0.84560943908125652
0.58637082779418304 0.76965337804691014 0.90686676219807916
0.54648628369067032 0.7254910569059555 0.94701889498253888
0.5560574595184552 0.74994249346986863 1
0.56411403575685026 0.80546602069598838 0
0.53423252650638653 0.78570514766801536 0.062114482236105703
0.56396057448049863 0.82302420748605798 0.10385530378590398
0.57679896803648434 0.80913326669267926 0.17062709595314116
0.56711896426897468 0.82619157790211939 0.25103486161148991
0.56043496662825698 0.82599641952818048 0.31811969096092285
0.58332476768233732 0.80295446931044168 0.3627767702811216
0.54538596906183046 0.80648836984021799 0.42424543644423818
0.56847558960823807 0.80048221285088561 0.48646620657382733
0.56254631543618316 0.84113373319310625 0.53711173469297901
0.56879325249406487 0.81959928300295226 0.61144562607272868
0.55024077619737932 0.79837252495793432 0.66866166960084206
0.56650912274613763 0.81337155861382693 0.73649361243630684
0.54976150969963355 0.79323133944088642 0.80897013314120358
0.55178357151630886 0.82276750992580883 0.88491561439676458
0.58112948191132929 0.80660563233002913 0.95470315466579392
0.58134296366985183 0.81295807597758896 1
0.56460129780991963 0.87184922309524016 0
0.54619825620277285 0.86437763964154968 0.053916022672101806
0.56615357774987096 0.88500220984017364 0.13438656619481285
0.56293432932203824 0.86669922360059737 0.19059467358343407
0.57291102724774368 0.89548053302905006 0.24456435662736337
0.55000495947608841 0.88267036032629853 0.30869218781202185
0.57237906520281956 0.8704930124684862 0.39135882499563046
0.57130537162714445 0.86699843649022013 0.46138879871011618
0.53916269890804314 0.89370617069102076 0.51153031545458094
0.58532259533956543 0.8824148010507491 0.57592627251929507
0.53396471600250361 0.85675484005586489 0.62056228384500778
0.58269558608908567 0.86689869228180128 0.67477862038207859
0.55517956829891413 0.88296217723738024 0.75316715782436849
0.56148539030837419 0.85401871010674169 0.81011247912017281
0.59420085737279071 0.87720770476117027 0.86448197977664076
0.57179937791178104 0.88628280034332352 0.93734165392642876
0.55038712607418538 0.87515653093942292 1
0.55897806915082127 0.9348367503817766 0
0.55220758994375074 0.94010206965811083 0.077833599054988087
0.54233827849289573 0.94650975880610022 0.13757093570790843
0.57053541975085964 0.94320482845155262 0.20821710762248544
0.58238702089308558 0.94561738976243637 0.28420040456516305
0.58575938907989722 0.93276475486821175 0.3422358337353672
0.56024006987373809 0.94942177469349553 0.39622998433878326
0.5300882426337491 0.93312128393574278 0.45442621302284542
0.58183196479390142 0.94841658005886842 0.49800144918575218
0.55650797919982387 0.94256900234876684 0.56163092234081935
0.54958380495280534 0.92343757698057427 0.63705556169057209
0.5746767832201124 0.92889844839846991 0.70438308971272823
0.59040293205467298 0.94436283630795603 0.75409609643263853
0.55326808268152805 0.92667333197686352 0.81035490298745816
0.56819128720273171 0.94926597489979181 0.85138075043679928
0.58052888835015648 0.9396505874642932 0.91330516600108169
0.56866819845567307 0.93608860212123302 1
0.5658146304243149 1 0
0.55652871983878305 1 0.06202864700638043
0.57593335546367319 1 0.12332775165752206
0.55728968071470386 1 0.17980624254430422
0.56470328665454894 1 0.2448493411445147
0.56274313500565576 1 0.31019040412077453
0.56507565199908694 1 0.3783929449351095
0.56629869798608512 1 0.4435822302605632
0.55617562544395849 1 0.50809892019000202
0.5736596570217265 1 0.56699732390677016
0.55517329738293097 1 0.62042783276218616
0.56319093479306648 1 0.67804161415614561
0.55800832212540552 1 0.73733384092159127
0.55887505972724427 1 0.80317283930409222
0.56406658283512401 1 0.87041750275816088
0.55568714677011921 1 0.93550579076644014
0.5623114678761707 1 1
0.62932861995014377 0 0
0.61395133713261407 0 0.061451315942657847
0.6317380379542421 0 0.11996994001289897
0.62150070588965323 0 0.1771497763716946
0.6268028189074627 0 0.23910453299072551
0.62756188708544403 0 0.30020925830500195
0.63021743799014385 0 0.36274231496721548
0.62480787481688116 0 0.42499834285899035
0.62354036319715633 0 0.48850522288920767
0.62676621280425004 0 0.55054031757320576
0.61760514346323336 0 0.61568963239507046
0.6282330854591559 0 0.68040977115895607
0.6298248939280684 0 0.74530041565904448
0.61846385850926144 0 0.81340412985632371
0.62538696156725737 0 0.87873392260477745
0.62590069349627131 0 0.94001029756985055
0.62743937456740351 0 1
0.62703956279555118 0.061842903573545466 0
0.63104806564005689 0.087836564846771173 0.044769537047383068
0.65035376067688522 0.064702890732280929 0.098176883984903235
0.59192852732742385 0.058600219065770343 0.2027715046266651
0.62123395176056428 0.061043481460498962 0.26579859918156967
0.66209614935816785 0.057245084322141281 0.3256930037591611
0.62615186924077204 0.077865750708910372 0.38190986201527177
0.59994612160382688 0.048630633738238012 0.42661993289211914
0.61571425025719351 0.057729759071988448 0.50033557813749807
0.60586049811865594 0.063894486093752367 0.58542717896322549
0.61788526864858884 0.052686551149783656 0.64644751983221227
0.62774678838681353 0.05637816267571847 0.7135400406187804
0.60680649640688189 0.062159748826020642 0.76770383878781756
0.64247646605801256 0.058107248598745602 0.81991844835780281
0.59643425967442198 0.06039242791294671 0.87988291425902776
0.64861625942723511 0.056385527024328669 0.92381249477037497
0.63078887361232394 0.0605261467018786 1
0.62188523468802559 0.12861917928518077 0
0.65730053895490126 0.14596739686447194 0.06350280433826351
0.60859158034685534 0.12481160947532267 0.11116498332911816
0.62752015814308226 0.10764761945418672 0.1696287522986559
0.62001842723185696 0.11902626712330165 0.23676590879382015
0.63877905169537608 0.12440984343405213 0.31271776001724361
0.62097097598362094 0.14573453358238314 0.38763483112800173
0.61264141997315713 0.10993153858002032 0.45131509959565003
0.611231914777425 0.11544697410443697 0.52864272491090414
0.63368942962272545 0.13888426296779668 0.57750808744851267
0.65270882077249415 0.11470203511534231 0.62362956522704704
0.63073993069062573 0.11937912245592185 0.68790877686644003
0.63697695315445113 0.12057848185860086 0.76290629446569713
0.60386678082393896 0.11732845676398329 0.81285380977632926
0.63483514483965597 0.12344733356455768 0.86452440001123365
0.60860237521516414 0.13340960833045629 0.92869967595155634
0.61724293829361809 0.12327131201585122 1
0.63225978730251808 0.19373513614692431 0
0.63727491779776968 0.19358585866383282 0.082737401064971378
0.64302580548443988 0.17238094164134019 0.1435343277147198
0.63884661025536837 0.17905697447569918 0.20891737637167929
0.61267062749268819 0.18773812481926208 0.26631841422314723
0.59741713626165238 0.18054725961974372 0.32640245102974647
0.66126163974624641 0.18546989952778545 0.37055500156216542
0.63969628738788897 0.17958560444193428 0.44306990249808131
0.60301860291677978 0.16917491240454435 0.49218260228436739
0.625490209539591 0.19026808712030407 0.53793022177381966
0.61511739662335818 0.19579578402672035 0.60649350552406511
0.62791029781748953 0.17922011845255517 0.66145333681882668
0.62408324238434076 0.17620812102881911 0.73088486520432616
0.62589886853928889 0.18814143603419167 0.804479181554276
0.6352908025059274 0.18636133338664237 0.88935771353833815
0.65814349984140796 0.18339238664708682 0.94906358745111485
0.63119736203820942 0.1868233747788472 1
0.62129574325970094 0.25681203740537578 0
0.64569692197752371 0.25304318130155445 0.046740238483125598
0.60998828581591047 0.24424791153152192 0.1096503652568518
0.61882748195406534 0.22850803867260333 0.17273606075361683
0.6198655424177878 0.24950334959249329 0.23697114573104172
0.63071847068190778 0.24404425083761871 0.31383418515432071
0.61147247436053809 0.2206781362466721 0.39216494156203235
0.64115404980303592 0.25448282682490359 0.44781163762790172
0.6127889560877241 0.23927154531078365 0.50050246117598529
0.62527867171500606 0.26983020491196658 0.55864803359490711
0.63611427267753484 0.2507367090844535 0.62561122544515513
0.62093740556460497 0.23776066786254016 0.68754962707393308
0.64668534417779333 0.24614664163958966 0.74362089467004466
0.61536894709950962 0.26873617434194969 0.81183979919484828
0.63196756671849597 0.2289135172152475 0.85612876092479195
0.61333564568057342 0.23481088496424948 0.94231015941032115
0.61866229266681627 0.25194700318115199 1
0.6214326238277873 0.31894752404179677 0
0.64647022659481379 0.31360581912259755 0.073368673216741717
0.61341484617563946 0.30665782435903399 0.12971649911030744
0.61507196573095424 0.30200476489150091 0.19534939919963912
0.61303652730725577 0.30444112446047011 0.27146723540309031
0.65395193676245322 0.31017698649592412 0.32553092908501741
0.61632603195760727 0.28617028496891739 0.38037069971787352
0.63048287780587264 0.32368482924399267 0.43406268479700189
0.65028117935128738 0.31408358066840858 0.50094920213764438
0.61337031355210636 0.31947147096487144 0.58055450584183121
0.62045274958332697 0.31583053805664862 0.64975511752969595
0.60722580992657327 0.31847935280431039 0.70164847281677301
0.6428092136820589 0.31977825878521277 0.75979959752499115
0.61818243859040689 0.3400110170462578 0.82537270958684772
0.63546265056209972 0.29726587159494139 0.88117151649554093
0.60130824337383171 0.29489563360533155 0.9391290200752942
0.63017988283808712 0.32155462960562597 1
0.62740627911512392 0.38027123833151621 0
0.65214847034368484 0.35877843766834389 0.052142106820643949
0.6339207546057285 0.384860354815932 0.11950754645467376
0.61790367954031922 0.35635148391080912 0.17287030052757071
0.63276416730125085 0.35520780431619114 0.2336667426372844
0.61036334827716576 0.3771378178446062 0.30324502075092358
0.6248501144323636 0.36039903274210816 0.3634581362033692
0.60835520660115305 0.38844010629917747 0.42218676149535062
0.63061663593541784 0.38050644737688166 0.48089263689609063
0.63343658721437746 0.3768550733527522 0.54724759410386969
0.65240948599171411 0.36829453026649739 0.61712590825321045
0.62324250929191283 0.38239623938677297 0.68848833699641165
0.61007422955055979 0.3684920058146457 0.76106988235932915
0.61798212976711642 0.39526192514053915 0.83266639912421725
0.61294109898664695 0.3657681299617187 0.88641057783092758
0.64533622523980605 0.3461242427113162 0.93018223981939541
0.62683107561336626 0.38488388474897756 1
0.62812059909961582 0.44471594419268567 0
0.60213760483194356 0.41431551539463707 0.059381084185295835
0.63930584274818114 0.44982308268150478 0.11605591866292432
0.61619150944795131 0.42491511728151654 0.18101391967932465
0.627638406189164 0.42341981580780974 0.24849215285426896
0.61764493525015651 0.45024764411952994 0.30323130180962887
0.64282550904227076 0.4197182972891581 0.37427638119024981
0.62658983338555951 0.44348005913982047 0.44202027822436568
0.61411909972899459 0.43083734984118111 0.52235814787136081
0.64282265108610304 0.44567060700905531 0.5783076530074498
0.60631095634762877 0.42126007934925636 0.62117724994102685
0.62870011239169887 0.43940831726798874 0.68056287439680374
0.61801238091780841 0.44879660035479935 0.73922606898558296
0.6292418292825972 0.43054715170972724 0.78962910515848894
0.63059756867016381 0.43640261229847521 0.87541015731748029
0.60534327564602708 0.41047520193642401 0.94058013942505092
0.62782105987197401 0.44147081010117178 1
0.61654372176408612 0.50749357048396626 0
0.64553021742935945 0.4749570608147578 0.058869640234969642
0.60507487859611675 0.50417293992949053 0.13070170823613153
0.63130006075556844 0.47456066937231722 0.19920227876617005
0.61896922178363711 0.51085492561907597 0.26529267406312812
0.6309595926540269 0.49291925460340108 0.33943154099038425
0.62441705948669968 0.48942481050598102 0.40512512491279573
0.61825908081969538 0.49781338318713253 0.47380706459568234
0.61747729879680202 0.49569651062584957 0.53013134994897448
0.6280087828991715 0.52175759644086817 0.58594359714305622
0.6152179062749924 0.48851126160129565 0.63276453660842769
0.64556665925944801 0.50848188860177146 0.68132332652301375
0.62893837826321419 0.50225556271059402 0.76476668178700014
0.64478078280999007 0.48689110375234651 0.82184923282932143
0.60864960447407335 0.48942371456831391 0.88245986120485309
0.64655404860464494 0.47519659331574715 0.93996723296448803
0.62032200893255551 0.49803477795123791 1
0.63762985537278305 0.56861532804231363 0
0.64397094858351223 0.53892098141433697 0.070125090498522488
0.63220374881429664 0.57093785671224906 0.1230856685887485
0.63392336559697615 0.53574886402901101 0.19515831385095256
0.61795732423247829 0.5731200577302632 0.24851034950002276
0.5957802571402383 0.56011967772383098 0.31128027435049599
0.61281284970910299 0.55366230755791934 0.37048455861702595
0.64580479363447163 0.55065552308989085 0.44075084338687009
0.63163884101113177 0.55581886142751058 0.50912522720433573
0.60759377987114249 0.58142449035814781 0.55728452614651458
0.62178764552911725 0.57535233007037367 0.62993483984826115
0.65102768767820784 0.5525568010009464 0.6969462809037662
0.62952581996570489 0.56490003768902164 0.7446058245887065
0.61382834541342801 0.559973842625763 0.80203511370777059
0.62864882093698526 0.54852975841388885 0.86558174816397571
0.64035747667740317 0.54404287496956827 0.93867721400482595
0.62253097303287352 0.55672410978153219 1
0.60818320569600715 0.62684764836691365 0
0.63712811090183663 0.6235115201469611 0.056563305493905897
0.62456122391544244 0.64470060084820857 0.11044281169932395
0.63591250860227799 0.60539632793323583 0.18148578602263621
0.64693295818198104 0.64282532759991051 0.23631654817336115
0.6267872226199559 0.60669534733139108 0.31327355625946812
0.62655162163874645 0.64033255848403592 0.37523850446157792
0.60680976499826988 0.59910121678145445 0.43590298039514769
0.64484256972163634 0.6240631578295377 0.49935807572384516
0.62213847725687144 0.63403331744791802 0.56371459706960458
0.6054673705450917 0.64543614329615995 0.627683977105993
0.62862180324130634 0.61815420645106212 0.69190135232317462
0.62485326996391088 0.63214033545322235 0.76696585571583786
0.61664917540831543 0.61494145851710791 0.82893756884898273
0.64392020426216345 0.60136871658935753 0.8870162189236237
0.65351471556370322 0.61456418782914479 0.94669910609788532
0.62739327819585111 0.61990022956244872 1
0.63004519826580918 0.69089130614034688 0
0.64252716928407982 0.70732311950127813 0.060670037702461939
0.60577483569062662 0.71088404161483676 0.12044269759202304
0.61855194658819501 0.66982631829444994 0.188791684998981
0.63875776696511832 0.70642195103330396 0.25424340674292722
0.61862012239997544 0.66411786902157111 0.30751220282987379
0.62870672889592139 0.7075991917628095 0.37922520253787251
0.6308618078096192 0.67173265603163057 0.4380253682959207
0.61252700358036449 0.6910787676512522 0.50817396455949704
0.6496938974812192 0.68555461757924119 0.56696720391014033
0.62259305050535108 0.70858371655797403 0.63135457755329938
0.6381749982441367 0.68655804637244822 0.68986727957040384
0.62245849167380196 0.70104350780631597 0.75528654592219646
0.60356037364141935 0.69050402525307986 0.82318090016611223
0.64247993838474937 0.66638918680688997 0.87397605135031298
0.60448091641875834 0.66415885465198421 0.93545031590003158
0.6251828778586106 0.68281643602808251 1
0.62673388585740342 0.75669243533755726 0
0.61721002556955784 0.76995168757477039 0.08064398493266782
0.63465321757557558 0.78144028216012795 0.13037201284365135
0.62352485144959235 0.74282772881173131 0.18031727708251766
0.65622752383236993 0.77102083565970558 0.24442354389737295
0.61070352351468571 0.73730722503249768 0.31396232965198295
0.63330893666375332 0.76658769504481927 0.38526381781412528
0.64775390454983273 0.73157638238210754 0.44942337673608146
0.62879520885769236 0.77029574739899254 0.50062623598320011
0.61885650751950017 0.74540511069639714 0.56237011771357837
0.61899633648851526 0.78125897328545413 0.61737112121671389
0.63583063453641808 0.76067070016253591 0.66690928208765121
0.62674975711912129 0.74747297118715661 0.7298091137260676
0.63145775145104888 0.76069707342053428 0.81094362681805932
0.63655586888735372 0.73246459712358158 0.88377436730109504
0.62096866740130952 0.72655207900470864 0.95048496031861951
0.61953342345843987 0.74820023038542627 1
0.6273180476293283 0.81988981697819596 0
0.60475242875033075 0.8174622320806495 0.047173796180306829
0.62459393056866419 0.83325764007322956 0.11333692796894981
0.63313718168712563 0.81032761465624215 0.18411855245795336
0.62058661280553529 0.83374545434517089 0.23783148209735144
0.6209066295580502 0.8031613646654856 0.30593438811359103
0.64584124151752131 0.82593913324806667 0.37995412267994016
0.61006802018398443 0.80485564811124766 0.43163300089530515
0.63573974945412859 0.83813178190710824 0.48948995156799846
0.61389894154149838 0.81448416050100492 0.55227670483580238
0.64320768713332588 0.83531492234442228 0.62643429375506854
0.60922231098232638 0.81208293995881764 0.68568937170554245
0.64260669284261274 0.80305216649958644 0.7418429425318207
0.62079356419272136 0.82190562225450903 0.79705476161064215
0.60203447684763545 0.80468818380456542 0.85502045495630596
0.61566659415952096 0.83859324049770811 0.92322799785945497
0.63732127128959615 0.81279942909091141 1
0.63276946176072923 0.87817977474363995 0
0.60778626472371033 0.87872883351045938 0.073416915536095806
0.62765794835242039 0.87074621703500299 0.15024321495786758
0.62901822558892162 0.88818185649292769 0.20638491905931966
0.62101843385306399 0.87935380031879473 0.28313852705972309
0.62881063300535145 0.86930161315314103 0.33749202741253209
0.61982207067024209 0.89977057663017357 0.39316909657447158
0.63511243381453686 0.87121787553600072 0.43708912415269441
0.61689678563099815 0.89434299075181334 0.50395721986243935
0.64931848328041886 0.87341740543791768 0.55649234429706873
0.618256956712253 0.89430327681361832 0.62077746672247891
0.64433972356566693 0.87827346664349915 0.6926710594784089
0.61143665925877499 0.86953220269184273 0.74546273717949607
0.61656261989701244 0.9012581285367538 0.80639143745215469
0.64699748117456057 0.89463418336230405 0.89020536285102159
0.63700416855244102 0.89329850197463279 0.955656139503126
0.61334936157933895 0.87424420244779766 1
0.61980721371260006 0.93651122394870256 0
0.59946183454229596 0.93441184432070112 0.044108495456445761
0.62940468966685725 0.93808012442101296 0.11230677207205156
0.61133694490593715 0.9398956480029288 0.16436182569257959
0.63346645441657956 0.94367451757249821 0.23458721385568318
0.65201410517667679 0.93918753957500634 0.29628468706921429
0.64978959751240428 0.94229554809109062 0.36180846692297652
0.60250318500638489 0.93658024523630867 0.43836436062652973
0.65481318283360945 0.94367489882286304 0.50599908608921451
0.62687611056173698 0.94048748963100881 0.55868335309126671
0.5967396414806152 0.95185285503475636 0.61223370162967472
0.62304629187568294 0.94171445907482421 0.66960884206432936
0.65146777948542667 0.93299672474330198 0.73585078948608573
0.63168321704977226 0.95797738311076119 0.79935439053134705
0.64321570206794543 0.94986281561052122 0.87502384023740265
0.63101632132778351 0.95060689219171102 0.95138290230346034
0.62950831307096233 0.93595761211188799 1
0.62604263197491739 1 0
0.62721896429131618 1 0.062501801557682646
0.64083075587578997 1 0.13102473110058865
0.61968605465031068 1 0.19466126493092947
0.62239476462060894 1 0.26304209253938976
0.62505611295208729 1 0.32587340303058232
0.62595987241790385 1 0.38592486975244283
0.63019676524400137 1 0.44829273101225836
0.62190114042258682 1 0.50879143192274956
0.63491814953170556 1 0.5688541679251371
0.6219317017113144 1 0.63030062861227465
0.62344952361866202 1 0.69511038222982957
0.62020479027459219 1 0.75712352698082053
0.61948889233193072 1 0.81865379323363818
0.62608895530514475 1 0.87779639288311107
0.61946459950315846 1 0.93948573694279414
0.62820893759864138 1 1
0.6930291040053842 0 0
0.6791253681599182 0 0.061541854228286001
0.69457431863513208 0 0.12687929409473719
0.68240918648449578 0 0.19222494606873736
0.68507457806085048 0 0.25655682557671894
0.69245060670287617 0 0.32036630506589731
0.691973046585873 0 0.38224667437868881
0.6811439910995275 0 0.44615950581943331
0.68825184471392697 0 0.50737393506372264
0.68627293837971171 0 0.56980339712627714
0.67752249118619357 0 0.62978259668489744
0.69344080337945868 0 0.69017709249918058
0.69301420589145768 0 0.74966923775482275
0.68159416005128293 0 0.81269292611401789
0.68862586562502759 0 0.8756686864069676
0.68399556314693044 0 0.93839413281726869
0.683691695742348 0 1
0.69251922060969517 0.060291878499898956 0
0.6900584256192962 0.042568553615611265 0.05196969577878606
0.71688846022063002 0.060230562299201915 0.12742052616655003
0.65971524524115766 0.05484565715612235 0.16101599995849455
0.65826830766205524 0.058373017428957168 0.21779542180596922
0.7211204507650405 0.058937076644583621 0.33735188323759929
0.69132171294043332 0.050973998647399807 0.39800572084935476
0.66065397599671472 0.060567504975082696 0.45458274643456176
0.70133654280229718 0.066189549275794887 0.50238982601970728
0.6623648094614093 0.073623122457775594 0.54908291774092011
0.67837765590621157 0.051391864871772851 0.60151027661987799
0.68193170596990471 0.067032888646617356 0.67468659164892486
0.67986808237373153 0.060292510305730254 0.7563834250939151
0.71153965164795674 0.054970554866387702 0.81844045873516358
0.68135845255485905 0.071562088762713527 0.87258307011614733
0.71333858183189869 0.048223089576431837 0.93490024265925309
0.69444779637748844 0.062423970458300303 1
0.68496050662422581 0.11928247492500031 0
0.70603006273855351 0.11281754645418998 0.057861756912963663
0.67900529176299373 0.11505803400590617 0.12460372022542625
0.68866785747775583 0.12089081579815719 0.19383706050115021
0.68955542591789676 0.080557612912560597 0.26962524404120264
0.70701197628176526 0.13336093418510941 0.31752234136472912
0.68625634799799728 0.11421888520200726 0.36746189814273333
0.69185405518950349 0.11550921602808427 0.425007052490944
0.66331235104612296 0.12481267688956665 0.48782979030933415
0.69392014542845393 0.14066806923127254 0.53668627867283769
0.69994184217757893 0.13027748804230763 0.58836090979500177
0.69517911878379013 0.13948039530329906 0.6641012823438498
0.69203817258993527 0.12170866212830588 0.72840657253414631
0.68203484469198916 0.12168051798722938 0.80807639156615796
0.68675309251994909 0.14284294257940891 0.88807544749066292
0.66587671996756881 0.10725627323949756 0.94119979474021798
0.68098741073782121 0.12174733049184631 1
0.69119990832858746 0.1803824077955086 0
0.70339629654186686 0.20642922816476222 0.055539880189291214
0.70979567712299163 0.16826232397261001 0.11608963911466823
0.69613762997399864 0.19470713823553451 0.18851358083677602
0.68029872380892797 0.15392731306590321 0.25272592431667817
0.67273508431270557 0.18849515013643975 0.30579194767499329
0.7124793667719066 0.18705039293800441 0.37072899573941542
0.71413816473945169 0.17185432004551443 0.44598783010068632
0.68343046497556792 0.19309660596866296 0.49848696869331793
0.67226705393357611 0.20656628930286033 0.57050964822412764
0.68182661063988137 0.18577336151463025 0.62666242463425048
0.68591150107078147 0.18515516777751237 0.70279948324902797
0.69003386840097125 0.18097039372511248 0.76919164551509034
0.69110257782134787 0.18815945078462284 0.83290270277314993
0.70328652064095287 0.2054711025605912 0.89368195017832563
0.72072035377576049 0.16081180997941386 0.9453776591265366
0.69488583771646428 0.18274698836121428 1
0.68642777876736683 0.24383168337674319 0
0.67297808205709586 0.26361864822909054 0.10497936126204126
0.68699384911028216 0.22350143272566417 0.13443361322273384
0.66749976126517996 0.26626339769043206 0.17523427083119533
0.68089308255555026 0.23268928396791133 0.24196024620529893
0.70509857919933161 0.24350054275955113 0.31412077188124976
0.67980834630725051 0.25874562502134074 0.37947045601168639
0.68747786439241132 0.225672071762096 0.43351458857307529
0.67646306822719293 0.25393991519984938 0.51322773520836218
0.70336412446097052 0.26947513969835313 0.56678336848303312
0.71625163191437102 0.23638464278604629 0.61265047002596817
0.69601061160798672 0.24296727370165619 0.66936258462367104
0.71427467972731484 0.24591057102628042 0.73085184787153235
0.6824420508361464 0.24899983529569736 0.79685475340032164
0.68664456814079289 0.25609451900618674 0.85589947053138105
0.66676374089932722 0.24798607652947258 0.91790016429899901
0.68232101476691609 0.24646039205777862 1
0.68491071698323847 0.30877871192417183 0
0.71027224109201403 0.28157976795058653 0.059258935005682675
0.67660668445482353 0.32540615989920441 0.13489701342003996
0.69337715051089521 0.31269945057430953 0.19817448092485909
0.66974680984570423 0.29349414627356324 0.25795500906231555
0.71334798256531873 0.31498116341201554 0.31461004072974008
0.68553890796122618 0.32170867231742384 0.38491583941762725
0.69837975960600152 0.29597435481465023 0.44745765983840929
0.7178733200453945 0.30322316390297299 0.50823277879941775
0.6875900798426412 0.32660536610190116 0.56524536687654714
0.67850709591691505 0.30196777136596931 0.6263212823079265
0.6667493210626726 0.28846120612122772 0.69480969358029787
0.70421311834615019 0.3097463311845351 0.75727673453500888
0.67665235144068547 0.31494999555434217 0.82235699375066029
0.70101536816085352 0.31118813062418582 0.8877247536648567
0.67443133006604439 0.29370640212913807 0.94835702483669471
0.69238382215191929 0.30970688400879248 1
0.68596173035974217 0.37660743991965001 0
0.70883820240239348 0.34525236836390838 0.06059631806062845
0.69878893500242067 0.3709946341806899 0.10798829908237351
0.67083109164862009 0.38077103755476815 0.18113737013747566
0.70919322089497994 0.35007463802606353 0.24621143094851394
0.66715266885782487 0.3636139023595642 0.28995898752717114
0.69449941965069817 0.38428671867376019 0.35777050270181071
0.68266575324158785 0.36134229860676109 0.42853046709796233
0.69680859486794455 0.37276729946897691 0.50377359408385258
0.69631418102620257 0.39473044987674416 0.56295823927632604
0.71396806007234481 0.36753655690631215 0.63283026240097817
0.68152537549774628 0.34753539174233095 0.68906580167277642
0.66763493530636986 0.39211846608488593 0.73702031405419099
0.67953393384581073 0.37676769620921324 0.79513724478331627
0.68448699636461041 0.37223471504245931 0.87083212608448413
0.67191047415037464 0.37750674829129932 0.96061554753337031
0.6916611357909066 0.37789191821075502 1
0.69357405246429116 0.43676439351012092 0
0.67109485574693739 0.41260091589977899 0.058552552589857178
0.70412419749188548 0.4248511134955662 0.11981366636011832
0.68869221199718245 0.44154377362542074 0.16805184122574207
0.69159802187139374 0.41933350835244465 0.23265719913838148
0.67405237495324943 0.42559363580199305 0.30822089744869818
0.68800501233806466 0.45005871275376896 0.3810692792599441
0.68899254631957196 0.41627794303983295 0.44397093934396353
0.67197181762992375 0.44428622367724296 0.50993626159541561
0.71608537666936367 0.44374477705015958 0.57974119296154525
0.67335007224877708 0.41830776604354847 0.63714692449315913
0.70653970755989515 0.4120776364645955 0.68963136331939767
0.69717498806070599 0.44766717848843651 0.76455816599860171
0.68976457436556393 0.42900433417351735 0.82653308657988422
0.69107461027773653 0.45567270067902838 0.87718208854148161
0.6722701372665042 0.41559316148449033 0.92591640783207696
0.68603210627203637 0.44234371873463613 1
0.67958338036144117 0.50165792959497368 0
0.70567861797708042 0.47446461973786908 0.069891780405776968
0.66972499757999604 0.50252167835105677 0.13188890193423597
0.69818816159844665 0.4950277095996175 0.20120675981368275
0.66941362187852738 0.48805407397299538 0.25842835652729862
0.69073290282117661 0.49273546440974786 0.31835111036155056
0.67010201678063575 0.52190829895200908 0.37820357511026642
0.69075070482139933 0.4894128480717444 0.44609394316561218
0.68657774301700092 0.51459785517840639 0.50543044513228486
0.68901236124369436 0.50497969405234944 0.56175035890887892
0.68669281595877985 0.47740690119853302 0.6365435046402288
0.6772726018864641 0.46684789234564672 0.70693459262860059
0.69164968495335899 0.51508197529349065 0.74816044284414218
0.698353681005217 0.51592103074561801 0.81980321220908248
0.66963980403294887 0.50679388855794294 0.88693037337574687
0.71097543403470032 0.47610428116754783 0.94520737906248253
0.68341270732158954 0.50576799977643339 1
0.69947211246190255 0.56192420460740233 0
0.68469980995747559 0.52793568918122569 0.045174284667960536
0.70611043169620247 0.55303727915339795 0.10384856077352356
0.69816325379706878 0.56146181838098885 0.16355979853845296
0.68824700180292719 0.5714204401928128 0.23505453946358701
0.6644990732683097 0.55764976532835109 0.3052284698098815
0.71347251456846406 0.55176345774703051 0.34349626634075214
0.7137597458075613 0.55314307672511764 0.4148715140808214
0.69547997803749428 0.56928850190801161 0.47604893044773694
0.67589662984061138 0.5806571904686646 0.55712398381060591
0.68399935821214874 0.54860859808740714 0.62653158820300514
0.71277021927463402 0.53422172036244653 0.68508773053422367
0.69292931324987728 0.58708353371313815 0.73518141673898785
0.6797078202698672 0.57709891935268354 0.8008017766262423
0.70216275561812946 0.56630037680142453 0.86418299219494399
0.69681319897238925 0.54460963904364679 0.93487599735780325
0.68173506859573263 0.56974138173168121 1
0.67337725098796342 0.62580271480700711 0
0.69379752199131284 0.59729499614491888 0.059976924483297667
0.68508386643891206 0.62369379285139293 0.11910623621128633
0.70253537337924077 0.63743075856963216 0.1916077522028091
0.68689120586041774 0.6328796009525357 0.27631370145041562
0.68789989333007928 0.62446725259421965 0.33085251756759071
0.67282021112496149 0.59157070675612933 0.37891928852818718
0.67241871527182751 0.61990746436303179 0.43552095900863746
0.71667909128273899 0.62792200879732374 0.49406474226506097
0.69360989522438588 0.65028091018688272 0.55317684690510016
0.6741129965730317 0.6349574253578194 0.61763941473999329
0.68886804832648674 0.60015111727163928 0.67828450948497421
0.68130328405342744 0.64579505499497347 0.74821558733811888
0.68810991980226077 0.63275651252788778 0.82592732189077056
0.70654219434040133 0.63577354812330811 0.89050200870714469
0.71666054783130728 0.60225890188852027 0.94204688394063207
0.69210232602228494 0.62988447267518133 1
0.69675047062120821 0.68244646570236966 0
0.69062551322235854 0.67911070232493043 0.062189864067876209
0.66315916375616368 0.67812199674011497 0.13733384754047961
0.68031244418429981 0.70528127240687066 0.19074946345031057
0.70577187100786631 0.69894690050216512 0.24213602348508823
0.6757343350202345 0.69980210166716827 0.32208302521981158
0.69600822732213796 0.66254549556153253 0.37660536934916483
0.69815753607213848 0.68335282954934151 0.42837114589598241
0.67919285327573375 0.68187602058005392 0.49375483081128868
0.70661415007014805 0.70734845057344087 0.5794991630004781
0.69005856664235077 0.7085689329993522 0.64288196736172343
0.69369360261491197 0.66719304925215672 0.68064975011941498
0.70637388411627255 0.6961617508658674 0.73708538420948588
0.66385018680047136 0.6809198656267984 0.80398211943156117
0.70788005880970406 0.6956485219830898 0.87076503763856949
0.67323289574585832 0.67374231353518155 0.93652411171366989
0.68750547300128328 0.69219110850785137 1
0.68774545915011442 0.74355094789746579 0
0.68316730144687343 0.77166139849859672 0.058489859372781249
0.68032988381125792 0.73737825660152556 0.12095948040283787
0.69305586740845093 0.76667115028107369 0.19034139521963112
0.70634812968923 0.75494690069466797 0.2763120115392117
0.67429078435412237 0.76586309669922248 0.32427892992523505
0.69008176767643248 0.73815657999645545 0.38777046161481071
0.68342611167620526 0.78522758932179337 0.45214607573350246
0.68071521784191003 0.74001933830870181 0.5214165748060835
0.66889852106618486 0.74497072740671644 0.59582573819111162
0.7053216832422613 0.77488996400245314 0.63364592115796747
0.6934714846026182 0.75401272082716675 0.7079861442360853
0.6836556178557891 0.7354107486676803 0.7717194355712359
0.68040898898693547 0.72991984659331954 0.83214576795630701
0.69962436604056299 0.76597417841619397 0.87482848184636319
0.70335081148161016 0.72507727000371602 0.93488940734701254
0.68185550314687127 0.75152628591717396 1
0.68870291186732036 0.80682089475415752 0
0.67340418330018115 0.83224056112301292 0.065582884956307638
0.69257139912549937 0.82450001838363529 0.13500929077082932
0.67957820998329455 0.83562794487624092 0.20105287891771118
0.67910847576236988 0.8327019552618331 0.27903934932056063
0.70642510129157698 0.82872584527860449 0.33033768010532449
0.70712563451645072 0.80072780540031763 0.38157117657893291
0.69437669717550621 0.83725396117833706 0.44325414157877957
0.69553323298149505 0.81443628134855706 0.5192688667125982
0.67297112756058353 0.79790448558425175 0.57423731528805777
0.71375192252401565 0.8345605784645862 0.63904055048775332
0.68621770975326557 0.82203241054761333 0.69014802337660497
0.69183370561663782 0.79055498706474658 0.77910829876596444
0.7001634480341592 0.81466883896361941 0.82776370266776966
0.65385322334465013 0.81495702843329765 0.87582616748627162
0.65677157748728154 0.78185004620230381 0.93616082722411986
0.69974319774717819 0.81471013758158362 1
0.69354805503285821 0.87041155193651509 0
0.67233729515084595 0.90319519521029235 0.052707308438543925
0.67712645028422835 0.88460156471577989 0.10742287093962843
0.68481580312645951 0.89375445482338256 0.16442798151771595
0.68313389529214452 0.8907669262878245 0.23923323592332024
0.70210385154972388 0.89367790052199214 0.3179619740070917
0.68850537447154703 0.88124755012644473 0.38948591870216542
0.69283512405362346 0.90024012711803514 0.45697092748691809
0.70445754909480607 0.88122749792639021 0.50434084695320569
0.69670607948655672 0.8610894248240416 0.57717343366326768
0.67736074787060319 0.89395543411770362 0.63633973901898033
0.71250996073278439 0.88790956051073022 0.70415411293476748
0.67850132220296189 0.86804803285751964 0.76148702934089962
0.65739311812026235 0.86040499739805165 0.82717336724215462
0.70377145314221068 0.87512207782895524 0.87818708662656397
0.68194895478076079 0.84773545568695285 0.93918307597557293
0.67729014477484162 0.8766413661732213 1
0.68289320729679504 0.93761257184712476 0
0.67228660329804524 0.95862621616015364 0.062300555815235768
0.71962886093088352 0.94190148465152868 0.11705763764342383
0.68062392570899821 0.95001879167323078 0.18140668385722528
0.70975478526076641 0.94430515178004182 0.25682966954509157
0.71415028678161085 0.95349654395330441 0.3264229256261062
0.71107276682785647 0.9358862154305283 0.38281045075185588
0.6642073389664559 0.94376331904603183 0.43424919152785463
0.71858242972320596 0.95010329804860372 0.5019497554776543
0.6972961919654258 0.92678200906440633 0.56603367206055566
0.66436383505937657 0.95195520576517301 0.61750799656442867
0.70136571910565393 0.94502214344649038 0.68739549150235402
0.70738760067709117 0.93907231386107548 0.76565098176567137
0.67960125067069066 0.92246813522728299 0.82133580358247649
0.71201883659637055 0.94835454474787639 0.87372807560584309
0.70435072201607307 0.92271129755127157 0.9361450987832336
0.69428016171166473 0.93672779793398675 1
0.69087030788877524 1 0
0.67919318195998069 1 0.064358757556882987
0.7033059491443634 1 0.1232220316944784
0.68496921665803945 1 0.18713974615249365
0.68151239989495638 1 0.24836449854899426
0.68733130996293434 1 0.30775543761491136
0.68887027488953556 1 0.36849013776871187
0.68804053383304187 1 0.42990223407838546
0.69020581888484922 1 0.49825385050030485
0.69026163089237513 1 0.56122815181185948
0.68987560565240302 1 0.62492520436394539
0.68333815501761064 1 0.68523482321240003
0.68300837631151867 1 0.75084935444652157
0.68196691667614018 1 0.81354504461104338
0.68874830686812305 1 0.87527878594665054
0.68200986205639003 1 0.93850705373416698
0.69302568334346781 1 1
0.75635597904558849 0 0
0.7474982363211603 0 0.064890932650105135
0.75113686977520921 0 0.13190744453163586
0.74948388529635623 0 0.18665365628607825
0.74508823185595063 0 0.2478942803322374
0.75367860278406762 0 0.30945382845090502
0.75522035420567435 0 0.37606893569734035
0.74141288464223598 0 0.44037356109951259
0.75169028300489971 0 0.50484541258920967
0.7509823966937148 0 0.56726221228649476
0.7389602910284977 0 0.62674978012268667
0.75642675826233807 0 0.68818060372556267
0.75746851671068349 0 0.74952056995895522
0.74237561066295721 0 0.81211808403102137
0.74890685000660318 0 0.87381190600671854
0.74549621363202823 0 0.93799289122689233
0.747952654319893 0 1
0.75269486404071684 0.061384040611421289 0
0.758925608179286 0.076688925191952265 0.059731877066392956
0.77586655223492762 0.058081395233677516 0.12961959248249208
0.72500248563581593 0.061642222770873847 0.20814487906408363
0.74913030948416459 0.045342357327824531 0.27323387027032897
0.78375474615222129 0.054136284756739539 0.33550349076687325
0.76590802444940365 0.0576381490710869 0.40101102027177221
0.74079969077773644 0.053371356767798188 0.46021229630427035
0.77792179527837924 0.064749725867105076 0.51485935769555236
0.73269579514693584 0.066757823323567694 0.55989145446554578
0.74702083811355702 0.04623244456085767 0.6293744933728036
0.72945538082557648 0.055373815901358606 0.71144586271204313
0.75565358379672221 0.046087072607081295 0.77372019794872005
0.77764749887687268 0.065247888632184628 0.83089138524704265
0.74879556267258784 0.056373544626613696 0.87709830014005696
0.78188935418319205 0.054479226983460992 0.93255828045172451
0.75401206731575954 0.063067954826866751 1
0.74798636935608698 0.12632067556706372 0
0.76235184055373983 0.14985015459005654 0.051188919587415373
0.75249973605575193 0.12691905572966819 0.10527104989060197
0.73952798563425592 0.11897563324064943 0.16589399442783784
0.74810317814306693 0.12399970022147923 0.25009558773405982
0.7579774044941191 0.10299477211113123 0.30733045600059833
0.75638605726449071 0.11150075149900589 0.3629715569290719
0.76437200063652488 0.11067287732874759 0.4433295949353438
0.73494983807538006 0.1248259010677155 0.49275615588515742
0.76438153214604632 0.12652265903194082 0.5573805719099334
0.72830706345905616 0.099084897419173867 0.63317538325373923
0.75632089647758438 0.12670452837010115 0.69153292336453454
0.74761677650574421 0.10838430126037206 0.77189375021420303
0.73584474773317465 0.11816983565250294 0.84220544550997034
0.73589556824222391 0.11198321090229027 0.90688232186885476
0.73021842197863251 0.099301114741185248 0.95900035119524341
0.74638768890177754 0.12593075082430691 1
0.75186203456850431 0.18865559933239145 0
0.76997397502659348 0.2000059477252461 0.063314375329105749
0.76282790890755936 0.19534808272949111 0.14358455835044948
0.75286504527983689 0.17487571568795549 0.20079995389143876
0.73140192198466558 0.18897529800620161 0.26915544759791826
0.75993728651777881 0.17328220997264968 0.32037892032532062
0.75877139901530388 0.1616127586229697 0.39104347440566384
0.77964092331049095 0.18626551768755509 0.44599194238406759
0.76615473596095574 0.18095100955019128 0.51462076187616168
0.73372644239631657 0.1994973424200718 0.56336734189266036
0.74987580542842502 0.16681113297617331 0.62118576128157332
0.74910681310636196 0.19539910274639918 0.67629733380341683
0.75011280233077082 0.17720061888689123 0.73727670240647669
0.75460100319209622 0.17090499945468812 0.80235316798186285
0.75771857574423662 0.17284160632770224 0.87126096300534173
0.77329753796475809 0.18913266598144426 0.93149168696330609
0.75883101151729093 0.18951994419093882 1
0.74902709151715285 0.24716464342329872 0
0.7697395856425534 0.26771268747693688 0.057115737410238267
0.74724093275206616 0.24306698624565448 0.10691113042660308
0.73623715346112495 0.25302484462515346 0.18433739697305448
0.7525566083262023 0.22834823169574256 0.24715079171663534
0.77172789952015375 0.2495171936437377 0.30943165466546707
0.75263300417183976 0.22710973298210774 0.37193167963412127
0.74087728703497735 0.24152432808082153 0.43003001178168809
0.73653528564656412 0.23594898424553057 0.49602982659984124
0.77050055403135187 0.25963278685370178 0.55873026425874306
0.77088021024441011 0.23985866123321986 0.63346196467646976
0.77208751261744957 0.24354659375028576 0.70888365825136079
0.75343242766291929 0.24096885104383514 0.78086147936434014
0.75243570962951156 0.23371573572184376 0.83811374408358297
0.74186953169182113 0.25601690441129676 0.89893214578866565
0.72284199720313791 0.23333053178591484 0.95328830239405571
0.74334442435713788 0.24649485752016514 1
0.74977238851993921 0.30629362872989047 0
0.76769210313953817 0.3256784219187604 0.058766786105323425
0.73290571728761822 0.29821958881017185 0.12958081026040785
0.76661197466826303 0.31764507854632246 0.18989064919905213
0.74645495262788519 0.29061278608498459 0.25056964886827743
0.77705866612994656 0.32942278833810762 0.30052971529038025
0.74402589789760032 0.28658951895629892 0.36997441833215078
0.75618352729863725 0.3213260354121204 0.42870079059209587
0.77174797279158547 0.29180044355718909 0.48348417285810558
0.75601673748388964 0.33354163372887125 0.54367113609570938
0.74940155453219592 0.30671791326105663 0.6186287860954135
0.73343999680261507 0.30352487000597023 0.68604348310180607
0.76687290225193194 0.31536353547375356 0.74873697839729403
0.73531316998421303 0.29136415329778098 0.82512480856021175
0.75956110721315617 0.3297343390309635 0.88150164960316757
0.75667683496479243 0.29634566116111077 0.94546422350469272
0.75563972847622662 0.30688435472374992 1
0.74650650574525601 0.36843614822124743 0
0.73882348164262768 0.40450438790397092 0.052715863861909365
0.76054826684394949 0.36047762374296621 0.12429763781943814
0.72771704810238524 0.37571901665427387 0.17675172126034383
0.75795108728749117 0.38330724127476168 0.23968659980434126
0.73440062774112358 0.38705803565594327 0.30157570098585584
0.74639985827227928 0.35245632350957162 0.36648235081613323
0.75012372267809468 0.39638398777363687 0.40925355713760059
0.74472756498521697 0.36908838499794472 0.47401979060244204
0.75821522212920645 0.40462558779217173 0.54789149672959503
0.75720529980856632 0.36918925101598171 0.59892066047014458
0.76739560763935089 0.36292801936255353 0.68566966994401379
0.73627992503241191 0.37172912659974111 0.74592525985572733
0.73950658549425685 0.35513142780415774 0.82002544214622919
0.76688463879856028 0.38848386610774344 0.87575089806796846
0.71958847557165062 0.35235084837640329 0.9374826344628765
0.75238732524991581 0.36823967028058069 1
0.75644214454553538 0.43471754236357951 0
0.76853080377603755 0.43159835982406086 0.097350636191071496
0.76941027444845755 0.42358580237458349 0.15022315157242941
0.75937843873787159 0.44823620101014716 0.19860897352955426
0.7394338546794853 0.45745778807494286 0.2630860522369875
0.73405381655181712 0.44648400496090718 0.32215946209859864
0.76218155298885548 0.43255684533042105 0.35575459970694723
0.75002785142643214 0.4445899994415663 0.42637256668573709
0.74084913025419663 0.44993858027506217 0.49955952858624714
0.77451952225801934 0.45893176692139254 0.57149414985076119
0.75755691721930507 0.42793445429727794 0.63784142880653683
0.74114504656016589 0.46955652366668166 0.69556054909105736
0.75916565294471405 0.42337774257813893 0.72119672366532961
0.75654061440683784 0.41657906942904049 0.7933389381397804
0.73896530718694131 0.42376209641297247 0.8627357161714756
0.73861802779877905 0.4174417450654454 0.93569722822058432
0.74853526375939161 0.43444772974240459 1
0.74504642273293298 0.49878330189268094 0
0.76077017066406449 0.4663873517648402 0.049136511283566497
0.73694203095352784 0.49245237781299933 0.13028949629247272
0.74884177920034434 0.51868141017321667 0.199345381659122
0.72401909534058295 0.52638230445218048 0.26623409172794854
0.76351006025631352 0.50850936484961562 0.31764016974095732
0.73268039771172366 0.49208129955860541 0.37879941486790064
0.76573389856868701 0.49692381625715037 0.43585718872272955
0.75078173433039108 0.52321526067117075 0.47837456593789673
0.74802598409600618 0.50701753794623516 0.5460049937963245
0.74481743577569981 0.49997844346888126 0.62206943612058274
0.76446852179746294 0.51611474311653527 0.70560493962564297
0.756611773661514 0.48742070031705753 0.77043566889358794
0.75256364538743015 0.47878303146049245 0.82924320387744566
0.77041213135447517 0.52473699822008535 0.86537972654667628
0.73540476179423353 0.49458552032196629 0.89060471062651714
0.74528603511707403 0.50219009090413314 1
0.76220498512805146 0.56313719243190796 0
0.74871212930700903 0.529542391396427 0.057520609767812265
0.76857499686066555 0.55467162851212515 0.12762129203388151
0.75239811215528607 0.58677155314275442 0.19760246197488382
0.77602600624348661 0.56544113710490262 0.25651618020527139
0.74222144235242038 0.5827018749922841 0.3026716198301137
0.76849538368460835 0.54235962596890563 0.3747785395127235
0.76276480851515849 0.57620281727611555 0.44467961006161416
0.74368435515767051 0.5658991747614206 0.52146432311196456
0.73911427054739554 0.56324120017259949 0.58879314665029836
0.76960839159355765 0.55098208716831143 0.64411284482938458
0.76326899543957916 0.58340853870449405 0.70850405341097733
0.7463871980002037 0.54938419431103946 0.76034410974110256
0.7594948029539822 0.56231276757494708 0.81179289015259404
0.75165630732448518 0.57526791424592982 0.88791132281635821
0.76723129419399538 0.53531850416452142 0.93999940925374703
0.74078148007420286 0.5690459727003 1
0.73812250573973581 0.62598787601026473 0
0.75622294562845049 0.59382843238254046 0.059084186020090648
0.74671119264289576 0.61920210095501937 0.13139356338720953
0.78395549172195389 0.64584545076844846 0.18410716844514247
0.74976967706537723 0.63150936803478841 0.24948820040384395
0.75878600723053136 0.64280499228364851 0.3181879112092777
0.75674229999964648 0.60252703037465427 0.36755078094950588
0.73373445670630633 0.62355574184084051 0.42645234426304185
0.77829144978060938 0.62874237800280064 0.49739111706118694
0.73929959560853498 0.62107858555901829 0.56270229868041133
0.73101423821891376 0.60624792945730199 0.64445798399035392
0.74667103824658598 0.64064468504534555 0.71082444613789642
0.74712747733171803 0.62179651097771904 0.77151535305714181
0.75726117574505036 0.62504388826882795 0.84065108459819582
0.77091369589746905 0.62845421994828532 0.90212662244950703
0.78431747856926348 0.59506913179700593 0.95090387926540143
0.75765161334016773 0.6289053085692814 1
0.75664623533346276 0.68986419870852711 0
0.74883892866303847 0.653951185546922 0.066808225794434406
0.73517749879694227 0.69064994138543989 0.12761625595169832
0.75474528106888017 0.68584499656524733 0.19777704134356763
0.76715503079316649 0.70483111118108799 0.26834261759235856
0.72882551374303217 0.68841865245097811 0.31281706026817713
0.7662399274406918 0.67630124104447153 0.38312638593056253
0.7601066407447622 0.67961201253160219 0.45343256816539246
0.74223765693643295 0.69369649966009495 0.52037201392828758
0.76312623250833622 0.69459503355642338 0.57238767443982452
0.74237345691549028 0.66386275675346051 0.61496960584986704
0.75219440237609836 0.67783500887489145 0.67126388006770021
0.77870031532382467 0.69412592594792144 0.75535840620641326
0.73651410174780163 0.68194194481216819 0.80286193440070763
0.7699315638791997 0.68701320093769225 0.88427075657658682
0.74452911557721546 0.66530953486602395 0.9456027577455034
0.74874484331595537 0.68976611957208711 1
0.74789722594249286 0.75230674804913922 0
0.74251280126938568 0.73466993294846339 0.064309784939118125
0.73059573335711792 0.77093218497092642 0.11523560747485291
0.75170509255747864 0.73650175539735441 0.1710584619738173
0.75958494846317226 0.75825225537464813 0.23625453071565744
0.75543359350764183 0.75085800099287803 0.32736106638506035
0.73884693621209807 0.72869489507653873 0.38593076193592213
0.71734599296295776 0.73008275861949923 0.45694535246158607
0.75196407927480491 0.75610612258120558 0.49964225302223242
0.73917819993549283 0.76618828895880553 0.56503933968292808
0.76208515771625274 0.73363379543738649 0.62772314975373966
0.74981604765418641 0.73198829086051131 0.69298761573642909
0.7514949874794109 0.75768657977236098 0.75791646598337159
0.75091119897259462 0.74096755579042672 0.82313961065164087
0.76638415226834122 0.75478022854918303 0.88689181228070102
0.77123664783665891 0.72891807835620104 0.94490537087207038
0.74164964462941996 0.75125774409626067 1
0.75074646219993502 0.81047190207470954 0
0.747561609085724 0.82066951358290374 0.048338276881972952
0.75876510443217537 0.81379423492088476 0.10391674541278116
0.74683417051860823 0.8024597621489804 0.18009251962869136
0.72168562402419334 0.81303281440562969 0.23889243364419377
0.75592855464199304 0.80428828570505795 0.29143521028756325
0.77364726802927608 0.81003796198571298 0.36604974103831855
0.74898072486078671 0.79081128688399593 0.42827545004047257
0.75701997062320525 0.82404920125824721 0.49343584161595433
0.74368156917610528 0.82876295653191456 0.5757903697288782
0.7727123555218719 0.81009925676420669 0.62379463140467484
0.7556935959223986 0.79118963124585451 0.68854522751113212
0.72753559305875903 0.82641331650712535 0.74674600936643154
0.76264821925747062 0.80638300022616105 0.818632155037325
0.72945549717796254 0.81525306571925027 0.89165863279688562
0.72289300527368572 0.78684871277706825 0.94337129038699441
0.76159080556115477 0.81196704399727748 1
0.75828136126684131 0.8717399733135941 0
0.73445946075325752 0.87764701322546168 0.072550003378162128
0.75001052735825224 0.87697851127519155 0.1350820865475009
0.74441512642755248 0.85728297467698455 0.19745646046890267
0.7402068503312994 0.8756487465024303 0.26540764761748836
0.7789635711394951 0.86669677058550088 0.31751983439691633
0.75076080436733983 0.86933186371412807 0.38163398117336556
0.75595619102049516 0.86933214598053909 0.44074989047046043
0.78881253939928886 0.88261372961068607 0.50848328733337356
0.75005111129077962 0.88025215001978174 0.54605334687207774
0.7378097356177884 0.88848249132925139 0.62489552038800344
0.76831003099266093 0.85571239058171489 0.68498574068038021
0.75731588503475977 0.88492618458432915 0.75523913851198277
0.72787077566784542 0.87897784981110028 0.81167924873410979
0.7681671883277823 0.86547053293643439 0.85693713432017893
0.75236360845536332 0.85766020213421534 0.92877916264112859
0.7449805459742177 0.87711973208924532 1
0.74190276311700953 0.93545694996208495 0
0.74205628264858037 0.93636973230042309 0.041060038984751468
0.7879547987146599 0.94040887643603754 0.15074426343046368
0.74585137557530834 0.91775691208590837 0.19082205076831665
0.76182812441458092 0.95187421491164115 0.22536331179111399
0.76916922714204983 0.93899999118670474 0.29028458373582311
0.77329494519139785 0.93106393373201146 0.35554248188558873
0.74192946581863117 0.94126445029385697 0.42321542456359762
0.7679463064480011 0.93543218739279388 0.48134386002926693
0.77515343696019234 0.93822788672328161 0.55863682472119924
0.73462143724844431 0.95070149379615643 0.61911755894296394
0.77290332830598418 0.92860349996245117 0.67611904551983593
0.76469492841078612 0.94538128697342649 0.73134209305322162
0.75857723400667554 0.93988657609398629 0.81524130480289903
0.76428005488854689 0.91684894846083409 0.87976362194440216
0.77468677400539576 0.9444399472738384 0.93659128901884137
0.75418423707561866 0.93932280999039364 1
0.75335132598731458 1 0
0.74133914510530419 1 0.061405654168668639
0.76688600610435043 1 0.12142833149192399
0.74838072078023854 1 0.18173587662769689
0.74271811366110185 1 0.24463298818659837
0.75175406800228617 1 0.31231760216334092
0.75366763956457994 1 0.37813273090804633
0.74501614255050685 1 0.44180077130277334
0.7607270448586938 1 0.50153552522586464
0.74894533362358595 1 0.56336234754872005
0.75737876351997779 1 0.62495524767280652
0.74041559459537531 1 0.68772280638560668
0.74750779450510596 1 0.74913317164772986
0.74468093006485836 1 0.81160654724752657
0.75079741533039102 1 0.87494788289511205
0.74714692152743456 1 0.93752034492102665
0.75210411341518124 1 1
0.81577908783640629 0 0
0.81537575522101124 0 0.059481326746938637
0.80896513899305 0 0.12040265294530744
0.81045889990113262 0 0.18113942295495736
0.80913917009530256 0 0.24849859327282858
0.81394238434924648 0 0.31456253346687169
0.82065184567483551 0 0.37734576833180145
0.80284278823957655 0 0.43564433104047962
0.81568405983758741 0 0.49422054170233837
0.81590021033932891 0 0.55867016958143512
0.80302363660896303 0 0.62432773310240208
0.81719780135884512 0 0.69002153415499046
0.81788520226860939 0 0.75527943359266247
0.80550532308534539 0 0.81630700229831588
0.81297021342248965 0 0.8750613005497393
0.81079363764913404 0 0.93638362093630889
0.81262577329104591 0 1
0.81127916966690461 0.062484389838242227 0
0.8200671993844213 0.040993200578083332 0.06161508601988433
0.83628134678339705 0.06157854458056141 0.14040315890196808
0.78739523697315661 0.050226129435390704 0.19732118141032806
0.8005706332874426 0.073592829470101068 0.25191966914192038
0.83214886571404156 0.044763230471883991 0.31230841302547763
0.82745082742477061 0.076085107030434959 0.37091164853434627
0.82261182082177331 0.056670018132923071 0.44506190232809434
0.83497416770308419 0.058780158596390471 0.51521484426351316
0.81206820040937289 0.059133997353997311 0.57982740112031128
0.82936919571000922 0.06187026275992976 0.63741970521117164
0.7851535709230224 0.061988791140818789 0.67032068567932612
0.79886278962337087 0.066440647118766086 0.72809472205584291
0.82385403524880996 0.069867219811137457 0.7925761638875839
0.82643890663281394 0.045471045997574545 0.85756320741726189
0.84049708967753478 0.068709891359612418 0.92845973817544381
0.81174833549878456 0.063228339048909149 1
0.81285985956128337 0.12581574651985183 0
0.81708933693479235 0.10319987464078281 0.079734777061763615
0.80242506762538524 0.12707898376303317 0.14566992442287
0.78876391029317239 0.11096054851160564 0.19861649649861676
0.82456699459996741 0.13095669932817319 0.24393554882792323
0.81817215469324212 0.11838567022656489 0.30594688429838579
0.82149833346526446 0.15378137932392064 0.3552232050827776
0.82055047021817129 0.11771009294032729 0.41916480618113322
0.80804055823603105 0.12602178891394764 0.48564266006443635
0.82961438169020074 0.12578299074323826 0.5464594043273987
0.78999908226295235 0.1113853733200517 0.61779394861869152
0.8270270459898369 0.11306697142047836 0.68089777906743942
0.8107266989709796 0.13243836536430603 0.75712170289295089
0.80834701620178617 0.13501641456689792 0.82709685010097933
0.7977670319070963 0.11247368402007528 0.88948124403591045
0.79061329758785071 0.12723523834750311 0.95250726712120926
0.81345370533098837 0.12845143833746034 1
0.81335786403499988 0.18753052242241985 0
0.83635240399636457 0.16392091495198272 0.057126889754224655
0.80870114917197 0.17068581239796438 0.11099186771784335
0.82608619320148913 0.17667699087706976 0.17991123622996544
0.79831397609595112 0.18080647245733417 0.2454332778716557
0.82239972469421674 0.18869345370864801 0.29209646517815246
0.81581596980358129 0.21040885593229738 0.36655221810796168
0.83520398677662389 0.17572088334293429 0.42937358210721827
0.83333339504203841 0.19212808559746444 0.49933940973493751
0.80903304914106811 0.18253313845147409 0.57977939082333485
0.81017390566853686 0.17145180689957651 0.64610613268570816
0.8176678998579282 0.17265825164246928 0.71048460055020402
0.81059783876569569 0.19924554698887281 0.76407195040899001
0.81512383655477405 0.1991826056638048 0.83354541650623692
0.82890283522318675 0.17493968372013574 0.89560500729033621
0.83805972986451938 0.18101803342918563 0.95657014383645489
0.81599595708773576 0.19355882961430393 1
0.80877390655025039 0.2505409139979346 0
0.81549013225832123 0.23174985651625948 0.078868827865987173
0.80906993693890494 0.25078344428004656 0.14750625678023324
0.80173572687174077 0.24488592441807441 0.20493790116952312
0.81116546446621085 0.2598658547191498 0.2703888828455413
0.85091413052970866 0.24725255607411153 0.31658321698746644
0.81320299888302383 0.27614960782812215 0.34813797638860394
0.79887940140400482 0.25383607144680909 0.41607861594176598
0.80486253989266898 0.24344728330656107 0.48038992554740118
0.81823264364278769 0.23286218671843392 0.54354605729740835
0.82654923541872261 0.23606115938387498 0.61585072406861119
0.83069238260047051 0.22628710262175214 0.68179924487603427
0.81609909647267553 0.26517603801008122 0.74401978568977345
0.82631805307450779 0.25285910408186996 0.8084472545839233
0.796388912833492 0.22648973601984959 0.88107161106461862
0.81132519341670128 0.24313871661748221 0.9424084707857685
0.81082305402900667 0.25608417519171067 1
0.81161390196589389 0.31359876799429814 0
0.83445840935463755 0.29160459265835853 0.056939125262052089
0.80226244919570044 0.30347157544018871 0.11133215586028038
0.8196923049664806 0.32083511068518278 0.17350777031455794
0.82594357740234037 0.30226099763810416 0.23463305045758898
0.83232711902441325 0.31285752484010954 0.30597794390281552
0.80140337663030359 0.31476562181105772 0.38059255711490114
0.83429009022714506 0.30145981529991711 0.44707497479283659
0.80742134412912159 0.34291169106905678 0.48474424106581315
0.82885908856857038 0.3000015414752622 0.52863070662545275
0.81605448920732826 0.30183311167920124 0.59520311850197649
0.8079020092113447 0.29752905076690811 0.67288598857403337
0.8284243073266665 0.32436855464186265 0.74720932880734214
0.78917274421525885 0.30532572908416178 0.81118845309954413
0.80087245646122651 0.28530348325496752 0.87171569610179167
0.81681127067027515 0.31522874966285036 0.92233544727580574
0.81330564019039764 0.31876143289198411 1
0.81028120092330169 0.37506249055628915 0
0.79786200630771364 0.3681967880320553 0.068019750113735566
0.83005666453747218 0.37513983101722187 0.1295274573242324
0.80055421144008732 0.38387943037715933 0.19090356154109753
0.81229862658504615 0.35753476567363945 0.24650154420615622
0.84637497499649972 0.37550867204764726 0.3153816971796875
0.80565431298755474 0.37337440470867922 0.35148465858380634
0.81184770634036796 0.37220479577019033 0.41714907963974573
0.79316905683119332 0.39900085289204329 0.48749818235588765
0.80886550896294018 0.36494243357852163 0.55636528060875901
0.8109825443751173 0.36196407690799431 0.63486957824826284
0.83937770957412383 0.35761326470861282 0.69242450120133114
0.81224186590465075 0.39415856964024987 0.7455698342290773
0.81154175596933065 0.37122497198785004 0.80523302913564554
0.81903707371150125 0.36052162728843168 0.86921299980131239
0.78907917336840172 0.37425737293935379 0.94537337649513564
0.81220419136757194 0.38193041461204086 1
0.82048938107729075 0.43775687889405357 0
0.81812736614811099 0.42651139968574397 0.045759622084134005
0.83046128173038269 0.43616522478271519 0.10572632692904917
0.83891874313751669 0.43648183209958286 0.1786043172810631
0.80945017577747069 0.43699009290379331 0.24205419795765334
0.79696753205118398 0.40845480014894125 0.29349299405215196
0.81509877923809604 0.43022552814326293 0.3621672490207003
0.81343731266168928 0.44204275529719161 0.43797820759479344
0.8353155987356865 0.44476069090912457 0.49373005392205099
0.8225549716039362 0.43684225478127031 0.5449181703096222
0.81914726612792388 0.42035094199054052 0.60217294934710319
0.81323005443908147 0.42724222767129438 0.67346568274677798
0.81357296934273071 0.45652970468717319 0.74375460438786622
0.81624736743864446 0.44342243247868646 0.8220560543446076
0.79862096854057996 0.44713054150773873 0.88409627728156848
0.83073404458818534 0.41862112177972849 0.93957628887342248
0.81121633036429464 0.44348899158079225 1
0.80506895642442855 0.50096417466937271 0
0.80407310650500685 0.49682495089600803 0.081466707857061824
0.79918600955124897 0.4868047486944253 0.14544550258262609
0.82437656556424166 0.49656566842338173 0.19379229823289382
0.79134791191245935 0.50231425332088409 0.25146096191641504
0.81326496343281207 0.47372262768530105 0.30298871290918117
0.81024753666437743 0.48839300475653186 0.37768226384851467
0.82996906887736688 0.50212927893074077 0.45845124485329275
0.80009444466208468 0.49678651426316167 0.51222033879472173
0.80391936168640965 0.52025411785124498 0.57623430666310038
0.81632007199756507 0.48335229881280012 0.61714899708537929
0.80702012765327646 0.49308019852064072 0.67083375772933551
0.81739778491523085 0.52521835648229476 0.73593387421464107
0.81341244952315039 0.51622596591330827 0.79951869642887186
0.82199213160072326 0.50616678691232864 0.87278050468370161
0.78169665963052037 0.47606035805503383 0.94092329935736674
0.80991376635945467 0.50425867775491884 1
0.82291045397698914 0.56495596851003405 0
0.80472920024428141 0.56447988498390989 0.057824673337643316
0.83297485127223792 0.54495281010980523 0.13030138321721627
0.80273558237053233 0.5515674590669799 0.19454473745302278
0.84214014024253825 0.5446869334469524 0.25486942631530241
0.81902082043364322 0.54458895425767384 0.32198282952116791
0.81616688621496869 0.57211621041118887 0.38044985610823817
0.81463811440169187 0.53946265431910245 0.42243755561359636
0.81021170730810299 0.56730919141899638 0.48455725104082931
0.80482759173862972 0.57578417061839771 0.55272585297478538
0.82728531581006293 0.5652862149680471 0.62797232542523385
0.82255336865805517 0.56282971266463167 0.68949231779875453
0.8188934537690532 0.5790394412992278 0.76393808435730837
0.82036168077202876 0.57522350534712152 0.83568716529640619
0.81357922052057008 0.57891880471868284 0.89462033253347806
0.83189637156827345 0.53394435549020935 0.94300377423605031
0.80121261216624062 0.56544470851016448 1
0.80228902354726539 0.62835788976557405 0
0.82246992653414075 0.64039539547031998 0.050122842370402564
0.80733510369852279 0.61255705679622385 0.10110967502880538
0.82052265447380279 0.60337670797974008 0.15767387986662387
0.823089931770846 0.60854158793559543 0.22656063251988179
0.81463335354300725 0.6070187130437662 0.30311591467135579
0.8183245905869736 0.63752190603919479 0.36628566475089075
0.81081423577700684 0.61808374418227785 0.43210629315488969
0.83889921531682843 0.62325308142958546 0.51766625132057897
0.84577777592327053 0.61771041379059544 0.59420077818015238
0.78398428393984898 0.61124466315359838 0.60467517145242822
0.79947599649345591 0.62689508894763524 0.65954078053233767
0.81926403243096368 0.63405894478083569 0.72470866604378681
0.81535155330811249 0.63576716354057361 0.79491126960878489
0.82320341995508484 0.63821939809268291 0.86376191179702944
0.82196376966354778 0.6482739325523319 0.93979670009263627
0.82487174932622087 0.62255174050523343 1
0.81658228136782829 0.69298593763107996 0
0.78884575715397798 0.69014761057589702 0.070303290331173246
0.81250875678827605 0.68125850524197817 0.12939447694191619
0.81277366252389804 0.71422476242775701 0.20271638677560738
0.81455516667243666 0.66575346879803399 0.25859630171951575
0.80687838708847226 0.69003784476262342 0.32606983308331861
0.82735597109633863 0.69011816398824177 0.40168443744065874
0.83256680535909278 0.66835708818562101 0.46022830149457072
0.80922253357996665 0.70046718430057042 0.50312926288951854
0.79718520744531529 0.65423414735340291 0.55659419658133569
0.8154030944733105 0.68404754158110093 0.62071030391937965
0.8023582159102326 0.69223664450216071 0.68860344683810226
0.84222386491581047 0.69620485021803236 0.7488771183958246
0.8122984981071979 0.69670235028496896 0.82825743600922774
0.83395370812520175 0.70749184500812679 0.89192092539792367
0.82667794747154943 0.70472697708809284 0.95195844228527293
0.80943761348475296 0.68233507271831118 1
0.81203650936362937 0.75638504282428076 0
0.81413451146783533 0.73425463277112279 0.053118306519945986
0.80044648338893321 0.74632812579398911 0.11948207278720867
0.8163054474987006 0.76766445245045312 0.1990469947748818
0.81794660365229821 0.74861126470013439 0.27146986485734498
0.83546933999018036 0.74101350310399905 0.33892586129826507
0.80212898005654454 0.74895002318471726 0.38253199313108494
0.78780260343243513 0.7321040744231202 0.43979656886323509
0.80777661370560561 0.77269938982001651 0.48395787694271886
0.80895673399902746 0.73539428172368249 0.55636413885311631
0.81602154735735433 0.76764599191676464 0.60097388594883094
0.81942213308153189 0.75730908602494185 0.66109736247213224
0.81894049874975716 0.75535747927706665 0.72481963760403956
0.8211919477159042 0.75808259586285742 0.79063507287391643
0.82589910189028859 0.76997444277330651 0.85992240125595043
0.82798669859224328 0.76238188518747574 0.93369904466251807
0.80506172207414162 0.74373190880198359 1
0.81339701293556077 0.81889679389273506 0
0.80607674197704826 0.7961550788632823 0.057266595481577323
0.83667480262598326 0.81786592962422355 0.11434003235472442
0.79509026294810492 0.80969246601753242 0.15915361825284954
0.79996862484000264 0.82685399503582901 0.24146991152953753
0.82630413158894123 0.8101378395606661 0.31998615340028674
0.84641092357408065 0.79562921554627652 0.3837466448994295
0.81015763542905628 0.81031519433927457 0.42965447172044474
0.83522758945545661 0.82182232004143407 0.49796365768645423
0.79745787024431203 0.8042884457101942 0.54788798771642877
0.82578884643308259 0.83096945596640837 0.62742568093510054
0.82288351538099525 0.81987140853868024 0.69197925564037277
0.79061863852196024 0.81696276451451921 0.75244236798123199
0.82658058583468397 0.82436047170438664 0.82390280616885891
0.80414213288353753 0.82296732429594388 0.89025561532647968
0.78324381810432275 0.80362520482046651 0.94773461255181168
0.82539946405728015 0.80166038455938837 1
0.81810708624239914 0.88117444715412407 0
0.8120598699376369 0.88460662267539913 0.049753883754614411
0.80642542553338237 0.86521186927991711 0.10397206102679751
0.81495655019663216 0.87673130504451069 0.17679208540014715
0.79848579531566466 0.89284620109168533 0.24711963514048241
0.84464016074166992 0.87073058682288351 0.28847088457515846
0.82763006104435954 0.87277479902309663 0.37851639576252583
0.82011996041187785 0.86539942867016473 0.45174162243275695
0.84453242089363267 0.89432222465055367 0.49799832426596852
0.8219645218260333 0.86112350527107884 0.56088310833499955
0.79061613058205904 0.88981475107625585 0.61210095566179346
0.82532266311727287 0.88987756444962285 0.66592287081990953
0.82552384424716008 0.88507085748630376 0.73263208964431081
0.79863714296106181 0.87407046383491505 0.79619535407459852
0.82745167462284874 0.88238954992329155 0.85968871773545685
0.80790338564793551 0.88300219359056187 0.93589007219139864
0.8075551506142975 0.8638103199863334 1
0.80508619021012895 0.93965980060116816 0
0.78681036466110765 0.93648065697018379 0.085194208802615565
0.84215953616062555 0.92612752668552911 0.10796724607704651
0.82753580160614459 0.94009213188739948 0.21107107613259374
0.83578058793404275 0.9432697300711087 0.26534879109401366
0.82854678048260122 0.92749813823731864 0.32337426314303436
0.81995563697275997 0.94992176103276493 0.39317869387783794
0.80266822675051086 0.9177441183206535 0.43543272366386099
0.8299448113233151 0.95338274178457771 0.50303016702959114
0.84096801225595841 0.92553506808999642 0.56170196568979391
0.82225338064502329 0.9492758829043737 0.62586320987880428
0.82694915277061076 0.94929522253321996 0.70510245905477265
0.81340468727264026 0.94866892758690191 0.77280246497671923
0.8281580663480449 0.92535650456765739 0.81523796433443796
0.82056286778937149 0.94881256876165854 0.87674052454059825
0.8451646347416274 0.93415813831100214 0.94854222362992158
0.81236810405984505 0.92872544568814674 1
0.81207816428598656 1 0
0.81059399425219447 1 0.061288086256336576
0.82828081551307264 1 0.12614649022662056
0.8109194163269875 1 0.19053309504754842
0.80212239747216285 1 0.25080428617563022
0.8176870872115064 1 0.30920413951763293
0.81567207547990639 1 0.37036317526682783
0.80675973625546826 1 0.43628806191123065
0.82477274794889766 1 0.50109553055843858
0.81158081338628485 1 0.56468884580438039
0.81824661481531213 1 0.62682076373504225
0.80039513360323855 1 0.68913440368866263
0.8134305616156341 1 0.75507911435930331
0.80830940857353017 1 0.81977236745120574
0.81531392002613334 1 0.88325128641347272
0.81306022826783964 1 0.93977369939831235
0.81031408353306134 1 1
0.87505778646497967 0 0
0.88120659628044817 0 0.057787573317513441
0.8702130503541623 0 0.11709299688198944
0.87612023879665502 0 0.17765561487271683
0.87335344625475775 0 0.23829778547302569
0.87326818753681046 0 0.30132232055913827
0.88158575522858085 0 0.36730275254206773
0.86889922276918674 0 0.43744016857912432
0.87706612187995536 0 0.50490412310721577
0.87824173782240489 0 0.57094668212399635
0.86550056026129663 0 0.63152514107048574
0.88077750915615183 0 0.69198049009133877
0.87952663621595628 0 0.75404919237727785
0.87280472843258727 0 0.81368806812193206
0.87604756173146103 0 0.87588289315342815
0.87605465225402257 0 0.938239246257904
0.87452231847923534 0 1
0.87589580674988754 0.063109734902658116 0
0.891316619422445 0.062078043985500583 0.08844651065474006
0.90057246552960502 0.061053857622605213 0.15469416304187852
0.85940011974356201 0.046816704558073789 0.20485425377312522
0.85900996714699962 0.062603612998500216 0.26279426940306916
0.88730955540778134 0.081559500663913653 0.31685716362717969
0.88803621743388916 0.045378639870517851 0.37071504088271101
0.88771199785676569 0.074236139327959499 0.42534545871707274
0.88852975580319771 0.050749118883982508 0.48083024127335622
0.87663044437795334 0.072647876666354375 0.55055965594968781
0.8907983750424785 0.057550138684156302 0.60746707941250888
0.86532957991815296 0.051692105122196741 0.68585066202178802
0.85976831326760272 0.045160504362423991 0.74873405021089412
0.89756839903945906 0.057037936575356191 0.81098239925705107
0.89563662039227476 0.065933606477380446 0.88486213474492825
0.88257530271730544 0.043648016114079882 0.95616422619522079
0.87513298755051905 0.066035050065816198 1
0.8741895599166023 0.12463211674610475 0
0.87605529616378508 0.10269084563859214 0.048087853676207409
0.87163275655945061 0.12911860005385936 0.12162164836499073
0.85375253207712198 0.1085499851962068 0.19382270725925846
0.88346319920581362 0.12537912617988503 0.26214785049648959
0.88854440160466475 0.14606683210004415 0.31818702815346345
0.87247765185428627 0.12281426390088442 0.37291881044093139
0.89284740600259072 0.1419192594818208 0.4276433685996992
0.87223331660695969 0.11069619410531584 0.48419429260703656
0.89865002452621845 0.13182875599329591 0.5723439597289447
0.85333538010057108 0.12369442038457622 0.61135120913846663
0.88888046578221547 0.096906496871414366 0.67200630929406702
0.87268538883891078 0.10349044954245096 0.73580046282934097
0.86911401431553426 0.11642616305168933 0.79608550235114295
0.86150113780038062 0.11238775768534097 0.86130790563164417
0.87450652359834957 0.12816746663087114 0.93059114017595246
0.87616452341851281 0.12963292275480837 1
0.87642160243915779 0.18796587623233549 0
0.89734996932911282 0.16150157350724603 0.058639691320139173
0.86511171143186738 0.19652701053435578 0.11687936225383952
0.89786447391574553 0.17512857050712949 0.16900315859555648
0.87323285959556385 0.17448335666333079 0.2283391754443681
0.88061091551131998 0.19245404215372366 0.30363905574229566
0.8843591603542762 0.19649009260895245 0.37721016767303384
0.89274997281934754 0.19871820149261063 0.45691702897750752
0.87375284078880844 0.16907278094446421 0.50127492971178533
0.87846059038758095 0.18708357022232974 0.55025319786707927
0.87948951045389923 0.18850593184811726 0.61920611963293593
0.88114068477676444 0.16272687010786546 0.68098963288155789
0.88791177644686947 0.16042727214450891 0.74971049338275797
0.86977575119598138 0.17834388396482118 0.80388257035718491
0.88120273914864045 0.17481532061831204 0.86655495061935994
0.8870400555951734 0.20379658105704407 0.93594224287351369
0.87465935714092335 0.18942993434541214 1
0.86976420813942079 0.25199680757860687 0
0.87412881638588924 0.22558766358683735 0.051272822553759853
0.87531040525834014 0.25494422710259912 0.11014885365851426
0.86907808213861348 0.22496359674901317 0.17657121589438066
0.86634850759480209 0.23086618722793684 0.24506876151933343
0.90521266813099799 0.24785197264725881 0.32370513446475191
0.87148750462572777 0.26344188582876138 0.38511920550822992
0.85930952089998824 0.23790665213378787 0.43779216618483002
0.88250651229555377 0.25613961768855981 0.50129609124977081
0.87607792596225709 0.24431582812473826 0.57219066517820405
0.87548599276386319 0.26870180488495182 0.63294294167337184
0.89463266243177364 0.22353603149556206 0.67829462618651959
0.87247466036998955 0.22141293068918222 0.7454228936702596
0.89125166702575342 0.23976489414367438 0.82295109592633742
0.85674985427415351 0.24714134498370613 0.88215983387605901
0.89923548395031749 0.26693416637971651 0.94044053704728714
0.87438844001500404 0.246854169799432 1
0.87661504303212456 0.31672224521958375 0
0.89596547015918082 0.29398539610580071 0.057039551940026849
0.87093075299528988 0.31085736140114256 0.12836764974488865
0.87591807705461833 0.28119340647106111 0.18982211962467715
0.89426649871053299 0.29494737527703196 0.25325437632228315
0.88836564904799609 0.31280389998948899 0.32793702253147644
0.85683117995476632 0.32612212983598493 0.38221985004684339
0.89645389777157414 0.3117064677625106 0.43602430320872138
0.88403252480026251 0.32240101236119884 0.49464563608778644
0.88653111212518754 0.30571957995811916 0.56730361711039357
0.87666051966748604 0.33094916298680904 0.64136217143305052
0.86957172885185441 0.28025167425624159 0.70060250445855321
0.88215045828747751 0.29008986546392046 0.77421100260425013
0.8535934770881497 0.31477794256896324 0.82669665573308204
0.88072048706892758 0.31480555391317067 0.88353404586668016
0.85671487052573703 0.30128328376747998 0.94946762278758035
0.87579360648703941 0.30452230572816891 1
0.87444182134738557 0.37867541124575582 0
0.85153906453475092 0.3562175784646861 0.06465172301432813
0.89833534347194932 0.3571759625616161 0.11717481911506691
0.87602523542446342 0.35831636676245587 0.19087307255330357
0.87753773411290248 0.34693802305648364 0.26077803997509674
0.90047108919721397 0.38149750270890664 0.30775263701528821
0.88735021421177451 0.3639613341674886 0.37862808632123585
0.86275179277030922 0.37736806959826308 0.45119851772124164
0.86027874923819869 0.37491983968962522 0.51997911541992459
0.8639821831808755 0.36333305403939303 0.58338277106971015
0.87404377034558334 0.39984218177277153 0.64022267676444089
0.89942337067907596 0.32073102487783978 0.71321101913200213
0.8764226053209363 0.36688138708499629 0.75978650917112878
0.89583895331621555 0.36383058023182185 0.81714436993581363
0.87232855851182445 0.39691456629042038 0.87372372253337294
0.85968697820848117 0.36898269620542906 0.93704416640481736
0.87643359426851641 0.36383244953655386 1
0.88182534855668171 0.44375216033485931 0
0.88500689017345124 0.41813910637239937 0.073007746665667617
0.88380949722481983 0.41645731376735018 0.13702772405735383
0.90445336038446889 0.44125049047800907 0.18079656301405672
0.86809080982128151 0.40576046016816913 0.2432147129404075
0.87510384274900777 0.43828951970596547 0.30150290544217373
0.87119407905166657 0.42259132637084978 0.38313138128590929
0.88692744561914338 0.43952562843330745 0.45134969823934251
0.90155898120967004 0.43638768728492505 0.50435277337678119
0.89032200708105758 0.42427670237881832 0.57561514214311527
0.87654073776525576 0.45683798276210869 0.63791111386824484
0.86783074051203379 0.42457794891262757 0.69831890392770035
0.8927253125665191 0.43202705929846025 0.7381890205089674
0.872621488445399 0.42558965799513399 0.80305471442747667
0.87556677333514377 0.45587317394232346 0.87440724499950062
0.89588637591568965 0.45224140477367325 0.93873646436167058
0.8751589034780114 0.42493358808091292 1
0.8690162543410529 0.50160840355384539 0
0.86348062651830626 0.47724923259197422 0.055690892821263008
0.8761659364599601 0.4927161568347167 0.12332908590481978
0.88362029395084207 0.50554178165029995 0.18616993706295018
0.86457071623984205 0.4776853615341532 0.24242522893062507
0.88785885955598598 0.50835485367675937 0.29154887753313841
0.87002776490905298 0.47928291521869326 0.34354276146133467
0.87859095172153745 0.49184691292660376 0.41182587553231509
0.87926144920358518 0.49526650418489265 0.49136485442450606
0.86734632591336325 0.48413318166327435 0.56356105689785019
0.87511685544863427 0.51962893207482874 0.64894490993581921
0.8690332900235398 0.49153493927045211 0.70330670515592653
0.86571334274773393 0.48093898737883978 0.76937899515382069
0.87621534341215246 0.50047006361165114 0.82731142250555123
0.88262077994918031 0.51766254887023011 0.8970149133118146
0.84338782783687427 0.4756785532905799 0.94021171580435847
0.87310454510183444 0.48944276397292941 1
0.88689163562721196 0.56102922300826386 0
0.85538427003497697 0.54524683053937084 0.066980736210654215
0.89285429266418836 0.56845440793449786 0.1274446774908343
0.86863912398203325 0.56249412537352161 0.18840684703809818
0.90070890397764025 0.56135035308401859 0.23243937077720514
0.88671014438054463 0.5738899318534586 0.30797658581804616
0.87850845151269485 0.53596889126371594 0.36837957202154387
0.86592155806401383 0.55726188982323388 0.44378950114604376
0.86083941013235044 0.54075986831100931 0.51832671036803102
0.88992565077425234 0.57026761976527207 0.54879673294453635
0.86971856932764879 0.54209604285199187 0.59024656883613025
0.877772032975904 0.5690856452732157 0.70053316596316706
0.88602731485857034 0.53507460997454759 0.76117489640461045
0.88156957521481183 0.57304632655705545 0.80576543230781228
0.87866125447412635 0.56660376667409229 0.87194643282168649
0.900279312113209 0.53489863954489714 0.94620219531224825
0.86872713460297613 0.5550819229142131 1
0.8697680495254887 0.61951472701151711 0
0.88156064714709104 0.60548950322308648 0.061087293990529354
0.86519347752112374 0.62900683744527874 0.11228841624383561
0.888501460583625 0.62191265807007001 0.17950069030040694
0.87707872908463158 0.62200517600966765 0.2577665449755428
0.87115641869791183 0.64349320451160619 0.31529853022597365
0.87135419673210812 0.59774559184235632 0.36921476163417921
0.87625544075037753 0.63170264149775124 0.42704028007440181
0.88520852455249521 0.60689588733975064 0.48434003282176463
0.8958102405919538 0.63122405599528764 0.55563717560458425
0.89401649621046875 0.58791884458724364 0.62420731297332954
0.86652008772199685 0.62941028105251062 0.67112235709321522
0.88408642923773562 0.61882624111761397 0.75525283157523437
0.88620757968111841 0.63255581426939267 0.83084462563749517
0.87271689752181847 0.627936071739844 0.89330748990122633
0.85668194772934747 0.58974208834819719 0.94461499557131223
0.88612821523554397 0.61748816742625989 1
0.88252227370550274 0.68609898789752422 0
0.86639475165290025 0.69374622991224089 0.066035756787387975
0.89414491410853447 0.68725164237740932 0.12670533217515037
0.85006730046497891 0.66352076752436806 0.18210361854306714
0.87193314727384474 0.6811279082249927 0.23133219027021892
0.87071397601139477 0.70282762980694746 0.29561484202795124
0.87429569587633515 0.67590751205954991 0.36536573975244396
0.89363128790765112 0.69196134244617946 0.42633484476480549
0.88127991625660962 0.68155436865317243 0.49607416951914474
0.85872919221404165 0.68400193482813554 0.55867869341157672
0.89048963809460391 0.66483962796246998 0.61795756315266692
0.85995756973920989 0.69247479748819529 0.67424420195162904
0.89410432673303442 0.67720133779874436 0.72776181781600269
0.87650098679998401 0.68748582773755362 0.79516767415333089
0.88295094155648346 0.6844834999161602 0.86587759807911147
0.88500326664201834 0.66949042312656659 0.93249826568412419
0.87297419849638291 0.68297550130906759 1
0.8745707142214767 0.74295107795533211 0
0.8639081867687648 0.77412267664426915 0.077308739175294461
0.86523304421832803 0.75266128741101723 0.12667149924301646
0.8773099618075747 0.73065922915870007 0.17314578152228494
0.88571121550384935 0.74283553946208158 0.23544957150844556
0.88463104296455397 0.76580709310205275 0.31169304694847277
0.88657712360061747 0.73975381596903289 0.37872908259012755
0.85268121333038183 0.73821817489487307 0.44325534793143279
0.85748941994083172 0.75297086401636959 0.51339738880001884
0.89549755080602966 0.73359980630167976 0.56569253434534694
0.86722895198734751 0.72949340371777716 0.61855096805307608
0.88671177475550722 0.73864546136530695 0.68936994540602714
0.88580034637633664 0.75487393573850725 0.76220704877608858
0.88575407221724034 0.73650267760132282 0.83391515380813008
0.88090420375775025 0.7566830602207002 0.89496533605645445
0.89488164833374784 0.73788040784411135 0.94984946170027851
0.87287200193720438 0.7455373271839455 1
0.87562352188541326 0.80604541851657452 0
0.87331604211397329 0.83409059489612836 0.051777062438778318
0.8982579532082906 0.81243899082397908 0.11731885064604196
0.85404130255344302 0.8104204334148114 0.18415594118286127
0.86447805989822213 0.80574457016151713 0.25202267824961516
0.89572064141060015 0.8327179333761402 0.29321328486022868
0.89074575071005135 0.81679239400966319 0.36514724545011851
0.88567368193803597 0.78799160138231361 0.44907623586433465
0.90365955287818933 0.79007622120651377 0.51858605391716095
0.86573247590014379 0.8036642658434513 0.57234564901228702
0.8764277839137935 0.7976900293624638 0.63820953541184933
0.88341520482936431 0.79496874994973221 0.70578136827585247
0.857789649807845 0.82023919297086167 0.75961620563569388
0.88517781315475119 0.79797228539020981 0.82578764798672721
0.87938099995358943 0.82869364171894899 0.87859184670645218
0.85225913189007085 0.81801874030187061 0.93891589332583758
0.88279388680498339 0.81159232939029069 1
0.87829296916757682 0.86874561637267644 0
0.88505179495371455 0.89845300126515626 0.048015551823139505
0.88731355650457056 0.87110680710344668 0.098056865625032436
0.88306517195101575 0.87474603729623646 0.15727941325668243
0.8713529153958417 0.87304728115639707 0.22753602237231915
0.88179439618402156 0.87934296738736628 0.33573296351496473
0.90627202524746209 0.88463703275192662 0.39890477958371912
0.87645880532530362 0.85274633030119895 0.43602299127627048
0.88789149381536014 0.84781865485462071 0.50405949501927216
0.89554030892612169 0.87528451366493021 0.56284868098671048
0.86774342431015983 0.87941528652539114 0.61748264176438494
0.88239280255683017 0.85817360113743868 0.67998617912694381
0.89965401803525025 0.86609979166513928 0.74025329203747436
0.87108735370162149 0.87340929728268712 0.80412445352214612
0.86445936168238291 0.88726396847400346 0.89098107414429473
0.89082240587810235 0.87081108861603085 0.94608047694752795
0.8679193974466799 0.87463919592118744 1
0.86905657024202898 0.93550879296738576 0
0.86661817737293945 0.95557778308866892 0.051730729773483225
0.89776286374586067 0.93418162736452415 0.11074444601309867
0.86164885307815409 0.9385617850378728 0.1661162861134878
0.8970316114623621 0.94101717466537638 0.2240812736417602
0.89410312807469561 0.93700878705362933 0.28863082406510437
0.87793365638957188 0.94403013059526364 0.35845906494782076
0.87481425076410813 0.93319382557899178 0.43449663393047505
0.89545287309135191 0.92293567534304166 0.49969173102874082
0.9001953889583536 0.94620604838241207 0.54562104894753494
0.89327671740924774 0.94150425011646921 0.60812363719014484
0.8818421955527882 0.92971122712180299 0.67699900724653417
0.87336632302436878 0.92695679038736123 0.74362427893031724
0.90085157163608998 0.93847689102399257 0.79153312392434205
0.89215841294558684 0.93831135164404134 0.85124065826391282
0.88408064830762567 0.94989396390318037 0.91338535945992283
0.87403870570190623 0.93782594102629024 1
0.87331015647474031 1 0
0.86576277508942712 1 0.07128087675760561
0.88923170776830573 1 0.12058145675451996
0.87516398013757302 1 0.1821628142515006
0.86972976624202547 1 0.24733225195994943
0.87923916809610614 1 0.31070658941577156
0.87739467801381221 1 0.37651425735102523
0.8679456687250261 1 0.43861067476880017
0.88620035416603871 1 0.50164653032600304
0.87420938658977054 1 0.56433656281709654
0.88079358276326969 1 0.62891523600671806
0.86518898012874534 1 0.68705097639576052
0.8794202996548014 1 0.74579192523995574
0.87116817210244368 1 0.80722204393725383
0.87711752921390407 1 0.87275115477654241
0.87528449252090512 1 0.9375488918045658
0.86898175672888378 1 1
0.93771348262900844 0 0
0.94015512929177458 0 0.072603350908504435
0.93675595927907773 0 0.13651205161392779
0.93774488224570085 0 0.19842176453027846
0.93696027115404701 0 0.25733703355658821
0.93619888909277771 0 0.31839485589580563
0.93985602751228459 0 0.37972730104973895
0.93132574789255984 0 0.43756957264015334
0.93849770803497112 0 0.49462422630092567
0.93886204868532475 0 0.55809065001222291
0.93286336950570847 0 0.62340719567876746
0.93873084171805599 0 0.68481581500268585
0.93852503631307871 0 0.74987516623972061
0.93017309507782275 0 0.81559247451714989
0.93713211550760733 0 0.87415513467549655
0.93868828057268117 0 0.93851828072895194
0.93682382429900779 0 1
0.93747887087111381 0.063030311043278484 0
0.94107915836706502 0.059814684153683607 0.039761680603191442
0.95276754264770847 0.064189125924876064 0.098676393534937817
0.95842943214599963 0.063434718484580918 0.17303020436528826
0.91986556990054125 0.065695691295911532 0.23398847915003071
0.93256195269199715 0.043602770595489782 0.28915520215148516
0.95394429539130954 0.0601123799360746 0.34323623080708454
0.95215424053291053 0.059618816798562117 0.4087062486546702
0.94912621390489227 0.047560482929108271 0.46657251236940012
0.93620647280142522 0.040868828160378158 0.53480144033469501
0.95051922770794883 0.071535702183932862 0.58988732726323534
0.94011986259350555 0.054258987011331097 0.66244637962032671
0.93058486018215891 0.060183561555412698 0.73543793995590412
0.95202664335835863 0.062024249949541539 0.82601565294317369
0.94122522897865568 0.043763502549204192 0.90431553644512086
0.93450439945046371 0.085894864917289288 0.95197384714681987
0.93927004108002154 0.057213832965663305 1
0.92984826624911787 0.11582811623027969 0
0.94559826863668373 0.13159577558993843 0.063828301720697506
0.93594687927679054 0.1218250165713934 0.13030471673560398
0.91522591462445779 0.11913525647100047 0.19268142014377762
0.95718707056990227 0.11869425283760544 0.22489142464574266
0.94416495852431981 0.11055970785409801 0.2941233373703584
0.93638399157578589 0.10646015627464005 0.37679965071680482
0.94120979438312991 0.10697756790973433 0.45480636981917921
0.93770005555933733 0.099128975516953183 0.5223578405577175
0.94895615254948251 0.14654855143052142 0.55897321850456394
0.93040065155768614 0.11846272579883832 0.63454561890736527
0.94226394700976046 0.13093975008666359 0.70772803377503113
0.94255771513457387 0.1170476574018602 0.77506334060808091
0.92458408400510816 0.12796032797959483 0.83132888841052655
0.93860640770479109 0.10721749867753051 0.89209621574836429
0.93567628494974731 0.15143431242251904 0.95294492432503464
0.93820149228145711 0.11771268688880435 1
0.93725341504054127 0.18665097800932065 0
0.94400939063726774 0.20615312938507541 0.042677541937346214
0.9352828406289645 0.18929391449119773 0.10678232633559115
0.95321732669177395 0.17561165733925943 0.17261554820335095
0.93385648682881606 0.17065891807470898 0.25056012097898012
0.9457143906400417 0.19345572963802446 0.31474466836179987
0.93848102319051419 0.15869910017421168 0.35831350012535473
0.94668755886942246 0.17002386465873645 0.41764674095930493
0.94338799660977668 0.16612103657956245 0.48951789199082174
0.94195581832374264 0.2041913369920787 0.57192789118659815
0.94466990638027848 0.16892225506882794 0.63821001838692726
0.9431809662236893 0.20104538473298725 0.70655030211700898
0.9399740496929837 0.19142330960807907 0.77506413451193368
0.94789667950059109 0.18776105853507605 0.83475103866527611
0.94099740501741758 0.16682509531292353 0.89679049980128733
0.95394530794572907 0.21604715341238059 0.93862688157142238
0.93628554133801578 0.18149031380009373 1
0.93392884982203672 0.25077932792618207 0
0.93976298461132457 0.24630529683753125 0.077522902983023334
0.93399633168586893 0.24468713074629381 0.14873084846567947
0.93371649481162233 0.23245696518444012 0.20960404498173313
0.93935779304183231 0.23360078737695539 0.26999747326745205
0.9509358452033555 0.28040155969528435 0.3159393585423626
0.94714335745468425 0.227821216957729 0.37514669966258163
0.93107967251095736 0.23744570666686698 0.43779459179807279
0.93737544342894386 0.22742206821394673 0.51099676035482089
0.93846821067074115 0.26984167689330418 0.57636046243293737
0.9391857712180337 0.23314500209953073 0.63462282465383413
0.9456696477742319 0.27430104035364183 0.69216092295080589
0.92949855209751364 0.25384579508150085 0.74595988581363681
0.95388073591341171 0.25897487146058829 0.81429425321864279
0.92456232713596553 0.23894728632207365 0.88158348555525357
0.9583335541066369 0.2727419967649326 0.94580747245760233
0.93826789692671753 0.24597415993811678 1
0.93841671681136762 0.31194359444899461 0
0.95874387150532836 0.31236183086372499 0.043560499380921644
0.93803187472216387 0.29790555407041142 0.10684150087743233
0.9351437402463294 0.31587686546304655 0.17696384757196607
0.95111197278729054 0.2940359325896017 0.23482300442235368
0.94427438621210069 0.33853072284799612 0.28110359882725966
0.93811942880929244 0.29513272193411222 0.38799755570607203
0.94560272703969717 0.29142670708055907 0.46383436789315829
0.94688145325119866 0.30559501313096699 0.52521317196336381
0.94210130280996585 0.33539997392562287 0.58709598447339839
0.93278561915999214 0.29980019995602247 0.6386211638498126
0.95150438409434379 0.34342661361613369 0.67979706612198632
0.94381047102762516 0.3156034876800507 0.76464503411864115
0.92587912313374232 0.30596865572214937 0.83505613651197197
0.94612151392090305 0.29382362494115377 0.89018633451110107
0.9289835699052269 0.33425805069226872 0.9470000953306853
0.93777837004213205 0.31071043227018968 1
0.93768319508608478 0.37603211841747342 0
0.91881320339759509 0.35805357672580174 0.056414154600681297
0.9591227684603133 0.34776895900938537 0.11339431270572405
0.94201411330185691 0.38912620869024728 0.16451250593103406
0.93711074516643811 0.37673574757540035 0.22423284771210658
0.94725722914253274 0.34812907170294966 0.34416238811557509
0.95435401519962715 0.36066873379956155 0.40822229846251229
0.92183516749652472 0.39564286489271022 0.42591544324767672
0.93162168667311007 0.36826760168442435 0.4689388910631157
0.92259789276621895 0.36358144396590775 0.54074561122428333
0.93207042391534367 0.37616530248529473 0.62018996390760717
0.90041374809317409 0.37565201832160378 0.69021938450048814
0.94396780568138738 0.37299759138056976 0.73822206752769992
0.9558815300389385 0.35832370375614842 0.81708362845343285
0.93750110968432721 0.36026500224990676 0.88749916340189294
0.92142470513634833 0.3951615678418135 0.94269956902237395
0.93728523513717577 0.37893779605662831 1
0.94341291138364725 0.44118812441735344 0
0.94002811929174557 0.41317348403971699 0.044054220636552364
0.94463536346367416 0.41168812813437911 0.10582550790082933
0.95425543501530541 0.45896433394929631 0.17673395373333006
0.93010798446600829 0.4501895265123575 0.241623147101969
0.94450573633484369 0.40642007791551554 0.28635463393580185
0.93602400701985189 0.41601919159125195 0.35069289636946616
0.94234733539954485 0.45243050444229449 0.4090553724331944
0.95421228960853477 0.43463031491254223 0.47675182177845193
0.94984376044711016 0.40943333153449751 0.54283612143656101
0.948802715926651 0.43509441402741827 0.60824319959380235
0.94065237155908132 0.41692541479847461 0.68345350605127553
0.94230287126278967 0.41366475162377581 0.77484996576939635
0.93652665792447265 0.42624014716646746 0.84014719798331983
0.94700543929082093 0.43364629755978612 0.8989896754381177
0.96078927078260645 0.44410273797252831 0.95998643352078283
0.93594822698090785 0.44465396436771354 1
0.93414576298944008 0.5057704817205243 0
0.93375443239903055 0.47132718841540722 0.042377821454755063
0.9347447145559834 0.47393733202102212 0.10474745059719931
0.93590651725731389 0.52282316725004185 0.15917025083021069
0.94010863058725003 0.51154204305608908 0.22544142616527715
0.94322943955241789 0.47445812136506643 0.29334373945101122
0.93475634966111176 0.47739953680409525 0.35626394703788949
0.94715640812320323 0.52220675857666787 0.40584700228952625
0.92982540427025417 0.49421321643542437 0.46182079701816836
0.93544589692432112 0.48093568982527307 0.53648255753856122
0.92916782182294655 0.49103684611111115 0.60329920089203015
0.93541606824620593 0.47536564518259844 0.66817700071863795
0.9400225141075379 0.48079838532644587 0.73388691389983984
0.93426783084839504 0.47371463964964378 0.79272821090371393
0.93957018323135366 0.49989662940589619 0.85623101852288241
0.94424976109554537 0.50324513362766121 0.91541622332355321
0.93613535670830073 0.5040115991667834 1
0.94315171433337308 0.57216597901005939 0
0.91728567438955422 0.53016395853629172 0.059196153303159207
0.94531930609048898 0.55759438982777798 0.10180901926563621
0.94866625992084053 0.5785442058554916 0.18739951371339766
0.94710840678134633 0.54447460416671078 0.27691080178526251
0.94194622150420271 0.53544317474675607 0.33605065416672419
0.94399385612863107 0.58070762306375645 0.37711918082313356
0.91459320406370292 0.56412807233373385 0.42673952640057378
0.93330551070459278 0.54516813099086037 0.4921537422326161
0.9449877657209097 0.54006935246918608 0.56785256885294733
0.93997616065484058 0.54696552465654513 0.64408839978394428
0.93612944876886217 0.533064576233237 0.70616321516070468
0.94319743477063245 0.57444802596479649 0.75002566633590528
0.94165933084886799 0.53765681316740588 0.80838672345325835
0.9399313668941407 0.57907234528054374 0.87757525535381209
0.95996845383442941 0.55950998492936599 0.9516946440814652
0.93615288530261775 0.56079374586246622 1
0.93471732361162241 0.63138939719744414 0
0.94233609307281974 0.59526434982503496 0.049109607633864058
0.93804073243198649 0.62608952323525868 0.12871347908543057
0.93774803919016592 0.63524301424660357 0.21467346077266919
0.94531513757405128 0.60074346518352117 0.26545639801294912
0.9368042929492234 0.61600893762813325 0.32241867444366307
0.92644564993322975 0.63393983932050069 0.38953923812297125
0.94894877734880889 0.60018980842204217 0.45335276109032946
0.94660320525543817 0.60434831511861509 0.52609063987226456
0.94373233349847063 0.60089846583473294 0.59234745959011226
0.94800617493921757 0.63409539042413954 0.64361525003823949
0.93118477022958024 0.60243691640137165 0.69123682529945618
0.94935756079087574 0.64248474300669234 0.73387849411634309
0.94653074599584819 0.60992564999980681 0.81178098497527207
0.94221355136004803 0.64578794187933553 0.88602888716473804
0.91724215144359655 0.60138520364375625 0.94040535870769237
0.94613622537247255 0.62382143270080059 1
0.93083048625281817 0.6867041466189594 0
0.93430562497645808 0.65986823677647277 0.067017801005015379
0.95164576468207929 0.69840966073257837 0.14327346425319981
0.92700109926882246 0.68207183827941309 0.19253553684541969
0.93484249995117874 0.67080554712232499 0.26732618301239036
0.92783861297348924 0.68697600536833636 0.32871403817347988
0.95126758695264091 0.67940526875762919 0.37984231388707318
0.94273201018016584 0.65855494339675968 0.46028222743455266
0.93717595970937639 0.66966721649975136 0.52557350259496372
0.9424866823293524 0.66923166898664455 0.58224111517743249
0.94070281137229783 0.71258065495246137 0.63242526570800472
0.93312998258998225 0.6762712672021236 0.68619503670342685
0.93890905002223779 0.6619074587413164 0.78555770053053842
0.94653609352619583 0.69555973562256113 0.83715826404341198
0.93955020492638075 0.71086405623427906 0.89882387313752521
0.9389410870814151 0.66640224515038249 0.9531133756521456
0.93752496071832514 0.68459590894750244 1
0.93772073584336435 0.74954589911760505 0
0.93311962705113549 0.72323395942233482 0.069133717950606188
0.93661399476884211 0.76409267223784127 0.1371367183987334
0.94868212499702831 0.74576713611689749 0.21074514025573932
0.9385204010093503 0.7838186525957509 0.26307396887739881
0.9413625817041662 0.72829665964589063 0.28263372962049949
0.94676148977331631 0.74766185444684419 0.35332548348577847
0.94284088067985528 0.73305102227494678 0.42531686575795158
0.92523227655509743 0.72558284183277588 0.48604672438693275
0.95295830983145946 0.74015091068842809 0.54997750232908715
0.93230930617679575 0.76358737891940098 0.62359780281641908
0.94676553268276564 0.74175892976088487 0.70519474151955885
0.94073550469605227 0.72118215721820367 0.76545014340114825
0.94892300083635028 0.77335856482053189 0.81304264398216586
0.93929368783167055 0.77106545554380312 0.88399641363275028
0.95871315156059667 0.74658685315080398 0.95509569415255169
0.9382859643118342 0.74725171419991199 1
0.93718842361617594 0.81253752212794439 0
0.94102845974263083 0.78951315128177701 0.06821435825881414
0.94725162267584395 0.83664881704627136 0.14741965440077892
0.91200843045370783 0.80558199594699675 0.19364289088584913
0.9465792146255122 0.83661874074040288 0.24273867024041931
0.94543467291594196 0.79609551582748306 0.32386438474416568
0.93900671810426772 0.80255790618517753 0.40116276954731483
0.95136574792423767 0.77769140711789397 0.47448262979353761
0.95126102926374401 0.824747787081344 0.52555424949378982
0.93800439215269804 0.80036352207838057 0.57744532276487437
0.93233982098719981 0.83946018784877763 0.61927769862383186
0.93914188138350052 0.79416206706915737 0.6688589475262442
0.938570963267231 0.79872911340046238 0.74410226501857013
0.9296920981786968 0.82871741355149742 0.79216646695396009
0.94770058781594613 0.82837520090107608 0.86748735531595389
0.91998313904017337 0.80677552364448801 0.93467431480404173
0.94089757936973173 0.81513979532657344 1
0.9396509519730083 0.87665049581599608 0
0.9446517248108155 0.84962819507069365 0.068075978457905598
0.94931424915054574 0.89685318752558718 0.1301581180886702
0.93911495412881874 0.89041441921238762 0.20241746861029072
0.93320336045815711 0.89038891951052523 0.27483351794780436
0.94691919346449138 0.85238321816502305 0.33757277641619465
0.9574234858014814 0.87877814235453244 0.40470438470045683
0.93868544057498793 0.83581197080963421 0.459466516395448
0.93464050718664593 0.88869024615776315 0.47730710545300686
0.9467006722032606 0.87792993138976161 0.55718837541513744
0.93740980693693776 0.89627325164327531 0.63986381349695076
0.95032197338277224 0.84637996793294534 0.69599177925061229
0.94805550270467287 0.88522963386536824 0.77021278389111569
0.92758790082611975 0.87665603234263123 0.83530693816135082
0.93419483072842446 0.88792345459028155 0.89418301091647456
0.9563548932635052 0.85232368367755862 0.93916668709482998
0.93415601579196694 0.87866656274506871 1
0.9340429126503208 0.93847341255291239 0
0.94332549494928963 0.91634711914885447 0.057960033765717199
0.94531781653195857 0.9582630027846275 0.095556889465411965
0.93419508267108509 0.94934734799867493 0.16670989824267429
0.9543934097475083 0.94959828273547775 0.25261070340132935
0.94309683785827803 0.92375069144614319 0.3372905926875675
0.93442508101606936 0.95164841469337591 0.40263642274460476
0.93813557714360418 0.9444753490064054 0.45806991497400035
0.95640181841053462 0.93687419787605841 0.52432922044625319
0.95206377194235425 0.93597733570047681 0.59065453402172341
0.93929947097830513 0.95544959714947397 0.66151277145284781
0.9419662775766432 0.9031833937809236 0.70563212378390383
0.93484339573203612 0.95136863082840939 0.7336290120201937
0.95531754725749729 0.94021615195900854 0.82454287116286362
0.95199592639535613 0.94679952899023878 0.89959263152298696
0.93097913568369739 0.92558511739559446 0.95471450019051896
0.93984827612151112 0.94100933370609852 1
0.93139707244319214 1 0
0.93933809195063234 1 0.065426742645344135
0.94443481392918116 1 0.13229886856046683
0.93585511618259998 1 0.19444532947852186
0.93571488607760056 1 0.25469739314059725
0.94037432476774518 1 0.31916763073883314
0.9385219600208532 1 0.38140737918792977
0.93438277497710309 1 0.44255288526973091
0.94590603106324556 1 0.50339836982075392
0.93787717488765476 1 0.56541527571341388
0.94235590268643132 1 0.63242105910538415
0.93112291802045088 1 0.69480455146123765
0.93812913050776492 1 0.76147413131195585
0.93533745111908106 1 0.8241297399872064
0.94055376679854963 1 0.88357386134056759
0.93783687203835087 1 0.9401593119214039
0.923920092197965 1 1
1 0 0
1 0 0.062855786548275727
1 0 0.12310391176715883
1 0 0.18597018706429067
1 0 0.25321361250779101
1 0 0.31848587374677795
1 0 0.37685129140167112
1 0 0.4350786635314321
1 0 0.49545881207158604
1 0 0.55762222305158848
1 0 0.62051964643689927
1 0 0.68584750732742894
1 0 0.75340938990366135
1 0 0.81673134918315582
1 0 0.88103224113413869
1 0 0.94172763452572694
1 0 1
1 0.063127348283776488 0
1 0.058515963628899 0.059162043039145643
1 0.063585616784251744 0.1193959254071659
1 0.062337241749975972 0.18422695154750227
1 0.062755164401937444 0.25112052040821314
1 0.064947171472626783 0.31315155979715142
1 0.063067626920050787 0.37590696914271871
1 0.065947779383833741 0.43676947014379086
1 0.0628493352302672 0.49930088502347209
1 0.062647618826664739 0.56584622198006362
1 0.064462695313430782 0.63209076305139233
1 0.05829212139148672 0.69471814726173553
1 0.060363621394305761 0.75359713413898921
1 0.067003482801812814 0.8118155015510965
1 0.06159544767754329 0.87126621838248108
1 0.06229462466849961 0.93462988165326277
1 0.069790548168761554 1
1 0.12534834903277406 0
1 0.12024861295808482 0.059452346293682401
1 0.12517980576112364 0.11812612506371126
1 0.12400495709895309 0.18342455090063892
1 0.12372839127487079 0.25093752792287727
1 0.13212533339881558 0.31450735581724359
1 0.12357284813791701 0.37777109574197854
1 0.13075323917324136 0.44025074917066637
1 0.12228746994636044 0.50052068002599936
1 0.12194855803313794 0.56097070906287327
1 0.13305739856683232 0.62093773636898197
1 0.11782458475005211 0.6802361746675043
1 0.12085950073818276 0.74657256147765783
1 0.13036533762335514 0.80844470715538952
1 0.12410289043609332 0.86957095346595836
1 0.12548154488399604 0.93398401531927167
1 0.13386183890828443 1
1 0.18673294302865057 0
1 0.18570786621838167 0.066885937436376761
1 0.18602269992397244 0.13039930300207819
1 0.1879947806745266 0.19290124587152427
1 0.18595041255510375 0.25733987304973699
1 0.19251446581009882 0.31904160632211409
1 0.18781302550703338 0.38120787068786749
1 0.19221320839285339 0.44318135004624598
1 0.18507153806914262 0.50653045078604619
1 0.18436867696551709 0.56910319893894645
1 0.19761458175855595 0.63078324907388583
1 0.17956374052526836 0.68845426641306628
1 0.18249052738678462 0.74752405888661644
1 0.19250184320141303 0.80971088827965509
1 0.18780439585808886 0.87367327653440674
1 0.18709930572359079 0.93823316652336408
1 0.19039460343583481 1
1 0.24884017571788061 0
1 0.24907124096009045 0.060419168525492686
1 0.24922682324321468 0.11659458684576821
1 0.24912025548016306 0.17724554902209988
1 0.24951518963257321 0.23827184420844028
1 0.25320445715388684 0.30134902183006507
1 0.25029129755493251 0.36479445784348713
1 0.25176113566167246 0.42657170112303949
1 0.24777549935067547 0.48736265581583876
1 0.24502685087870202 0.55204917286467459
1 0.2567056879200284 0.61963818845816387
1 0.24416735158159536 0.68861050982388117
1 0.24996411322440754 0.75487842639446234
1 0.2526674704780098 0.81772018420542114
1 0.25105580522843129 0.88176907001052351
1 0.24963998065981155 0.94103849547657492
1 0.25098964371656318 1
1 0.3087857385268688 0
1 0.3136642854584214 0.066065497567452794
1 0.31205574378720186 0.13477859189672781
1 0.31342532497394721 0.19829226519443846
1 0.31141995678760381 0.26262949916571021
1 0.31395323395890068 0.3245782273829399
1 0.31057431321480095 0.38748992003351673
1 0.31203685701900807 0.44606629623478083
1 0.30723924513634376 0.50507188724822605
1 0.30788726960218565 0.56084858262155624
1 0.31992310418701286 0.62079536741048502
1 0.30569352590361015 0.6761840133000081
1 0.31290014010191619 0.73701967585150063
1 0.31187624529224123 0.80148998829705898
1 0.31243523626476494 0.86475755998391401
1 0.31286607962539625 0.93606091367038868
1 0.31342129819622838 1
1 0.36913190249687211 0
1 0.37740573630040286 0.056849494895423756
1 0.37482719703287298 0.11920703979248294
1 0.37419038790073827 0.17994285503661073
1 0.37184817645638424 0.24391166319476862
1 0.38107092971084788 0.31043239382906268
1 0.37149674395725713 0.37479239824650429
1 0.37362846362923752 0.44080231258078151
1 0.37041521197188626 0.50693558579857412
1 0.37469318281480024 0.5686882776797646
1 0.38116099034012885 0.63271565499701043
1 0.37129148680972462 0.69273097907259729
1 0.37431928742520038 0.75668800858237062
1 0.37641505018663524 0.8196795973321942
1 0.37223809597707797 0.87914873481860289
1 0.3723775945282955 0.93820105929661879
1 0.37266987496280168 1
1 0.43306957654190892 0
1 0.4413119684686963 0.067168272213950359
1 0.43653841548625161 0.13457870731522656
1 0.43818875602288609 0.19919660284761986
1 0.4287077247204808 0.26159780408533184
1 0.45167927263790753 0.31771118432863044
1 0.43036912674886746 0.37346816702667274
1 0.43551136152863346 0.43218056274846889
1 0.43602477650252441 0.49184713449289225
1 0.43870267345305936 0.55068289672893211
1 0.44273057416560102 0.60968220816664764
1 0.43751113862713908 0.67426929066076557
1 0.43534794298120605 0.7385165561780761
1 0.4383307297554217 0.80252605440636626
1 0.43542440990644343 0.87003451393413733
1 0.43095738820146773 0.93524849329557724
1 0.43512515413008374 1
1 0.49850118130728144 0
1 0.502416715983107 0.057990080282423202
1 0.5008418277418385 0.11925925196998449
1 0.49933377263219508 0.18223799179720709
1 0.49225232703042199 0.24861686178256867
1 0.5126937301666783 0.31283889083329175
1 0.497827121562532 0.3803477465517548
1 0.49554913955220214 0.44262142941658095
1 0.500151524144962 0.50452515018165123
1 0.50438882014643138 0.56720071565232921
1 0.50553913967517283 0.631679222847919
1 0.49893310599400909 0.69415933500047888
1 0.49918309405027228 0.75603704942624472
1 0.50083800526681876 0.81864095420018501
1 0.4951235720371514 0.87858878736504453
1 0.49443998825738278 0.9376388893605202
1 0.50012850708894974 1
1 0.56604504867728123 0
1 0.56099147722805298 0.057485926924571336
1 0.56422764581053952 0.11351407373800573
1 0.56520576618062224 0.18236622512043485
1 0.5573793261344242 0.24867270384938986
1 0.57298093889224211 0.31368930278515744
1 0.56251932719825359 0.37988083686371404
1 0.55830908279272273 0.44479764386758636
1 0.56267494719628575 0.50714216055377648
1 0.5671236190290706 0.56818286230852866
1 0.56706904227829802 0.62979597224951545
1 0.56312049556625043 0.69290669547935502
1 0.56501341227522617 0.75568811069965669
1 0.5656408510862333 0.81684999347151965
1 0.56001363281205274 0.8768661602164779
1 0.56605767278886998 0.94090485474630436
1 0.56267160314461928 1
1 0.6313838165026997 0
1 0.62263451843176121 0.066479865392541845
1 0.62785244613497737 0.13090722316636891
1 0.62716022976507357 0.19104703604917073
1 0.61686578534631831 0.24981099231388115
1 0.63776508669351162 0.30518909073913103
1 0.62621849882726899 0.36354686620362248
1 0.62299075819551619 0.42701827022440225
1 0.62393186832230685 0.49027236948646497
1 0.6272799001593985 0.5604826195874929
1 0.62929194613686035 0.62482959062499932
1 0.62410187766004255 0.68964100837841125
1 0.63218952537625028 0.75185813763905107
1 0.63093599399012068 0.81223181051656757
1 0.62538358886790157 0.87581901091521963
1 0.62451980919548733 0.93716984749470711
1 0.6236405845302152 1
1 0.68872416705473072 0
1 0.68649625358596245 0.060713694150279066
1 0.69132943145444659 0.11900315360884722
1 0.68935046801862776 0.18301301343681461
1 0.68075993045135841 0.24737021974247028
1 0.69554235931475983 0.31307916578693057
1 0.68567709384789488 0.37904098523940682
1 0.68729350462831773 0.44556860987733682
1 0.68467092990641998 0.51221919304351782
1 0.69180333449846054 0.57011856824203722
1 0.693895715175883 0.63004103782285659
1 0.68481116065970093 0.68741041219297816
1 0.69583077734691834 0.74451358887399766
1 0.6930392959406676 0.80972117181906189
1 0.6865286823386898 0.87308780383854301
1 0.68817890735394471 0.93742652614296706
1 0.68264350517903805 1
1 0.74531349321851081 0
1 0.75230997748333428 0.058819039701884172
1 0.75253220846809554 0.12126823946232826
1 0.75018508758957481 0.18567095780215279
1 0.74684328799295452 0.25064586238329545
1 0.7546851208591806 0.31590435489114105
1 0.74711570785388437 0.37459772128391333
1 0.75606190189235578 0.4346348221913805
1 0.74464267739369239 0.4928659531859142
1 0.75535070641174895 0.55258179582854816
1 0.75640233644204569 0.61355323182211696
1 0.74639322223647475 0.67938085688703498
1 0.75572314463663171 0.75020149738074537
1 0.75581758657060494 0.81236037070343425
1 0.7480970607629257 0.87006248376653972
1 0.7487581071893572 0.93406059369667782
1 0.74825998016494111 1
1 0.81079202757258018 0
1 0.81996366629936124 0.059633928383198989
1 0.80901045876946032 0.12127288569868987
1 0.81116589271404727 0.18275996727845698
1 0.81168238616002686 0.24313238351137204
1 0.81375928728296654 0.30727249743615798
1 0.81220274548814464 0.3720742221556686
1 0.81884466249112964 0.43713689858125632
1 0.80657994571350877 0.50407968145086079
1 0.82033181612576711 0.56971454204958516
1 0.81323768892754056 0.6358419550384804
1 0.80436142166536817 0.69710382329989806
1 0.82021736782183807 0.75655143360404076
1 0.81758351162342202 0.81644683186731615
1 0.81239541552594507 0.87611356995703238
1 0.81270141048117639 0.93766984840331868
1 0.81316147455406829 1
1 0.87852340007755425 0
1 0.88209706018915135 0.063136473993686548
1 0.86767723622414772 0.12438115331101968
1 0.87523230094594828 0.18371746593525162
1 0.87568892337005033 0.24375220365240552
1 0.87461497274360112 0.30966749150875394
1 0.87446108616215223 0.37482412716408237
1 0.88076074903270318 0.43844449503079652
1 0.86923726578725657 0.50248241318942266
1 0.88547500528602818 0.56132175592186739
1 0.8742600652231014 0.62299604116418827
1 0.86851490595738967 0.68723065074610268
1 0.88391561417487508 0.74763617009461536
1 0.88097873237124147 0.81121454902160561
1 0.87406805744215132 0.87449493070647188
1 0.8754295418559952 0.93732014360410765
1 0.87297700272627254 1
1 0.94082538202864419 0
1 0.93966204355110483 0.062750519762895779
1 0.93460970915120423 0.12375536911101452
1 0.93733506069028161 0.18800147342812892
1 0.9372479437201261 0.24886643091250968
1 0.93814585620573432 0.31099055761354899
1 0.93824025439109215 0.37020090383100918
1 0.94024614940591078 0.43043235825055626
1 0.93438441622757606 0.49112531637670914
1 0.94409984723017837 0.55422128600064657
1 0.93859345261941551 0.62150835312977248
1 0.93497661055443171 0.6897098649254001
1 0.94265202929341241 0.75439838139500304
1 0.94120341809658392 0.81956211320358685
1 0.93399559863858617 0.88426184230601046
1 0.94003039184359638 0.94273549793739564
1 0.93220050446182467 1
1 1 0
1 1 0.061630623791158294
1 1 0.12516797191109894
1 1 0.18836741660899359
1 1 0.24925766242250735
1 1 0.31286727151938037
1 1 0.37392041085422517
1 1 0.43863118672637058
1 1 0.50238421936750433
1 1 0.56622307936382132
1 1 0.62149259884562302
1 1 0.6819209510571258
1 1 0.74474162497339269
1 1 0.80738126634815699
1 1 0.87326524311164822
1 1 0.93694121263131869
1 1 1
1502 1501 1229 1212
293 21 310 4
1892 1891 2198 2180
1484 1502 1501 1212
3803 4109 4110 4093
1914 1897 1915 1625
1518 1502 1501 1229
587 298 586 603
5 293 21 4
20 21 310 4
581 870 598 580
2181 1892 2198 2180
3374 3391 3679 3101
4242 3952 3935 3953
4242 3952 3935 4241
2761 2744 2455 2743
2761 2744 2455 2472
2149 2438 2455 2456
2796 2507 2525 2219
3787 3803 3786 3514
3331 3025 3042 3041
3058 3331 3042 3041
3058 2786 3074 3075
3058 2786 3074 3057
3055 3056 3038 3345
3055 3072 3056 3345
3055 3056 3038 2766
2750 3056 3038 2766
2768 2786 3074 3057
2768 2750 3056 3057
3327 3055 3038 3345
3076 3093 3365 3075
3076 2770 2786 2787
3319 3318 3591 3608
1624 1335 1625 1913
1624 1914 1625 1913
2497 2770 2786 2787
1372 1660 1678 1661
792 791 502 503
1388 1372 1660 1678
569 552 570 281
1626 1643 1915 1625
1626 1643 1337 1625
1626 1643 1337 1644
2574 2591 2863 2862
2508 2796 2525 2813
2508 2796 2780 2219
2508 2796 2525 2219
2508 2492 2780 2219
2225 2226 1937 2209
2225 2226 1937 1936
1327 1309 1326 1020
1327 1309 1310 1326
2194 2176 2482 2193
2194 2210 2482 2193
2194 2210 2482 2500
2194 2210 2211 2500
2194 2212 2211 2500
2194 2210 1905 2193
2194 2210 1905 2211
1600 1890 1583 1872
1909 1892 1891 1602
1909 1892 1891 2198
1601 1600 1890 1583
2197 2486 2196 2180
2197 1909 2198 2215
670 364 652 669
670 364 652 653
123 124 412 140
702 718 412 413
450 179 162 178
207 225 224 513
635 364 652 653
635 364 652 346
397 90 91 108
1228 1518 1246 1229
1586 1296 1279 1297
453 165 454 148
675 691 692 981
1280 1296 1279 1297
2031 2030 2048 2320
2047 2031 2030 2048
1772 1773 1484 1467
1213 1502 1229 1212
309 581 598 580
309 615 598 614
868 884 596 885
408 698 697 681
408 697 680 681
1225 1242 936 1224
938 939 955 650
938 939 955 1227
1241 1242 936 1224
663 374 680 681
935 1241 936 1224
935 1241 952 936
935 952 646 936
35 341 325 53
315 587 298 603
297 296 314 8
297 296 314 586
297 315 298 603
297 315 314 603
297 298 586 603
297 314 586 603
71 55 360 72
71 378 360 72
52 35 341 53
3 20 310 4
3 309 20 2
37 20 21 310
337 625 608 626
83 355 372 84
406 695 696 712
406 679 695 696
2054 2055 2632 2361
1273 967 966 983
2736 3024 2719 2735
3032 2761 2744 2743
2727 2744 2455 2743
3084 3066 3083 2794
3936 4242 3935 3953
2184 2185 2473 2167
2201 2218 2507 2219
2760 2455 2472 2471
2760 2761 2455 2472
2760 2761 2455 2743
2487 2486 2469 2180
2487 2197 2198 2180
2487 2197 2486 2180
2487 2197 2198 2215
2778 2506 2505 2794
2778 2760 2761 2472
2778 2760 2761 2777
2778 2760 2472 2471
2489 2506 2507 2217
2489 2199 2505 2217
2489 2506 2505 2217
2489 2778 2506 2505
2489 2778 2472 2471
2523 2506 2505 2794
2523 2506 2505 2217
1931 1914 1915 1625
1931 1643 1915 1625
3069 3070 2780 2781
2235 2507 2525 2219
2235 2218 2507 2219
2235 2218 2507 2217
2235 1928 2234 2217
2235 1928 2218 2217
2236 2508 2525 2219
2236 2235 2525 2219
2236 2235 2218 2219
4079 4367 4096 4095
4060 3771 3788 4059
4076 3787 3788 4059
4076 4094 3787 4093
4076 4094 3787 3788
4076 4060 3788 4059
4076 4060 4059 4348
4076 4058 4059 4348
4076 4058 4347 4348
4076 4058 4347 4364
4092 3787 3803 4093
4092 3787 3803 3786
4092 3803 4109 4093
4092 3819 3803 4109
3479 3768 3786 3480
3872 4178 4160 3871
3872 3582 3565 3871
3548 3837 3565 3547
3548 3837 3565 3855
3053 3070 3071 2782
3053 2765 3071 2782
3053 3070 2782 2781
3053 2747 3036 2765
3379 3396 3380 3091
3379 3089 3361 3072
3008 2736 3024 3025
3008 2736 3024 2719
3314 3331 3025 3041
3820 4109 4110 4126
3820 3819 4109 4126
3820 3803 4109 4110
3820 3819 3803 4109
3820 3548 3837 3547
3364 3363 3074 3075
3329 3058 3040 3041
3329 3058 3040 3057
2783 3055 3056 2766
2783 3055 3072 3056
2783 3055 2765 2766
2783 3055 3072 3071
2783 2765 3071 2782
2783 3055 2765 3071
3037 3053 3036 2765
3073 2768 3074 3057
3073 2768 3056 3057
3073 3074 3057 3345
3073 3056 3057 3345
3073 3072 3056 3345
3073 2783 3072 3056
3023 3005 3311 3295
3023 3329 3040 3041
3023 2734 3040 2733
3023 2734 3005 2733
3054 3055 2765 3071
3054 3327 3055 3038
3054 3037 3327 3038
3054 3053 2765 3071
3054 3037 3053 2765
2799 3070 3071 2782
2799 2783 3071 2782
2799 2783 3072 3071
2531 2225 2226 1936
2221 1931 1949 1948
2494 2799 2783 2782
3348 3076 3365 3075
3348 3364 3365 3075
1318 1317 1300 1606
2502 2485 2212 2196
2502 2485 2774 2790
2501 2212 2211 2500
2501 2502 2807 2790
2501 2502 2485 2790
2501 2502 2485 2212
3061 2789 3077 3078
3592 3575 3303 3591
2639 2640 2928 2911
3663 3664 3952 3953
3663 3662 3374 3679
3663 3374 3391 3679
3661 3660 3643 3949
3661 3662 3645 3934
4499 4771 4788 4772
4499 4771 4772 4483
4499 4500 4772 4483
4499 4500 4788 4516
4805 4500 4788 4516
4398 4397 4109 4126
4398 4109 4110 4126
4380 4398 4397 4109
4393 4392 4664 4375
4069 4358 4068 4375
3951 3952 3935 4241
3644 3628 3645 3934
3644 3661 3645 3934
3626 3932 3642 3643
3626 3644 3932 3643
3607 3318 3591 3608
3367 3366 3077 3078
3367 3061 3077 3078
2758 2487 2486 2469
3948 4221 3932 3949
3948 3932 3643 3949
3948 3932 3642 3643
4558 4574 4269 4286
4507 4795 4779 4796
1659 1675 1641 1658
1659 1643 1949 1660
1659 1931 1643 1949
1659 1931 1948 1658
1659 1931 1949 1948
1623 1624 1912 1913
1623 1624 1335 1913
2233 2523 2234 2217
2233 2523 2540 2234
2233 2523 2540 2539
2845 3152 2863 2862
2845 3152 2846 2863
1929 1928 2218 1912
3109 2804 3110 3093
2803 2497 2786 2787
485 502 214 503
485 791 502 503
485 501 791 502
1082 1099 810 1083
520 502 214 503
520 521 214 503
520 792 502 503
520 521 792 503
279 569 568 551
1336 1624 1335 1352
1336 1624 1335 1625
1336 1643 1337 1625
492 491 220 509
492 491 509 797
573 557 285 267
2287 2558 2270 2286
2287 2304 2575 2286
2287 2575 2558 2286
2287 2575 2558 2576
1965 1659 1675 1658
1965 1659 1949 1948
1965 1659 1948 1658
2797 2508 2796 2813
2797 2508 2796 2780
2797 3069 3070 3086
2797 3069 3070 2780
3683 3376 3377 3666
2252 2540 2251 2234
2252 2251 2234 1963
2252 2235 2234 1963
1712 2001 1713 1729
1712 1440 1713 1729
1712 2000 1711 1983
2250 2540 2251 2234
2250 2233 2540 2234
2250 2233 2540 2539
1676 1965 1659 1675
1081 1082 792 810
1081 1082 1099 810
1292 1309 1293 1020
1292 1309 1293 1310
1261 1278 1279 1568
1261 1278 1279 990
1615 1309 1310 1326
1615 1326 1343 1344
1615 1632 1343 1344
1037 1327 1326 1020
3536 3520 3231 3537
3536 3520 3231 3519
1584 1566 1277 1583
1584 1601 1890 1583
1584 1278 1279 1568
2143 2433 1855 2127
2143 1837 1855 2127
1633 1632 1649 1343
1633 1632 1343 1344
1921 1904 1905 2193
1921 2210 1905 2193
1921 2210 1905 2211
2159 2176 2177 2448
1888 2159 2176 1870
1888 2159 2176 2177
1888 2194 2176 2177
1888 2194 1905 2193
1888 2194 2176 2193
2483 2194 2176 2482
2483 2194 2176 2177
2483 2194 2482 2500
2195 2194 1905 2211
2195 2194 2212 2211
2161 2450 2144 2451
1616 1600 1599 1310
1616 1615 1326 1344
1616 1615 1310 1326
1616 1327 1326 1344
1616 1327 1310 1326
1616 1615 1632 1344
1616 1904 1599 1905
1616 1615 1904 1599
1616 1633 1632 1344
1616 1615 1632 1904
1618 1890 1891 1602
1618 1601 1890 1602
1618 1601 1600 1890
565 548 276 566
213 501 502 518
213 485 502 214
213 485 501 502
536 537 247 552
429 718 412 413
2491 2492 2780 2781
2491 2492 2780 2219
2491 2184 2185 2473
2491 2201 2184 2473
1896 2185 1914 1897
2476 2783 2765 2766
2476 2783 2765 2782
2476 2494 2783 2782
2148 1843 2149 1860
2148 1859 1843 1860
2150 2149 2167 2456
2150 2149 2438 2456
363 364 652 669
363 364 652 346
363 397 90 91
363 397 90 379
89 71 378 72
89 90 379 106
89 379 106 395
89 378 379 395
361 378 360 72
361 378 360 650
361 55 360 72
667 378 379 395
1250 944 960 961
62 63 369 80
988 1276 1277 1260
988 1261 1277 1260
988 1261 971 1260
988 1261 1278 1277
988 1294 1278 1277
988 1294 1276 1277
1582 1294 1277 1583
1582 1294 1293 1310
1582 1292 1293 1310
1582 1294 1310 1583
1582 1292 1309 1581
1582 1292 1309 1310
1582 1600 1310 1583
1582 1600 1599 1310
411 123 412 395
141 124 412 140
141 124 412 413
141 429 158 140
141 429 412 140
141 429 412 413
1588 1877 1571 1860
1283 1588 1299 1300
1283 1011 1299 1300
757 1045 756 1029
757 1045 756 773
757 1063 1045 773
1046 757 758 1029
1046 757 1045 1029
1046 757 1063 758
1046 757 1063 1045
1046 1318 1335 1317
1046 1336 1335 1352
1046 1063 1045 1352
1334 1623 1624 1335
1334 1046 1335 1317
1334 1623 1335 1317
139 123 412 140
139 411 123 412
497 207 225 208
497 207 225 513
497 515 225 208
497 191 207 208
497 191 207 190
497 191 480 190
347 364 58 346
347 635 364 653
347 635 364 346
330 347 58 346
107 397 90 108
107 90 379 106
107 397 90 379
414 107 397 108
953 1241 1242 936
953 1241 952 936
953 1225 1242 936
953 1225 954 936
953 1225 954 1242
953 969 1241 952
1243 1261 971 1260
1243 953 954 971
1243 953 954 1242
1243 1225 954 1242
1243 1225 954 1226
1245 939 955 1227
1245 1228 939 1227
940 922 1228 939
940 922 1228 1229
940 1228 1246 1229
1570 1859 1571 1860
1874 1892 1891 1602
1874 1586 1892 1602
1874 1890 1891 1602
1874 1875 1586 1892
1874 1586 1857 1568
1874 1875 1586 1857
1874 1856 1857 1568
1893 2181 1892 2198
1567 1261 1550 1568
1567 1856 1566 1855
1567 1566 1277 1260
1567 1261 1277 1260
1567 1584 1566 1277
1567 1261 1278 1568
1567 1584 1278 1568
1567 1261 1278 1277
1567 1584 1278 1277
740 757 758 1029
164 453 165 148
164 453 147 148
471 453 165 454
471 164 165 181
471 164 453 165
708 707 691 980
708 435 707 724
726 743 1015 1016
726 708 1014 1015
999 982 1289 983
1269 963 979 980
1269 996 979 980
1269 996 979 1267
723 740 434 724
946 929 947 657
658 946 947 657
658 946 675 657
674 963 979 980
674 691 981 980
674 675 691 981
674 963 981 980
674 946 675 657
1270 998 981 980
1270 963 981 980
1270 1269 963 980
496 497 207 190
496 497 207 513
496 207 224 513
2337 2031 2032 2320
2337 2031 2048 2320
2337 2031 2032 2048
2337 2319 2626 2320
1759 2047 2031 2048
1759 2031 2032 1742
1759 2031 2032 2048
1741 2047 2030 1740
1741 2047 2031 2030
1741 1759 2031 1742
1741 1759 2047 2031
2064 2047 2065 2048
1485 1773 1484 1467
1485 1484 1502 1212
2336 2319 2030 2318
2336 2319 2318 2625
2336 2047 2030 2048
2336 2064 2047 2048
2336 2319 2626 2625
2336 2319 2030 2320
2336 2030 2048 2320
2336 2337 2319 2626
2336 2337 2048 2320
2336 2337 2319 2320
2609 2337 2626 2320
2929 2640 2928 2911
2929 2623 2640 2911
1754 1448 1737 1736
1754 1448 1737 1465
1194 1484 1501 1212
1194 906 922 1212
1755 1754 1737 1465
2046 2047 2030 1740
2046 2336 2047 2030
1161 1179 1451 1162
1503 1214 1519 1520
1503 1504 1214 1520
1503 1214 1519 1502
923 922 1229 1212
923 1213 1229 1212
923 906 922 1212
923 940 922 1229
923 940 1213 1229
1196 1213 1214 1502
1196 1213 1502 1212
1196 1485 1502 1212
595 884 596 612
595 884 596 578
19 309 20 2
19 291 309 2
1173 884 885 1156
901 884 596 612
901 884 596 885
901 1173 885 1190
901 1173 884 885
867 884 885 1156
867 868 885 1156
867 868 884 885
867 884 596 578
867 868 596 578
867 868 884 596
579 868 596 578
579 595 596 578
1157 868 885 1156
1157 1173 885 1156
1157 1173 1174 885
1496 1513 1497 1224
919 1209 920 1192
1514 1513 1497 1224
1514 1225 1497 1224
1514 1225 1242 1224
342 341 325 53
648 938 954 955
648 938 631 920
632 631 920 614
632 938 631 920
632 342 631 614
632 342 631 360
632 361 360 650
937 938 955 1227
937 938 954 955
937 919 1209 920
937 648 938 920
937 648 919 920
937 1225 954 1226
937 648 938 954
937 1209 1225 1226
937 919 1209 1225
937 1225 954 936
937 919 1225 936
937 648 954 936
937 648 919 936
1530 1241 1242 1224
1530 1514 1242 1224
1530 1514 1513 1224
1530 1514 1513 1819
1530 1531 1242 1547
1530 1514 1531 1242
323 629 340 341
18 19 35 325
630 629 935 646
630 648 919 936
630 648 631 920
630 648 919 920
630 935 646 936
630 919 935 936
630 629 935 918
630 919 935 918
915 914 932 1204
915 625 608 626
2345 2056 2362 2361
2345 2056 2055 2361
3194 2922 3193 2904
2923 3212 2922 3228
2923 3194 3212 2922
2986 3003 3292 2985
3497 3191 3481 3480
3497 3787 3786 3514
2323 2630 2612 2324
2937 2649 2921 2938
3239 3255 3256 3528
27 315 9 10
27 11 317 10
27 11 28 317
332 315 621 603
332 315 314 603
604 315 587 603
604 315 621 603
604 877 587 876
604 877 893 876
604 910 893 894
604 910 621 894
604 877 893 894
26 27 315 9
26 332 42 43
29 318 11 12
29 11 28 317
29 318 28 317
29 318 11 317
300 11 317 10
334 318 28 317
57 330 58 346
1218 946 947 1236
1218 946 929 947
1218 912 929 1217
875 1182 1164 876
602 585 296 586
602 296 314 586
602 314 586 603
7 296 314 8
7 24 314 8
7 24 296 314
25 24 314 8
25 26 332 42
25 297 314 8
25 297 315 314
25 26 315 9
25 332 315 314
25 26 332 315
25 297 9 8
25 297 9 298
25 315 9 298
25 297 315 298
77 382 383 94
377 71 70 360
377 71 378 360
54 71 55 360
54 71 70 360
54 342 70 53
54 342 70 360
51 52 340 68
51 52 340 341
886 1157 1174 1158
886 579 868 596
886 868 596 885
886 1157 868 885
886 1157 1174 885
888 887 870 598
292 293 310 4
292 3 310 4
292 309 20 310
292 3 20 310
292 3 309 20
292 309 581 580
292 291 309 580
292 3 309 2
292 291 309 2
327 37 21 310
327 328 344 616
327 344 615 616
36 342 325 53
36 35 325 53
36 19 35 325
36 54 342 53
134 406 423 117
424 406 423 712
424 134 406 423
424 441 423 152
424 134 423 152
693 999 982 983
693 982 998 981
693 999 982 998
643 949 661 660
643 933 949 661
644 643 933 661
644 643 932 626
644 643 933 932
100 406 118 117
66 83 355 84
101 83 372 84
101 100 83 372
101 100 406 118
1239 933 1222 951
1239 949 967 966
1478 1171 1189 1172
2327 2345 2055 2328
2327 2038 2055 2037
1801 1784 1494 1495
1765 2036 2037 1748
1765 2054 2036 2037
1765 2054 2055 2037
1765 1747 2036 1748
2325 2054 2036 2037
2039 2056 2038 1750
2039 2056 2038 2055
2039 2327 2055 2328
2039 2327 2038 2055
2039 2345 2055 2328
2039 2345 2056 2055
1782 1510 1494 1800
1868 1851 1852 1562
1868 2140 1851 1852
1868 2140 1869 1852
2447 2736 2719 2735
984 695 967 983
984 1273 967 983
984 695 696 712
1290 984 1273 983
3372 3084 3066 3356
3372 3084 3066 3083
3372 3644 3661 3645
3372 3661 3660 3643
3372 3644 3661 3643
2165 1877 2149 1860
2165 2148 2149 1860
1603 1586 1296 1297
1603 1586 1892 1602
1603 1909 1892 1602
447 463 429 158
3033 3032 2761 2744
3033 3032 2761 3050
3033 3032 2744 3016
3355 3372 3066 3356
3355 3372 3645 3356
3355 3372 3644 3645
3612 3340 3628 3629
3612 3613 3629 3901
2726 3032 2744 2743
2726 2727 2744 2743
2726 3032 2744 3016
2726 2727 2744 3016
3015 2726 3032 3016
4867 4578 4851 4868
4245 4533 4227 4516
4517 4805 4533 4822
4517 4805 4533 4516
4517 4245 4533 4516
4517 4805 4500 4516
4501 4500 4772 4483
2166 2473 2472 2456
2166 2473 2167 2456
2166 2184 2473 2167
2166 2455 2472 2456
2166 2149 2455 2456
2166 2149 2167 2456
2166 2165 1877 2149
2166 2165 2149 2455
1895 2184 1912 1913
1895 1623 1606 1913
1895 1623 1912 1913
1895 1896 1606 1913
1895 1896 2184 1913
2454 2760 2455 2471
2454 2760 2455 2743
2454 2165 2455 2471
2454 2165 2181 2471
2776 2758 2487 2486
2503 2197 2486 2196
2503 2485 2486 2774
2503 2502 2485 2774
2503 2485 2486 2196
2503 2502 2485 2196
2488 2489 2778 2471
2488 2489 2778 2505
2488 2778 2760 2471
2488 2778 2760 2777
2488 2778 2505 2794
2488 2778 2777 2794
2488 2489 2199 2471
2488 2489 2199 2505
2488 2199 2505 2215
2488 2199 2198 2215
2488 2487 2198 2215
2795 2778 2506 2794
2795 3084 3066 2794
2795 3066 2777 2794
2795 2778 2777 2794
2200 2489 2507 2217
2200 2218 2507 2217
2200 1928 2218 2217
2200 1928 2199 2217
2200 2489 2199 2217
2200 2489 2201 2507
2200 2201 2218 2507
2200 1928 2218 1912
2200 2201 2218 1912
2200 2201 2184 1912
2200 1895 2184 1912
2812 2795 2796 2506
2812 2523 2506 2794
2812 2811 2523 2794
2812 2795 2506 2794
2812 3102 2830 2813
2812 2811 3083 2794
2812 2795 3084 2794
2812 3084 3083 2794
2812 3084 3083 3101
1642 1931 1643 1625
1642 1336 1624 1625
1642 1336 1643 1625
1642 1659 1931 1643
1642 1624 1641 1352
1642 1336 1624 1352
1642 1659 1641 1658
1642 1659 1931 1658
1642 1336 1353 1352
2524 2523 2540 2234
2524 2252 2540 2234
2524 2252 2235 2234
2524 2523 2234 2217
2524 2235 2234 2217
2524 2252 2235 2525
2524 2235 2507 2217
2524 2235 2507 2525
2524 2506 2507 2217
2524 2523 2506 2217
2524 2796 2525 2813
2524 2812 2830 2813
2524 2796 2507 2525
2524 2796 2506 2507
2524 2812 2796 2813
2524 2812 2796 2506
2524 2812 2523 2506
2220 2236 2218 2219
2220 2491 2492 2219
2220 2508 2492 2219
2220 2236 2508 2219
2220 2508 2492 2509
2220 2236 2508 2509
2220 2221 1931 1948
2542 2524 2252 2525
2542 2524 2525 2813
2542 2524 2830 2813
4604 4315 4603 4587
4604 4315 4603 4621
4604 4603 4910 4621
4604 4911 4910 4621
3381 3364 3365 3075
3381 3364 3363 3075
3381 3363 3380 3091
3381 3093 3365 3075
3381 3074 3091 3075
3381 3363 3074 3075
3381 3363 3074 3091
3940 3650 3939 3922
3940 3634 3650 3922
4330 4312 4329 4602
4618 4619 4602 4908
4618 4330 4329 4602
4618 4330 4619 4602
4618 4312 4329 4602
4909 4892 4603 4910
3954 3936 4242 3953
3954 4243 3936 4242
3954 3937 3936 3953
3954 4243 3936 4227
4530 4803 4531 4820
4821 4533 4822 4532
4821 4531 4820 4532
4821 4838 4820 4532
3857 3858 3568 3874
4416 4705 4688 4704
4416 4398 4688 4704
4078 4351 4062 4061
4078 4350 4351 4061
4078 4079 4367 4095
3790 4078 4079 4062
4385 4079 4367 4096
3770 3771 3788 4059
3770 3787 3788 4059
3770 3497 3481 3480
3804 3803 4110 4093
3804 4094 4110 4093
3804 3787 3803 4093
3804 4094 3787 4093
3804 3820 3803 4110
3804 4094 3787 3788
3804 3805 4094 3788
3804 3805 3515 3533
3804 3787 3803 3514
4360 4631 4648 4632
4652 4346 4347 4364
4652 4653 4347 4636
4652 4653 4347 4364
4652 4653 4670 4364
4652 4380 4670 4364
4365 4076 4347 4348
4365 4076 4347 4364
4365 4637 4347 4348
4365 4653 4347 4364
4365 4637 4653 4654
4365 4637 4347 4636
4365 4637 4653 4636
4365 4653 4347 4636
4075 4076 3787 4093
4075 4092 3787 4093
4075 4092 4076 4093
4075 4076 3787 4059
4075 4076 4058 4059
4075 4092 3787 3786
4075 4076 4058 4364
4075 4092 4076 4364
3600 3310 3599 3582
3600 3872 3582 3871
3600 3599 3582 3871
3889 3872 4178 3871
3889 3600 3872 3871
4161 4432 4160 4143
4161 3872 4178 4160
4161 4466 4178 4160
4739 4450 4723 4740
3291 3274 3292 3564
3360 3054 3053 3071
3360 3361 3377 3071
3360 3649 3361 3377
3647 3663 3664 3953
3647 3358 3663 3664
3919 3647 3937 3953
3919 3936 3935 3953
3919 3937 3936 3953
3919 3613 3629 3901
3668 3379 3396 3395
3668 3379 3396 3380
3362 3363 3380 3091
3362 3379 3380 3091
3362 3073 3379 3091
3362 3668 3379 3380
3362 3363 3074 3091
3362 3073 3074 3091
3362 3073 3074 3345
3362 3073 3072 3345
3362 3073 3379 3072
3362 3361 3072 3345
3362 3379 3361 3072
3362 3650 3361 3345
3362 3668 3650 3361
3362 3668 3379 3361
3006 3023 2734 3024
3006 3023 2734 3005
3006 3023 3005 3295
3007 3278 3585 3295
3007 3278 2989 3295
3007 3006 2989 3295
3567 3278 3585 3295
3567 3568 3585 3874
3567 3857 3568 3874
3567 3568 3278 3585
3567 3568 3278 3550
3586 3858 3875 3874
3586 3568 3585 3874
3531 3820 3548 3547
3531 3820 3819 3803
3531 3819 3530 3547
3531 3820 3819 3547
3346 3074 3057 3345
3346 3364 3363 3074
3346 3362 3074 3345
3346 3362 3363 3074
3328 3327 3038 3345
3328 3346 3619 3329
3328 3056 3057 3345
3328 3056 3038 3345
3328 3346 3057 3345
3328 3346 3329 3057
3328 3346 3634 3345
2753 2481 2463 2464
2753 2481 2463 2770
2753 2447 2463 2464
2753 2447 2463 2736
2751 2750 3040 3057
2751 2768 2750 3057
2751 2750 3040 2733
2751 2734 3040 2733
2714 2986 3003 2985
2713 2714 2424 2730
2713 2714 3003 2985
2729 2747 3036 2730
3052 3053 3069 3341
3052 3069 3070 2781
3052 3053 3070 2781
3052 3053 3069 3070
3052 3069 2780 2781
2457 2185 2473 2167
2457 2473 2167 2456
2457 2729 2746 2747
2457 2729 2747 2730
2767 2768 2750 3056
2767 2750 3056 2766
2767 2783 3056 2766
2767 3073 2768 3056
2749 2442 2732 2443
2749 3021 2732 2733
2749 2461 2750 2733
2749 3021 3038 2733
2749 2750 3038 2733
2749 2750 3038 2766
2749 2767 2750 2766
2749 2767 2461 2750
3312 3023 3329 3041
3312 3601 3311 3295
3312 3023 3311 3295
3312 3328 3619 3329
3633 3634 3650 3345
3633 3328 3327 3345
3633 3328 3634 3345
3633 3634 3650 3922
3088 2799 3070 3071
3088 3361 3377 3071
3088 2799 3072 3071
3088 2799 3089 3072
3088 3361 3072 3071
3088 3089 3361 3072
2515 2531 2226 2532
2515 2531 2225 2514
2515 2531 2225 2226
2515 2225 2226 2209
2820 2515 2531 2532
2820 2515 2531 2514
2820 2803 2514 2802
2820 2515 2803 2514
2820 2515 2803 2804
2510 2494 2799 2782
3107 3379 3089 3395
3107 3379 3396 3395
1916 1626 1627 1644
3059 3348 3058 3075
3059 3348 3076 3075
3059 3058 2786 3075
3059 3076 2786 3075
3059 3076 2770 2786
3059 3058 3331 3042
3059 3348 3058 3331
1607 1318 1317 1606
1607 1318 1335 1317
1607 1623 1317 1606
1607 1623 1335 1317
1607 1623 1606 1913
1607 1623 1335 1913
1607 1896 1606 1913
1607 1335 1625 1913
1607 1914 1625 1913
1607 1896 1914 1913
1607 1914 1897 1625
1607 1896 1914 1897
1012 1318 1011 1029
1012 723 1011 1029
1012 723 1011 995
2773 2485 2774 2790
2517 2501 2789 2500
2517 2501 2211 2500
3349 3367 3366 3077
3349 3367 3061 3077
3317 3027 3011 3028
3336 3607 3318 3608
3336 3607 3335 3318
3336 3319 3318 3608
4149 4131 4148 4438
3333 3315 3604 3332
3333 3315 3027 3026
3299 3027 3010 3011
3287 3592 3575 3303
3287 3270 3288 3576
3287 3015 3303 2998
3287 2980 3270 2998
3287 3270 3288 2998
3287 3015 3288 2998
2997 3015 3303 2998
2997 3015 2726 2998
2708 2997 2726 2725
2708 2997 2726 2998
3760 4050 4066 3761
3774 3775 3468 3485
3469 3775 3468 3485
3469 3198 3470 3487
2042 1754 1753 1736
2042 1754 1737 1736
3267 2978 3250 3266
3267 3251 3250 3539
3853 3565 3564 3547
3853 3837 3565 3547
3853 3546 3564 3547
4176 3870 4160 3871
4410 4411 4682 4700
4410 4411 4427 4700
3200 2894 3183 2911
3203 3204 3187 2915
4437 4131 4148 4438
4420 4437 4131 4438
4115 3809 3808 4097
4115 3809 4098 4097
3827 3844 4133 3845
3827 4134 4133 3845
4080 4098 4386 4097
4080 3809 4098 4097
4080 3809 3808 4097
3680 3663 3662 3679
3680 3663 3662 3952
3680 3663 3391 3679
3884 3885 4191 3901
4428 4411 4427 4700
4428 4701 4411 4700
3269 3287 3575 3576
3269 3287 3270 3576
3269 3287 2980 3270
4175 3903 4192 4191
4548 4838 4820 4532
4548 4838 4549 4532
4548 4531 4820 4532
4548 4530 4531 4820
4753 4464 4754 4736
4769 4480 4752 4768
4769 4480 4497 4768
4769 4753 4752 4464
4769 4480 4752 4464
4498 4499 4788 4516
4498 4771 4788 4770
4498 4499 4771 4788
4209 3903 4192 4191
4225 3936 4242 3935
4225 4242 3935 4241
4225 4530 4242 4241
4225 4530 4531 4242
4225 4243 3936 4242
4225 4531 4243 4242
4735 4428 4734 4718
4735 4447 4464 4736
4735 4753 4464 4736
4735 4753 4752 4464
4465 4464 4754 4736
4465 4447 4464 4736
4687 4398 4688 4704
4687 4398 4397 4704
4687 4380 4398 4397
4108 4380 4397 4109
4108 3819 4109 4126
4108 4092 3819 4109
4108 4380 4092 4109
4359 4631 4341 4342
4359 4360 4631 4342
4359 4360 4631 4648
4359 4631 4341 4630
4359 4069 4341 4342
4359 4069 4358 4375
4359 4069 4358 4341
4376 4359 4360 4648
4647 4358 4646 4664
4647 4359 4648 4664
4647 4358 4664 4375
4647 4359 4664 4375
4647 4359 4358 4375
4647 4359 4631 4630
4647 4359 4631 4648
4647 4358 4341 4630
4647 4359 4341 4630
4647 4359 4358 4341
4663 4392 4664 4375
4663 4358 4664 4375
4663 4358 4646 4664
4663 4680 4391 4392
4340 4069 4358 4341
3516 3805 3499 3515
3516 3805 3515 3533
3229 2923 3228 2940
3229 2923 3212 3228
3229 3228 2940 2956
3229 3245 3228 2956
3229 2957 2940 2956
3551 3262 3263 2956
4220 3948 4221 3932
3933 3644 3661 3934
3933 3932 3643 3949
3933 3644 3932 3643
3933 3661 3643 3949
3933 3644 3661 3643
3933 4221 3932 3949
3933 4221 4239 3949
3354 3372 3660 3643
3354 3355 3372 3066
3354 3626 3644 3643
3354 3372 3644 3643
3354 3355 3372 3644
3354 3626 3644 3338
3354 3355 3644 3338
3300 3301 3317 3011
4513 4530 4803 4531
4513 4225 4530 4531
3640 3623 3930 3929
3640 3623 3335 3334
3079 2501 2807 2790
3079 2501 2789 2790
3062 3367 3061 3078
3062 3368 3367 3078
3062 3079 3368 3078
3062 3061 2789 3078
3062 3079 2789 3078
3062 3079 2789 2790
3320 3303 3319 3591
3320 3592 3303 3591
3320 3319 3591 3608
3369 3370 3081 3064
3369 3370 3064 3352
2791 2503 2502 2774
2791 2503 2502 2520
2791 2502 2807 2790
2791 3079 2807 2790
2791 2502 2774 2790
3134 2845 3152 2862
3134 2845 3152 2846
3725 3743 4032 3742
3961 3689 3979 3672
3961 3689 3978 3979
3928 3945 3946 3929
3677 3661 3660 3949
3931 3948 3932 3642
3931 4220 3948 3932
3931 4220 3948 4237
4607 4608 4590 4896
4607 4302 4590 4318
4607 4302 4608 4318
4607 4302 4608 4590
4301 4302 4590 4318
4319 4302 4608 4318
4592 4609 4608 4320
4592 4319 4608 4320
4592 4319 4302 4608
4592 4609 4608 4898
4030 4319 4302 4318
4321 4609 4593 4320
4321 4609 4610 4593
4831 4542 4524 4541
4845 4539 4829 4828
4845 4573 4574 4862
4847 4558 4574 4864
4523 4507 4795 4796
4523 4235 4507 4524
4523 4795 4812 4794
4523 4811 4812 4794
4523 4811 4812 4522
1677 1388 1660 1678
1677 1659 1949 1660
1677 1965 1659 1949
1677 1676 1965 1659
3135 3134 2845 2846
3135 3134 3152 2846
2573 2574 2863 2862
2573 2845 2863 2862
2573 2572 2574 2862
1640 1623 1624 1912
1640 1929 1624 1912
1640 1929 1928 1912
1640 1334 1623 1624
1640 1333 1334 1623
1640 1929 1624 1641
1946 2235 2234 1963
3092 3074 3091 3075
3092 2786 3074 3075
3092 2820 3109 2802
3092 2820 2803 2802
3092 3381 3091 3075
3092 3076 2786 3075
3092 3381 3109 3093
3092 2820 3109 2804
3092 2820 2803 2804
3092 3381 3093 3075
3092 3076 3093 3075
3092 3076 2786 2787
3092 2803 2786 2787
3092 3109 2804 3093
3092 3076 3093 2787
3092 2804 3093 2787
3092 2803 2804 2787
2480 2481 2497 2770
2480 2481 2463 2770
2480 2497 2770 2786
2480 2497 2768 2786
2480 2479 2497 2768
2480 2751 2479 2768
2191 2480 2481 2497
2191 2480 2479 2497
2191 2174 2175 2464
2191 2481 2463 2464
2191 2480 2481 2463
2191 2463 2174 2464
2189 2207 2190 1900
2189 2207 2479 2190
553 282 570 281
553 282 265 281
553 552 570 281
264 537 265 248
264 537 247 248
264 537 247 552
264 553 537 552
264 553 537 265
264 553 552 281
264 553 265 281
1354 1336 1643 1337
1354 1643 1337 1644
1354 1642 1336 1353
1354 1642 1336 1643
1354 1643 1660 1644
1354 1336 1047 1337
1919 2225 1937 1936
796 779 1086 797
775 1082 792 776
775 792 776 503
775 792 791 503
775 1081 792 791
775 1081 1082 792
775 1081 1082 1353
231 520 232 248
231 520 521 214
231 520 232 521
231 520 502 214
538 520 232 248
538 520 537 248
538 520 232 521
1100 794 810 1083
1100 1099 810 1083
1100 1099 1388 1083
1100 1405 1099 1388
1100 1116 1405 1099
1067 760 1066 1065
1067 1066 1083 1065
1067 794 1083 1065
280 569 552 281
280 279 569 551
277 548 276 566
277 260 548 566
1421 1149 1132 1438
1421 1422 1132 1438
1351 1063 1045 1352
1351 1369 1063 1352
1351 1046 1045 1352
1351 1334 1046 1045
1351 1046 1335 1352
1351 1334 1046 1335
1351 1369 1641 1352
1351 1640 1334 1624
1351 1640 1333 1334
1351 1624 1335 1352
1351 1334 1624 1335
1351 1624 1641 1352
1351 1640 1624 1641
219 491 220 509
201 202 491 473
185 202 491 473
185 201 184 473
185 201 202 473
185 186 491 475
203 492 491 220
203 219 491 220
203 219 202 491
203 186 491 475
203 492 491 475
203 185 186 491
203 185 202 491
814 796 1086 797
798 492 509 797
798 492 781 797
574 557 286 285
574 573 557 285
268 557 285 267
268 557 286 285
284 573 285 267
1150 1422 1132 1438
1150 1149 1132 1438
2874 3163 2875 2857
2861 2572 2879 2862
2861 2572 2878 2879
2861 3134 2845 2862
2861 2573 2845 2862
2861 2573 2572 2862
2833 2850 2834 3122
2833 2850 2561 2834
2847 2575 2558 2863
2847 2575 2558 2576
2831 2542 2830 2813
2831 2847 2848 2576
2303 2304 2575 2592
2303 2304 2575 2286
1998 2304 2015 2286
1998 2287 2304 2286
1998 2287 2270 2286
1998 2271 2287 2270
1998 2271 2287 2288
2577 2287 2304 2575
2577 2594 2288 2578
2577 2866 2594 2578
2577 2287 2575 2576
1964 1676 1965 1675
1964 1676 1982 1965
1964 1674 1946 1963
1964 1674 1946 1675
1964 1980 2270 1963
1964 1980 1674 1963
1964 1965 1675 1658
1964 1946 1675 1658
3106 3107 3089 3395
3392 3103 3391 3086
1947 1965 1948 1658
1947 1964 1965 1658
1947 2252 2235 1963
1947 1964 1946 1658
1947 1946 2235 1963
1947 1964 1946 1963
1947 1946 1929 1658
1947 1946 1929 2235
1947 2236 2235 2218
1947 1929 2235 2218
2306 2000 2016 2288
1728 1712 1422 1711
534 536 807 518
2284 2573 2572 2574
2285 2575 2558 2863
2285 2575 2863 2592
2285 2575 2558 2286
2285 2591 2863 2592
2285 2574 2591 2863
2285 2303 2575 2592
2285 2303 2575 2286
2285 2284 2574 2302
2285 2284 2268 2574
2285 2591 2302 2592
2285 2574 2591 2302
2285 2303 2302 2592
1370 1677 1676 1659
1370 1677 1659 1660
1370 1676 1659 1675
1370 1354 1642 1353
1370 1659 1643 1660
1370 1354 1643 1660
1370 1642 1659 1641
1370 1642 1659 1643
1370 1354 1642 1643
1370 1659 1675 1641
1370 1369 1675 1641
1370 1642 1353 1352
1370 1642 1641 1352
1370 1369 1353 1352
1370 1369 1641 1352
809 1081 792 791
809 792 791 502
809 520 792 502
809 1081 792 810
809 521 792 810
809 520 521 792
1694 1422 1711 1693
1694 1405 1422 1406
1694 1982 1711 1693
1694 1982 1711 1983
1694 1712 1422 1406
1694 1712 1422 1711
1694 1676 1982 1693
1694 1712 1711 1983
1387 1405 1099 1388
1387 1694 1405 1388
1387 1694 1677 1388
1387 1694 1677 1676
1387 1370 1677 1676
1404 1421 1422 1693
1404 1694 1422 1693
1404 1694 1405 1422
1404 1387 1694 1405
1404 1694 1676 1693
1404 1387 1694 1676
1404 1116 1405 1099
1404 1387 1405 1099
987 1294 1276 1293
987 988 1294 1276
1004 987 698 697
1004 987 715 698
1295 1294 1277 1583
1295 1294 1278 1277
1295 1584 1277 1583
1295 1584 1278 1277
1295 1584 1601 1583
1295 1584 1278 1279
1005 987 1294 1293
1005 1004 987 1293
1005 1004 987 715
1005 987 988 1294
701 702 718 412
701 411 718 412
1598 1615 1309 1310
1598 1582 1599 1310
1598 1582 1309 1310
1598 1616 1599 1310
1598 1616 1615 1310
1598 1616 1615 1599
1598 1582 1309 1581
1598 1615 1904 1599
1055 1327 1326 1344
1055 1037 1327 1326
1055 1039 1056 1344
1055 1039 1327 1344
3230 3231 2925 2941
3230 2924 2925 2941
3230 2924 3213 2925
1585 1601 1890 1602
1585 1584 1601 1890
1585 1874 1890 1602
1585 1874 1584 1890
1585 1295 1584 1601
1585 1874 1586 1602
1585 1874 1586 1568
1585 1874 1584 1568
1585 1295 1296 1279
1585 1295 1584 1279
1585 1603 1586 1602
1585 1603 1586 1296
1585 1586 1296 1279
1585 1586 1279 1568
1585 1584 1279 1568
1585 1603 1313 1602
1585 1603 1313 1296
1548 1531 1242 1547
2160 2144 1855 1872
2160 1888 2159 1870
2160 2144 2433 1855
2160 2143 2433 1855
2160 2161 2144 1872
2160 2161 1888 1872
2160 2450 2144 2433
2160 2161 1888 2177
2160 1888 2159 2177
2160 2161 2450 2177
2160 2161 2450 2144
2415 2721 2416 2433
2415 2398 2687 2688
1361 1055 1056 1344
1361 1633 1343 1344
1634 1616 1633 1344
1939 1921 2210 2211
1939 1921 1938 1649
1939 1650 1938 1649
1939 1650 1633 1651
1939 1650 1633 1649
1887 1888 1599 1870
1887 1888 2176 1870
1887 1598 1599 1870
1887 1888 2176 2193
1887 1598 1904 1599
1887 1888 1905 2193
1887 1888 1599 1905
1887 1904 1905 2193
1887 1904 1599 1905
1889 1888 2194 1905
1889 2195 2194 1905
1889 1888 1599 1905
1889 1888 1599 1872
1889 2161 1888 1872
1889 1600 1599 1872
1889 1600 1890 1872
2468 2485 2486 2196
2468 2486 2196 2180
2468 2486 2469 2180
2468 2758 2486 2469
2468 2485 2486 2774
2468 2758 2486 2774
2179 1889 1890 1872
2179 1889 2161 1872
2179 2468 2196 2180
2179 2468 2451 2469
2179 2468 2469 2180
1617 1618 1601 1600
1619 1909 1891 1602
1619 1618 1891 1602
1619 1603 1909 1602
1619 1603 1313 1602
1619 1618 1601 1602
226 515 225 208
226 515 225 243
1944 1928 2234 2217
1944 2233 2234 2217
1944 2250 2233 2234
2216 2199 2505 2217
2216 1944 2233 2217
2216 1944 2232 2233
2216 2199 2505 2215
2216 1928 2199 2217
2216 1944 1928 2217
2216 1944 2232 1926
2216 2232 1926 2215
2522 2811 2810 2539
2522 2811 2523 2539
2522 2233 2523 2539
2522 2216 2232 2233
2522 2216 2505 2215
2522 2216 2232 2215
2522 2523 2505 2794
2522 2811 2523 2794
2522 2523 2505 2217
2522 2233 2523 2217
2522 2216 2505 2217
2522 2216 2233 2217
837 565 548 566
229 534 228 518
229 534 536 518
196 213 485 501
246 536 247 552
246 264 247 552
246 229 536 247
246 229 534 228
246 229 534 536
275 258 548 276
275 565 548 276
275 565 564 548
242 515 225 243
242 225 224 513
1589 1588 1877 1606
1589 1588 1877 1571
1589 1283 1588 1571
1589 1588 1300 1606
1589 1283 1588 1300
2202 1896 2185 1914
2202 1896 2184 2185
2202 2491 2184 2185
2202 1896 1914 1913
2202 1896 2184 1913
2202 2491 2201 2184
2202 2184 1912 1913
2202 2201 2218 1912
2202 2201 2184 1912
2202 2201 2218 2219
2202 2491 2201 2219
2202 2220 2218 2219
2202 2220 2491 2219
1878 2184 2185 2167
1878 1896 2184 2185
1878 2166 2184 2167
1878 1895 1896 2184
1878 1895 2166 1877
1878 1895 2166 2184
1878 1589 1877 1606
1878 1895 1877 1606
1878 1895 1896 1606
2493 2492 2782 2781
2493 2510 2492 2782
2493 2476 2494 2782
2493 2510 2494 2782
2118 2408 2424 2135
2118 2407 2408 2424
2118 2134 1829 2135
1355 1627 1661 1644
1355 1354 1660 1644
1355 1660 1661 1644
1355 1372 1660 1661
1049 760 1066 1065
1049 1067 760 1066
1304 1593 1321 1609
1304 1287 1014 1015
1842 2148 1859 1843
2132 1842 1843 1826
2132 2150 2149 2438
2132 2150 1843 2149
2132 1842 2148 1843
2132 2148 1843 2149
2132 1842 2148 2131
1573 1557 1556 1267
1846 2118 1829 2135
1846 1557 1558 1574
1811 1829 1812 2101
1811 1829 1828 1812
1811 1795 1812 2101
1811 1523 1828 1812
380 363 397 669
380 363 397 91
380 397 91 108
380 363 364 669
73 363 90 91
362 89 378 72
362 89 378 379
362 73 89 72
362 361 378 72
362 73 89 90
362 89 90 379
362 363 90 379
362 73 363 90
362 667 378 379
362 361 378 650
362 667 378 650
634 635 652 346
634 923 635 652
634 923 906 922
634 328 344 616
956 1245 939 955
956 939 955 650
956 667 955 650
956 1245 1228 939
956 940 1228 939
941 942 670 653
941 925 942 653
941 670 652 653
941 925 635 653
941 635 652 653
941 923 940 652
941 923 940 1213
941 923 635 652
1234 929 1217 928
977 671 688 689
977 671 961 689
977 671 960 961
1539 1811 1523 1828
1539 1811 1521 1828
1539 1557 1556 1828
1539 1538 1556 1828
1539 1538 1521 1828
1539 1557 1556 1267
639 656 368 657
639 656 350 368
1565 1566 1277 1583
1565 1582 1277 1583
1565 1582 1566 1583
1565 1294 1276 1277
1565 1582 1294 1277
1565 1566 1277 1260
1565 1548 1566 1260
1565 1276 1277 1260
1565 1548 1276 1260
1565 1294 1276 1293
1565 1582 1294 1293
1565 1582 1292 1293
1565 1582 1292 1581
127 416 109 110
105 123 106 395
978 1250 979 1267
978 1250 960 961
978 977 960 961
978 977 961 689
978 996 979 1267
978 996 979 995
978 979 995 689
978 977 995 689
994 1283 1011 1299
994 978 977 995
703 414 702 413
719 702 718 413
719 701 702 718
719 1024 718 735
431 703 414 413
739 757 756 1029
739 740 757 1029
739 723 740 1029
774 757 1063 773
774 757 1063 758
774 775 1063 758
774 501 791 773
774 485 501 791
774 1063 791 773
774 775 1063 791
774 485 791 503
774 775 791 503
410 392 104 121
391 374 680 681
391 408 680 681
428 139 411 427
428 429 718 412
428 411 718 412
428 139 411 412
428 429 412 140
428 139 412 140
122 139 411 427
122 410 121 427
122 410 411 427
122 139 411 123
122 410 105 411
122 410 104 121
122 410 105 104
122 411 123 395
122 105 123 395
122 105 411 395
157 429 158 140
157 463 429 158
157 428 139 140
157 428 429 140
498 497 515 208
498 226 515 208
1572 1589 1283 1571
1249 978 1250 960
1249 1539 1538 1556
1249 978 1250 1267
1249 1539 1556 1267
1249 1539 1250 1267
1249 1539 1250 1233
1249 1539 1521 1233
1249 1539 1538 1521
365 347 364 653
365 347 637 653
365 347 364 58
41 57 330 40
41 57 330 58
41 330 59 58
348 330 59 58
348 330 347 58
348 365 59 58
348 365 347 58
348 330 347 637
348 365 347 637
348 41 330 59
348 59 42 43
348 332 42 43
396 107 397 379
396 414 107 397
396 702 412 413
396 414 702 413
396 414 107 124
396 124 412 413
396 414 124 413
396 379 106 395
396 107 379 106
396 107 124 106
396 123 106 395
396 123 412 395
396 123 124 106
396 123 124 412
415 126 109 108
415 431 703 414
415 127 126 109
415 127 416 109
125 141 124 413
125 414 124 413
125 414 107 108
125 414 107 124
125 415 126 108
125 415 414 108
125 431 414 413
125 415 431 126
125 415 431 414
970 697 680 681
970 969 697 680
970 698 697 681
970 987 698 697
970 987 988 1276
1259 1243 953 1242
1259 1243 1531 1260
1259 1243 1531 1242
1259 1243 971 1260
1259 1243 953 971
1259 1548 1276 1260
1259 953 1241 1242
1259 1548 1531 1260
1259 1548 1531 1242
1259 1548 1242 1547
1259 988 971 1260
1259 988 1276 1260
1259 970 953 971
1259 970 988 971
1259 970 988 1276
1259 970 969 1276
1259 970 953 969
1244 954 955 971
1244 1243 954 971
1244 1243 954 1226
1244 1243 1261 1550
1244 937 954 1226
1244 937 954 955
1244 1245 955 1227
1244 1245 1550 1533
1244 937 1226 1227
1244 937 955 1227
1244 1245 1533 1227
1244 1516 1226 1227
1244 1516 1533 1227
1517 1228 1518 1246
1517 1245 1228 1246
1517 1245 1533 1227
1517 1245 1228 1227
1517 1807 1518 1501
1517 1500 1807 1501
1517 1516 1805 1533
1517 1516 1500 1805
1517 1516 1533 1227
1517 1516 1500 1227
972 1550 1262 990
972 1245 1550 1262
972 956 1245 955
972 956 1245 1262
972 1261 1550 990
972 1244 1245 955
972 1244 1245 1550
972 1244 1261 1550
972 1244 955 971
972 1243 1261 971
972 1244 1243 971
972 1244 1243 1261
1534 1245 1262 1246
1534 1245 1550 1262
1534 1517 1245 1246
1534 1245 1550 1533
1534 1517 1245 1533
1553 1570 1552 1859
959 975 1247 1248
959 671 942 670
959 671 942 960
959 941 942 670
1263 1570 1552 1280
1263 1553 1570 1552
1263 1534 1262 1246
1554 1570 1859 1571
1554 1553 1570 1859
1554 1842 1843 1826
1554 1843 1571 1860
1554 1859 1571 1860
1554 1859 1843 1860
1554 1842 1859 1843
1554 1553 1842 1859
1587 1570 1859 1860
1587 1588 1571 1860
1587 1570 1571 1860
1587 1570 1588 1571
1587 1603 1586 1297
1587 1603 1604 1297
1587 1603 1893 1604
1587 1875 1586 1892
1587 1603 1586 1892
1587 1603 1893 1892
1281 1009 1299 993
1281 1570 1280 1297
1281 1263 1570 1280
1858 1842 2148 1859
2162 2179 2451 2469
2162 1874 1890 1891
2162 2179 1890 1891
2162 2179 1890 1872
2162 2161 2144 2451
2162 2179 2161 2451
2162 2161 2144 1872
2162 2179 2161 1872
1910 1909 1892 2198
1910 1893 1892 2198
1910 1603 1909 1892
1910 1603 1893 1892
1910 2199 2198 2215
1910 1909 2198 2215
1910 1909 1926 2215
1910 2216 1926 2215
1910 2216 2199 2215
1549 1567 1261 1260
1549 1567 1261 1550
1549 1243 1261 1260
1549 1243 1261 1550
1549 1243 1531 1260
1549 1244 1550 1533
1549 1244 1243 1550
1873 1567 1856 1566
1873 1567 1584 1566
1873 1567 1856 1568
1873 1567 1584 1568
1873 1566 1855 1872
1873 1856 1566 1855
1873 1566 1583 1872
1873 1584 1566 1583
1873 1874 1856 1568
1873 1874 1584 1568
1873 2144 1855 1872
1873 2144 1856 1855
1873 1890 1583 1872
1873 1584 1890 1583
1873 2162 1874 1856
1873 1874 1584 1890
1873 2162 2144 1872
1873 2162 2144 1856
1873 2162 1890 1872
1873 2162 1874 1890
451 145 162 163
451 739 757 450
451 739 740 757
451 723 740 434
451 739 723 740
146 451 145 163
146 451 145 434
146 435 453 147
146 164 453 147
433 451 450 162
433 451 145 162
433 451 739 450
433 451 145 434
433 451 723 434
433 451 739 723
402 675 691 692
706 435 434 724
706 435 707 724
706 723 434 724
673 656 368 657
673 674 675 657
673 402 401 691
673 674 675 691
673 402 675 691
182 471 165 181
759 741 1047 758
759 471 760 743
759 760 776 1065
419 708 707 691
419 708 435 707
419 402 401 691
436 147 131 148
436 453 147 148
436 435 453 147
436 453 454 148
420 419 708 691
420 436 419 708
1000 999 1289 983
1000 1290 1289 983
1000 1290 984 983
1000 693 999 983
1000 693 999 710
1000 984 695 983
1000 984 695 712
1288 1287 998 1576
1288 1287 999 998
1288 999 982 998
1288 999 982 1289
1575 1865 1593 1576
964 658 946 675
964 674 675 981
964 674 946 675
964 674 963 981
964 674 946 963
964 658 946 947
964 1270 963 981
964 1254 947 1236
964 946 947 1236
965 964 1254 947
965 964 658 947
965 982 1254 966
965 693 982 981
965 964 982 981
965 964 982 1254
965 964 675 981
965 964 658 675
1073 1361 1362 1056
1072 800 1088 799
1072 1073 1361 1056
1072 1361 1055 1056
222 511 238 239
529 222 511 239
1756 1772 1773 1467
1756 2046 2045 1773
1756 1755 1466 1738
1756 1755 1466 1772
1756 1739 1450 1738
1756 1466 1450 1738
1756 1466 1772 1467
1756 2046 1739 2028
1756 2046 2045 2028
1756 1466 1450 1467
1756 2046 1739 1740
1756 1451 1739 1450
1756 1451 1450 1467
1756 1451 1739 1740
2624 2317 2606 2318
2641 2624 2913 2625
2641 2624 2623 2913
2641 2946 2929 2640
2641 2929 2623 2913
2641 2929 2623 2640
2931 2643 2626 2915
2931 3203 3220 2913
2660 2966 2677 2678
2321 2337 2032 2320
2321 2609 2337 2320
2321 2611 2322 2628
2321 2611 2610 2628
2338 2321 2337 2032
1743 1759 1471 1760
1743 1759 2032 1742
1745 2035 1763 1746
1745 2052 2035 1763
1488 1471 1199 1487
1488 1471 1760 1487
1165 1471 1182 1454
1165 1182 1164 1454
1165 1182 1164 876
1165 1182 893 876
1165 877 893 876
1165 877 1166 893
1455 1743 1471 1454
1470 1471 1760 1487
1470 1759 1471 1760
1470 1471 1182 1454
1470 1453 1742 1454
1470 1743 1759 1742
1470 1743 1759 1471
1470 1453 1164 1454
1470 1182 1164 1454
1470 1743 1742 1454
1470 1743 1471 1454
1813 1829 1812 2101
1813 2118 1829 2101
2062 2061 2045 1773
2354 2336 2064 2048
2354 2337 2643 2626
2354 2336 2337 2048
2354 2336 2337 2626
2354 2064 2065 2048
2354 2371 2064 2065
2354 2338 2337 2048
2354 2066 2338 2048
2354 2338 2337 2643
2354 2066 2065 2048
2354 2066 2371 2065
2608 2319 2626 2320
2608 2609 2626 2320
2608 2319 2626 2625
2608 2609 2626 2915
2627 2609 2626 2915
2627 2643 2626 2915
2627 2609 2337 2626
2627 2337 2643 2626
2627 2899 2609 2610
2627 2899 2609 2915
2627 2338 2643 2644
2627 2338 2337 2643
2627 2321 2609 2610
2627 2321 2609 2337
2627 2338 2644 2628
2627 2321 2610 2628
2627 2338 2321 2628
2627 2338 2321 2337
2947 2946 2929 3235
2947 3218 2929 3235
1159 887 870 1158
2095 2383 2384 2367
1195 1485 1179 1467
1195 1194 1484 1212
1195 1194 906 1212
1195 1485 1484 1212
1195 1485 1484 1467
1195 1196 1485 1212
1195 1196 1485 1179
1195 888 906 889
1195 888 1194 906
1483 1772 1484 1467
1483 1466 1772 1467
1483 1195 1484 1467
1483 1195 1194 1484
1483 1194 1484 1501
1483 1500 1484 1501
1483 1755 1466 1465
1483 1755 1466 1772
921 632 938 920
921 937 938 1227
921 937 938 920
921 938 939 1227
921 938 939 650
921 632 938 650
1757 2046 2047 1740
1757 1756 2046 1740
1757 1756 2046 1773
1757 1485 1773 1467
1757 1756 1773 1467
2029 2046 2030 1740
2029 2046 1739 1740
2029 2046 1739 2028
2029 2336 2030 2318
2029 2046 2336 2030
2029 2046 2045 2028
1178 1161 1450 1160
1178 1466 1450 1160
1178 1466 1450 1467
1178 1161 889 1160
1178 1161 1179 889
1178 1195 1179 889
1178 1483 1466 1467
1178 1483 1195 1467
1178 1195 1179 1467
1178 1451 1450 1467
1178 1161 1451 1450
1178 1161 1179 1451
311 582 583 293
311 294 583 293
311 327 328 616
311 293 21 310
311 327 21 310
311 327 328 22
311 294 5 293
311 294 22 5
311 327 22 21
311 22 5 21
311 5 293 21
1215 925 942 926
1810 1538 1521 1520
1810 1504 1521 1520
1810 1503 1504 1520
1810 1503 1504 1793
1445 1157 1173 1156
1445 1157 1446 1173
1447 1157 1174 1158
1447 1157 1446 1174
1208 919 935 918
1208 935 936 1224
1208 919 935 936
1208 1225 1497 1224
1208 1225 936 1224
1208 919 1225 936
1208 1209 1225 1497
1208 919 1209 1225
1803 1514 1513 1497
1820 1530 1514 1819
1820 1530 1514 1531
1820 1530 1819 1547
1820 1530 1531 1547
1820 1548 1531 1547
1820 1548 1531 1837
647 357 663 374
647 357 663 646
647 630 646 936
647 630 648 936
647 630 648 631
1211 1517 1500 1501
1211 1483 1194 1501
1211 1483 1500 1501
1211 1518 1501 1229
1211 1228 1518 1229
1211 1501 1229 1212
1211 1194 1501 1212
1211 922 1228 1229
1211 1517 1518 1501
1211 1517 1228 1518
1211 1517 1228 1227
1211 1517 1500 1227
1211 922 1229 1212
1211 1194 922 1212
1211 1228 939 1227
1211 922 1228 939
1211 921 939 1227
1211 921 922 939
1499 1516 1226 1227
1499 1516 1500 1227
1499 1211 1500 1227
1499 1481 1209 1192
1499 1211 1483 1500
1499 1211 1483 1194
1840 1839 1856 1857
1840 1839 1567 1856
1840 1856 1857 1568
1840 1567 1856 1568
1840 1567 1550 1568
1840 1549 1567 1550
1840 1549 1839 1567
1840 1534 1550 1533
1840 1549 1550 1533
613 323 629 612
613 323 629 341
613 630 629 341
613 342 325 614
613 342 341 325
613 630 631 341
613 342 631 614
613 342 631 341
613 631 920 614
613 630 631 920
290 17 289 0
290 17 18 0
290 17 289 306
290 17 18 306
358 357 340 646
358 629 340 646
358 630 629 646
358 647 357 646
358 647 630 646
358 629 340 341
358 630 629 341
358 52 340 341
358 630 631 341
358 647 630 631
358 357 340 68
358 52 340 68
358 69 52 70
358 69 52 68
358 69 357 68
358 342 631 341
358 52 341 53
358 342 341 53
358 52 70 53
1798 2087 1780 1781
2073 2089 2090 2362
2073 2056 2362 2361
2073 2089 2362 2361
1221 1510 1528 1222
1221 914 932 1204
1221 1220 914 932
1203 1221 914 1204
1203 1221 1220 914
1186 1203 914 1204
1457 1475 1763 1746
1457 1745 1763 1746
899 1171 1188 1189
899 883 594 593
899 611 883 594
899 611 594 593
899 883 1189 1172
899 1171 1189 1172
2633 2617 2634 2906
2633 2923 2634 2906
2633 2923 2634 2940
2633 2923 3228 2940
2633 2923 2922 3228
2633 2651 2634 2940
2650 2633 2651 2634
2650 2649 2921 2632
2650 2633 2921 2632
2650 2633 2651 2940
2343 2054 2359 2342
2343 2921 2615 2632
2343 2649 2921 2632
3195 2923 3194 3212
3211 3194 2922 3193
3211 3194 3212 2922
3211 3212 2922 3228
3211 3195 3212 3484
3211 3195 3194 3212
2629 2917 2645 2935
2629 2611 2917 2628
2629 2611 2917 2612
3275 3274 3292 3564
3275 3274 3292 2985
3275 2986 3292 2985
2715 2714 3003 2732
2715 2714 2986 3003
3257 3239 3256 3528
3257 3239 3240 3528
2934 2917 3207 2935
2934 3206 2917 3207
2934 2952 2645 2935
2934 2917 2645 2935
3244 3551 3245 2956
3244 3551 3262 2956
3244 3551 3262 3550
2613 2630 2612 2324
2050 1745 2052 1763
2050 1745 1744 2033
2341 2613 2630 2324
2341 2323 2630 2324
1764 2035 2036 1746
1764 2035 1763 1746
1764 2052 2035 1763
1764 2052 1780 1763
1764 1475 1763 1746
1764 1475 1780 1763
1764 1747 2036 1746
1764 1765 1747 2036
1764 1475 1747 1746
1764 1765 1475 1747
1764 1475 1780 1781
1764 1765 1475 1781
2034 1745 2052 2035
2034 2050 1745 2033
2034 2050 1745 2052
2968 3274 2984 2985
2968 3257 3274 3256
2968 3257 3239 3256
2968 3275 3274 2985
2968 3257 3239 3240
3238 3239 3255 3528
2901 2611 2917 2612
2370 2660 2371 2643
2370 2354 2371 2643
2370 2354 2371 2064
2421 2710 2727 2438
2748 3021 3037 3038
2748 2749 3038 2766
2748 2749 3021 3038
2748 3055 3038 2766
2748 3055 2765 2766
2748 3037 3036 2765
2748 3054 3055 3038
2748 3054 3037 3038
2748 3054 3055 2765
2748 3054 3037 2765
2748 2747 3036 2765
2748 2749 3021 2732
3022 3021 2732 2733
3022 3023 3005 2733
3022 3023 3005 3311
3022 3021 3038 2733
3022 3021 3310 3038
3022 3021 3310 3293
3020 3021 3003 3293
3020 2748 3037 3036
3020 2748 3021 3037
3020 3021 3003 2732
3020 2714 3003 2732
2425 2442 2732 2443
2425 2442 2153 2443
2425 2137 2153 2443
2425 2441 2442 2153
2425 2715 2714 2732
2425 2715 2714 2408
2425 2714 2408 2424
2425 2441 2153 2135
2425 2408 2424 2135
2425 2441 2424 2135
2425 2441 2424 2730
2425 2714 2424 2730
2425 2441 2442 2730
2152 2441 2153 2135
1847 1846 1558 1574
1847 1575 1558 1574
316 27 28 317
316 334 28 317
316 26 27 315
316 334 28 45
299 300 317 10
299 604 315 587
299 27 317 10
299 316 27 317
299 27 315 10
299 316 27 315
299 315 587 298
299 315 9 10
299 315 9 298
301 302 318 12
301 318 11 12
301 318 11 317
301 300 11 317
622 910 621 894
622 638 350 621
622 639 638 350
622 638 910 621
622 638 910 928
622 639 638 928
896 912 1184 913
896 912 1184 895
352 336 47 335
46 352 334 45
46 352 334 335
46 334 28 45
46 29 318 335
46 334 318 335
46 352 63 45
46 352 47 335
46 29 318 28
46 334 318 28
46 352 63 47
349 638 350 621
349 638 332 621
349 348 332 43
349 638 332 637
349 348 332 637
654 638 926 637
654 365 637 653
654 942 670 653
654 671 942 670
588 878 877 895
588 877 895 894
588 604 877 894
588 604 877 587
588 299 604 587
930 1218 929 947
930 1218 912 913
930 1218 912 929
930 625 914 913
1202 1186 1203 914
2389 2662 2372 2678
2389 2695 2407 2406
2389 2660 2372 2678
2389 2660 2677 2678
2389 2695 2677 2678
2389 2695 2406 2677
601 585 296 295
601 602 585 296
892 602 586 603
892 602 875 586
892 875 876 586
892 587 876 586
892 587 586 603
892 604 587 603
892 604 587 876
892 604 893 876
892 1182 893 876
892 875 1182 876
892 604 910 893
331 332 314 603
331 348 330 637
331 348 332 637
331 348 332 42
331 25 332 314
331 25 332 42
331 348 41 330
331 41 24 42
331 25 24 42
331 25 24 314
331 41 59 42
331 348 59 42
331 348 41 59
874 602 585 586
874 602 875 586
873 1161 1179 889
873 872 1161 889
873 1161 1179 1162
871 1161 889 1160
871 872 1161 889
23 7 6 295
39 57 56 346
39 328 56 346
87 377 71 70
649 648 938 631
649 632 631 360
649 632 938 631
649 648 938 955
649 632 360 650
649 632 938 650
649 378 360 650
649 377 378 360
649 938 955 650
649 667 378 650
649 667 955 650
869 886 579 580
869 886 579 868
869 886 1157 1158
869 886 1157 868
869 870 598 580
869 886 598 580
869 887 870 1158
869 886 887 1158
869 887 870 598
869 886 887 598
597 886 579 580
597 886 579 596
597 886 598 580
597 309 598 580
597 309 598 614
597 309 325 614
597 613 325 614
903 886 887 598
903 597 598 614
903 597 886 598
903 886 1174 885
903 597 886 596
903 886 596 885
903 613 920 614
903 597 613 614
903 597 613 596
599 888 615 598
599 888 615 616
599 581 870 598
599 888 870 598
599 871 582 581
599 309 615 310
599 309 615 598
599 309 581 598
599 292 582 581
599 871 581 870
599 871 888 870
599 327 615 616
599 311 327 616
599 292 309 310
599 292 309 581
599 327 615 310
599 311 327 310
599 311 293 310
599 311 582 293
599 292 582 293
599 292 293 310
343 327 344 615
343 632 615 614
343 632 342 614
343 632 342 360
343 54 37 55
343 54 342 360
343 632 361 360
343 54 55 360
343 361 55 360
343 361 344 55
151 134 423 152
151 441 423 152
407 406 696 712
407 424 696 712
407 424 406 712
407 424 406 118
407 406 679 696
407 101 406 118
713 424 696 712
713 984 696 712
135 424 134 152
135 424 406 118
135 424 134 406
135 406 118 117
135 134 406 117
440 424 423 712
440 424 441 423
440 151 441 423
440 713 424 441
440 713 424 712
744 726 743 1016
744 726 743 454
1594 1883 1595 1611
1594 1865 1593 1576
1594 1287 1593 1576
1594 1288 1287 1576
1901 1883 1595 1611
1901 2189 2190 1900
1901 1883 2189 1900
1901 1883 1611 1900
304 320 15 14
32 320 14 31
32 320 15 14
32 304 320 15
321 304 594 593
321 611 594 593
321 32 304 320
321 32 304 15
1219 1218 947 1236
1219 1220 947 1236
1219 1218 1508 1236
1219 930 1218 947
1219 930 1220 947
1219 930 1218 913
1219 930 914 913
1219 930 1220 914
1219 1218 1508 1507
1219 1203 1220 914
1219 1202 1203 914
1219 1202 914 913
64 81 353 80
64 353 369 80
64 63 369 80
64 81 353 65
64 352 353 369
64 352 63 369
64 352 336 353
64 336 47 65
64 336 353 65
64 352 63 47
64 352 336 47
370 81 98 80
370 353 369 80
370 81 353 80
82 81 353 65
948 643 933 932
948 643 933 949
948 965 1254 947
948 965 1254 966
948 965 949 966
641 658 947 657
641 929 947 657
641 930 929 947
641 352 353 369
641 658 368 657
641 658 368 369
641 370 353 369
641 370 658 369
373 355 372 84
373 356 355 84
373 355 372 661
48 336 47 65
48 320 337 31
48 32 320 31
48 32 320 49
67 66 356 50
67 356 355 84
67 66 355 84
67 66 356 355
985 984 1273 967
985 984 1273 1274
985 968 679 967
985 984 695 696
985 984 695 967
985 679 695 696
985 679 695 967
678 968 679 967
678 679 695 967
678 949 661 660
678 406 679 695
1240 1223 1222 951
1240 1239 1222 951
1240 1239 1528 1222
1240 1239 1545 1528
1512 1801 1494 1495
1512 1223 1494 1222
1512 1240 1223 1222
1206 1512 1494 1495
1206 1512 1223 1494
1563 1868 1852 1562
1563 1868 1869 1852
1563 1868 1580 1869
2106 2122 2123 2105
2106 1801 2107 2090
2106 1801 2090 1800
2106 2088 2105 1800
2106 2088 2089 1800
2106 2089 2090 1800
2106 2396 2107 2090
2124 2140 2123 2429
1461 1478 1171 1172
1461 1478 1171 1460
1477 1171 1188 1189
1477 1478 1171 1189
1477 1206 1478 1189
1477 1206 1188 1189
1477 1478 1171 1460
1477 1206 1478 1495
1477 1206 1494 1495
2344 2327 2055 2632
2344 2327 2345 2055
2344 2055 2632 2361
2344 2345 2055 2361
2344 2650 2632 2361
2344 2345 2634 2328
2344 2327 2345 2328
2344 2345 2362 2361
2344 2650 2362 2361
2344 2650 2633 2632
2344 2650 2633 2634
2344 2651 2345 2634
2344 2650 2651 2634
2344 2617 2634 2328
2344 2651 2345 2362
2344 2650 2651 2362
2326 2343 2615 2632
2326 2343 2054 2632
2326 2054 2055 2037
2326 2327 2055 2037
2326 2054 2055 2632
2326 2327 2055 2632
2326 2325 2054 2037
2326 2343 2325 2054
2071 2054 2055 2361
2071 1765 2054 2055
2071 1782 1765 1781
1492 1475 1780 1781
1492 1202 1186 1475
1492 1202 1186 1203
1492 1782 1510 1781
1492 1798 1780 1781
1492 1798 1510 1781
2158 2174 2175 2464
2158 1868 1869 2174
2446 2463 2174 2464
2446 2447 2463 2464
2446 2158 2447 2464
2446 2158 2174 2464
2446 2447 2463 2735
2430 2447 2719 2735
2430 2701 2719 2735
2430 2701 2429 2735
2430 2702 2701 2719
1867 1868 1851 1562
1867 1561 1851 1562
1867 1561 1850 1851
1579 1563 1274 1562
1579 1273 1274 1562
1579 1867 1868 1562
1579 1563 1868 1562
1579 1563 1868 1580
3678 3372 3661 3660
3678 3677 3661 3660
3373 3389 3083 3101
3373 3084 3083 3101
3373 3389 3679 3101
3373 3372 3389 3083
3373 3372 3084 3083
3373 3678 3389 3679
3373 3678 3372 3389
3373 3374 3679 3101
3373 3084 3374 3101
3373 3678 3662 3679
3373 3084 3374 3356
3373 3372 3084 3356
3373 3678 3661 3662
3373 3678 3372 3661
3373 3662 3374 3679
3373 3372 3645 3356
3373 3661 3662 3645
3373 3372 3661 3645
2401 2402 2384 2690
2994 3299 3010 3011
2994 3300 3299 3011
2994 3301 3012 3011
2994 3300 3301 3011
3046 3336 3319 3318
3046 3336 3030 3319
3046 3317 3335 3318
3046 3336 3335 3318
2669 2653 2958 2941
2669 2653 2687 2958
2942 3231 2925 2941
2942 3231 2925 3232
2364 2074 2058 2346
2364 2074 2058 2075
2364 2058 2347 2346
2738 2720 2721 3010
2738 2755 2756 3028
2738 2466 2755 2756
2738 3027 3011 3028
2738 3027 3010 3011
2722 2721 2416 2433
2722 2738 3011 3028
2722 2738 3010 3011
2722 2738 2721 3010
2722 2994 3010 3011
2722 3012 3011 3028
2722 3012 2740 3028
2722 3012 2740 2723
2722 2994 3012 3011
2722 2994 3012 2723
1894 2165 1877 1860
1894 1588 1877 1860
1894 1587 1588 1860
1894 1587 1588 1604
1894 1587 1893 1604
1894 1588 1877 1606
1894 1895 1877 1606
2745 2455 2472 2456
2745 2744 2455 2456
2745 2744 2455 2472
2745 2473 2472 2456
2745 2457 2729 2746
2745 2457 2473 2456
2745 2457 2746 2473
3323 3612 3340 3629
3323 3340 3341 3629
3323 3324 3341 3629
3323 3612 3613 3629
3323 3324 3613 3629
3049 3032 2761 2743
3049 2760 2761 2743
3049 3032 2761 3050
3049 2760 2761 2777
3339 3340 3628 3645
3339 3644 3628 3645
3339 3355 3644 3645
3339 3340 3645 3356
3339 3355 3645 3356
3339 3355 3644 3338
3339 3340 3050 3356
3339 3355 3050 3356
3339 3612 3340 3628
3595 3612 3613 3901
3595 3323 3612 3613
3595 3596 3613 3901
3595 3323 3324 3613
3595 3323 3324 3306
3595 3596 3885 3901
3595 3596 3613 3307
3595 3884 3885 3901
3595 3884 3885 3867
3595 3324 3613 3307
3595 3324 3306 3307
2436 2726 2727 2743
2436 2708 2726 2725
3031 2726 3032 2743
3031 3049 3032 2743
3031 3015 2726 3032
3031 3320 3030 3319
2999 2726 2727 3016
2999 3015 2726 3016
2999 3015 2726 2998
2999 3015 3288 2998
4849 4831 4542 4832
4899 4882 4593 4898
4899 4609 4593 4898
4899 4882 4610 4593
4899 4609 4610 4593
4244 3939 3955 4227
4244 4245 3939 4227
4244 3954 4243 4227
4244 4243 4533 4227
4244 4245 4533 4227
4244 4243 4533 4532
4228 3940 3939 3922
4228 4517 4245 4534
4228 4517 4500 4516
4228 4517 4245 4516
4228 4245 4227 4516
4228 4245 3939 4227
4823 4517 4533 4822
4565 4548 4838 4549
4565 4276 4566 4293
4277 4565 4566 4549
4277 4565 4276 4549
4277 4565 4276 4566
3970 4242 3952 3953
3970 3664 3952 3953
3970 3954 4242 3953
3970 3954 3664 3953
3970 3663 3664 3952
3970 3680 3663 3952
4871 4854 4870 4564
4294 4311 4293 4583
4294 4566 4293 4583
4294 4312 4311 4583
4294 4276 4566 4293
4294 4277 4276 4566
4294 4004 4276 4293
3119 2831 2846 2830
4212 4228 3940 3922
2183 2489 2472 2471
2183 2455 2472 2471
2183 2166 2455 2472
2183 2489 2201 2472
2183 2165 2455 2471
2183 2166 2165 2455
2183 2200 2489 2201
2183 1895 2166 2184
2183 2200 1895 2184
2183 2200 2201 2184
2183 2201 2473 2472
2183 2201 2184 2473
2183 2166 2473 2472
2183 2166 2184 2473
2183 2166 2165 1877
2183 1894 2165 1877
2183 1895 2166 1877
2183 1894 1895 1877
2470 2454 2760 2759
2470 2452 2454 2759
2470 2488 2776 2487
2470 2452 2759 2469
2470 2452 2454 2181
2470 2454 2760 2471
2470 2488 2760 2471
2470 2760 2759 2777
2470 2776 2759 2777
2470 2488 2760 2777
2470 2488 2776 2777
2470 2776 2758 2759
2470 2776 2758 2487
2470 2758 2759 2469
2470 2758 2487 2469
2470 2487 2469 2180
2470 2452 2469 2180
2470 2452 2181 2180
2470 2454 2181 2471
2470 2488 2487 2198
2470 2181 2198 2180
2470 2487 2198 2180
2775 2758 2486 2774
2775 2776 2758 2486
3067 2795 3066 2777
3067 2795 2778 2777
3067 2778 2761 2777
3067 3049 2761 2777
3067 3049 3066 2777
3067 3049 2761 3050
3067 3049 3355 3050
3067 3049 3355 3066
3067 3355 3050 3356
3067 3355 3066 3356
3067 3084 3066 3356
3067 2795 3084 3066
3085 3084 3374 3101
3085 2812 2795 2796
3085 2812 2795 3084
3085 2812 3084 3101
3085 2797 3069 3086
3085 2797 2796 2780
3085 2797 3069 2780
3085 2812 2796 2813
3085 3103 2797 3086
3085 2812 3102 2813
3085 2812 3102 3101
3085 3103 3102 2813
3085 3374 3391 3101
3085 3102 3391 3101
3085 3374 3391 3086
3085 3103 3391 3086
3085 2797 2796 2813
3085 3103 2797 2813
3085 3103 3102 3391
3118 3135 2845 2846
3118 3119 2846 2830
3118 3119 3135 2846
3118 2812 3102 3101
3118 2812 3102 2830
3118 3119 3102 2830
3357 3340 3341 3629
3357 3340 3645 3356
3357 3358 3663 3374
3357 3647 3341 3629
3357 3647 3358 3341
3357 3373 3374 3356
3357 3373 3645 3356
3357 3663 3662 3374
3357 3647 3358 3663
3357 3373 3662 3374
3357 3373 3662 3645
3357 3340 3628 3629
3357 3340 3628 3645
2541 2524 2252 2540
2541 2542 2524 2830
2541 2542 2524 2252
2541 2252 2540 2251
2541 2252 2558 2251
2541 2831 2542 2830
2541 2831 2846 2830
2541 2831 2847 2846
1930 2220 2236 1948
1930 2220 2236 2218
1930 1947 2236 1948
1930 1947 2236 2218
1930 2220 1931 1948
1930 1947 1929 2218
1930 2202 2220 2218
1930 1947 1948 1658
1930 1947 1929 1658
1930 1931 1948 1658
1930 2220 1931 1914
1930 2202 2220 1914
1930 1929 2218 1912
1930 2202 2218 1912
1930 1642 1931 1658
1930 1929 1641 1658
1930 1929 1624 1641
1930 2202 1912 1913
1930 2202 1914 1913
1930 1642 1641 1658
1930 1642 1624 1641
1930 1642 1624 1625
1930 1642 1931 1625
1930 1624 1914 1625
1930 1931 1914 1625
1930 1624 1914 1913
1930 1624 1912 1913
1930 1929 1624 1912
2203 2220 2491 2492
2203 2202 2220 1914
2203 2202 2220 2491
2203 1931 1914 1915
2203 2220 1931 1914
2203 2221 1931 1915
2203 2220 2221 1931
2203 2220 2492 2509
2203 2220 2221 2509
2203 2493 2510 2492
2203 2510 2492 2509
2203 2510 2221 2509
2814 2797 2508 2813
2814 2797 2508 2815
2814 2508 2525 2813
2814 2542 2525 2813
2814 3103 2797 2813
2814 3103 2797 2815
2814 2831 2542 2813
4551 4841 4824 4840
4551 4823 4824 4840
4551 4823 4824 4534
4551 4517 4245 4534
4551 4823 4517 4534
4551 4517 4245 4533
4551 4823 4517 4533
4843 4825 4536 4842
4843 4825 4536 4826
4316 4604 4315 4621
4316 4604 4315 4587
4893 4877 4604 4894
4893 4892 4603 4876
4893 4877 4876 4587
4893 4877 4604 4587
4893 4603 4876 4587
4893 4604 4603 4587
4893 4892 4603 4910
4893 4604 4603 4910
4893 4604 4911 4910
4893 4604 4911 4894
4606 4895 4894 4912
4605 4877 4604 4587
4605 4877 4604 4894
4605 4877 4895 4894
4605 4606 4895 4589
4605 4606 4895 4894
4605 4895 4878 4589
4605 4877 4895 4878
4605 4877 4878 4589
4605 4316 4604 4587
3449 3432 3721 3722
3177 2871 3176 3159
2887 3177 2871 3176
3464 3465 3176 3159
3464 3175 3176 3159
3717 3990 3718 3701
3717 3990 3718 4007
3123 3106 3105 3122
3123 3106 2834 3122
3123 3106 3107 3395
3382 3381 3093 3365
3382 3109 3110 3093
3382 3381 3109 3093
3956 4244 3939 3955
3956 4244 4245 3939
3956 4228 4245 3939
3956 4228 3940 3939
4313 4330 4312 4602
4313 4025 4024 4007
4313 4601 4296 4602
4313 4601 4312 4602
4313 4601 4312 4296
4313 4330 4312 4329
3431 3449 3432 3721
4620 4315 4603 4621
4620 4909 4619 4603
4620 4603 4910 4621
4620 4909 4603 4910
4617 4616 4311 4328
4585 4601 4296 4602
4585 4313 4296 4602
4584 4585 4601 4296
4584 4566 4872 4583
4890 4889 4872 4583
4586 4315 4603 4587
4586 4603 4876 4587
4331 4330 4024 4041
4331 4313 4330 4024
4819 4530 4803 4820
4819 4548 4530 4820
4515 4821 4533 4532
4515 4821 4531 4532
4515 4243 4533 4532
4515 4531 4243 4532
4515 4805 4533 4516
4515 4805 4533 4822
4515 4821 4533 4822
4515 4533 4227 4516
4515 4243 4533 4227
3840 3824 4130 3841
3840 3824 3823 4130
3840 3858 3568 3841
3840 3857 3858 3568
3840 3551 3568 3550
4415 4416 4432 4704
4415 4721 4414 4704
4415 4721 4432 4704
4415 4721 4432 4414
4415 4416 4398 4704
4415 4398 4397 4704
4415 4416 4432 4143
4415 4398 4397 4126
4368 4078 4351 4062
4368 4078 4079 4062
4368 4078 4079 4367
4368 4385 4079 4367
4368 4078 4350 4367
4368 4078 4350 4351
4368 4656 4350 4367
4366 4078 4350 4061
4366 4078 4350 4367
4366 4656 4383 4367
4366 4656 4350 4367
3789 4079 4096 4095
3789 4078 4079 4095
3789 3790 4078 4079
3789 3805 3806 4095
3789 3805 4094 4095
3789 3805 4094 3788
3789 4060 3771 3788
4639 4368 4656 4640
4639 4368 4656 4350
4639 4366 4350 4638
4639 4366 4656 4638
4639 4366 4656 4350
4639 4368 4351 4640
4639 4368 4350 4351
4673 4400 4383 4672
4673 4656 4383 4367
4673 4385 4674 4367
4419 4691 4401 4708
4402 4419 4691 4401
3498 3770 3497 3481
3498 3499 3771 3788
3498 3770 3771 3788
3498 3770 3787 3788
3498 3770 3497 3787
3498 3804 3787 3788
3498 3805 3499 3788
3498 3804 3805 3788
3498 3497 3787 3514
3498 3805 3499 3515
3498 3804 3805 3515
3498 3804 3787 3514
3498 3804 3515 3514
3821 3804 3820 4110
4343 4360 4631 4632
4343 4360 4631 4342
3785 3479 3768 3786
4635 4652 4347 4636
4635 4652 4346 4347
4671 4687 4398 4688
4671 4365 4654 4672
3769 4075 4058 4059
3769 3770 3787 4059
3769 4075 3787 4059
3769 4075 3787 3786
3769 3768 3786 3480
3769 4075 3768 3786
3769 3497 3786 3480
3769 3497 3787 3786
3769 3770 3497 3480
3769 3770 3497 3787
4074 4075 3768 3786
4074 3785 3768 3786
4074 3785 3784 3768
4074 4075 4092 3786
4074 4075 4092 4364
4707 4691 4401 4708
3637 3364 3653 3654
3637 3364 3654 3365
3637 3348 3364 3365
4163 4164 3858 3875
4163 3858 3875 3874
4163 3857 3858 3874
4163 3891 3875 3874
4210 4499 4193 4192
4210 3921 4193 4192
4210 4498 4499 4516
4210 4498 4499 4192
4210 4228 4227 4516
4210 4499 4500 4516
4210 4228 4500 4516
4210 3921 3939 3922
4210 4228 3939 3922
4210 3921 3939 4227
4210 4228 3939 4227
3938 3921 3939 4227
3938 3649 3955 3666
3938 3649 3939 3955
3938 3939 3955 4227
3938 3954 3955 3666
3938 3954 3936 4227
3938 3954 3937 3936
3938 4244 3955 4227
3938 4244 3954 4227
3938 4244 3954 3955
3584 3889 3600 3601
3584 3889 3600 3872
3584 3567 3585 3874
3584 3567 3585 3295
4755 4771 4772 4483
4755 4771 4754 4483
4755 4465 4754 4483
4755 4465 4466 4483
4431 4721 4432 4414
4431 4721 4720 4414
4431 4465 4447 4736
4431 4719 4720 4736
4431 4719 4447 4736
4722 4721 4432 4704
4722 4416 4432 4704
4722 4416 4705 4704
4722 4416 4705 4723
4722 4739 4450 4723
3566 3548 3565 3855
3566 3567 3278 3550
2694 2966 2677 2693
2694 2983 2966 2693
3273 3272 3255 3256
3273 2983 3272 3255
3273 3272 3256 3562
3271 2983 3272 3255
3648 3938 3937 3631
3648 3649 3377 3666
3648 3360 3649 3377
3648 3938 3649 3666
3343 3054 3037 3327
3665 3647 3664 3953
3665 3647 3937 3953
3665 3954 3664 3953
3665 3954 3937 3953
3665 3648 3647 3937
3665 3938 3954 3666
3665 3938 3954 3937
3665 3648 3938 3666
3665 3648 3938 3937
3665 3647 3358 3664
3665 3376 3377 3666
3665 3648 3377 3666
3378 3668 3379 3395
3378 3668 3379 3361
3378 3379 3089 3395
3378 3379 3089 3361
3378 3088 3089 3361
3378 3088 3361 3377
3378 3106 3089 3395
3378 3106 3088 3089
3378 3649 3361 3377
3378 3649 3650 3361
3378 3668 3650 3361
3378 3649 3377 3666
3378 3683 3377 3666
2428 2446 2734 2735
2428 2446 2445 2734
2428 2701 2429 2735
2718 3008 2719 2991
2718 3007 3008 2991
2718 2702 2719 2991
2718 3008 3024 2719
2718 3007 3008 3024
2718 2702 2701 2719
2718 3024 2719 2735
2718 2701 2719 2735
2718 3007 3006 3024
2718 2734 3024 2735
2718 3006 2734 3024
2718 2428 2701 2735
2718 2700 2428 2701
2718 2428 2734 2735
3296 3007 3008 2991
3296 3007 3008 3024
3296 3314 3008 3025
3296 3008 3024 3025
3296 3007 3585 3295
3602 3586 3585 3874
3602 3584 3585 3874
3602 3584 3585 3295
3602 3584 3601 3295
3602 3312 3619 3601
3569 3858 3568 3874
3569 3586 3568 3874
3569 3586 3858 3874
3569 3858 3568 3841
3569 3586 3568 3585
3617 3889 3600 3601
3617 3312 3619 3601
3617 3312 3328 3619
3617 3600 3601 3311
3617 3312 3601 3311
3617 3312 3328 3311
3617 3600 3310 3311
3617 3328 3310 3311
3635 3652 3364 3653
3635 3346 3364 3363
3635 3652 3364 3363
2752 2753 2736 3042
2752 2736 3025 3042
2752 3025 3042 3041
2752 2753 2463 2736
2752 3023 3040 3041
2752 3023 3024 3041
2752 2751 2734 3040
2752 3024 3025 3041
2752 2736 3024 3025
2752 2736 3024 2735
2752 3023 2734 3040
2752 3023 2734 3024
2752 2734 3024 2735
2752 2447 2736 2735
2752 2447 2463 2735
2752 2447 2463 2736
2752 2446 2734 2735
2752 2446 2463 2735
2444 2749 2461 2733
2444 2749 2461 2443
2444 2749 2732 2733
2444 2749 2732 2443
2155 2444 2461 2443
2155 2444 2445 2461
3308 3291 3307 3597
3017 3033 3306 3016
2763 3052 3053 2781
2763 3052 2780 2781
2475 2491 2492 2781
2475 2493 2492 2781
2440 2457 2441 2730
2440 2457 2729 2730
2440 2441 2424 2730
2440 2457 2167 2456
2440 2745 2457 2456
2440 2745 2457 2729
2784 3073 2783 3056
2784 2767 2783 3056
2784 2767 3073 3056
2784 3073 2783 3072
2784 2767 3073 2768
2477 2476 2783 2766
2477 2767 2783 2766
2477 2476 2494 2783
2477 2749 2767 2766
2477 2749 2767 2461
2477 2784 2494 2783
2477 2784 2767 2783
2478 2751 2479 2768
2478 2751 2768 2750
2478 2767 2768 2750
2478 2767 2461 2750
2478 2477 2767 2461
2478 2477 2189 2461
3326 3598 3310 3327
3326 3343 3037 3327
3326 3343 3598 3327
3326 3037 3327 3038
3326 3021 3037 3038
3326 3310 3327 3038
3326 3021 3310 3038
3326 3020 3021 3037
3326 3021 3310 3293
3326 3020 3021 3293
3035 2763 3052 3053
3035 3052 3053 3341
3035 3053 2747 3036
3035 2763 3053 2747
3035 2763 3052 2746
3035 2763 2746 2747
3035 2729 2747 3036
3035 2729 2746 2747
3630 3324 3341 3629
3630 3324 3613 3629
3630 3647 3341 3629
3630 3919 3613 3629
3630 3648 3937 3631
3630 3648 3647 3937
3630 3919 3647 3629
3630 3919 3647 3937
3344 3633 3327 3345
3344 3343 3633 3327
3344 3327 3055 3345
3344 3054 3327 3055
3344 3343 3054 3327
3344 3343 3360 3054
3344 3650 3361 3345
3344 3633 3650 3345
3344 3054 3055 3071
3344 3360 3054 3071
3344 3361 3072 3345
3344 3055 3072 3345
3344 3360 3361 3071
3344 3649 3650 3361
3344 3360 3649 3361
3344 3361 3072 3071
3344 3055 3072 3071
3904 3921 4193 4192
3904 4175 4193 4192
3904 4175 3903 4192
2798 3088 2799 3070
2798 2799 3070 2782
2798 2508 2815 2509
2798 2508 2492 2509
2798 2510 2799 2782
2798 2510 2492 2509
2798 2510 2492 2782
2798 3070 2782 2781
2798 2492 2782 2781
2798 2797 2508 2815
2798 2508 2492 2780
2798 2797 2508 2780
2798 3070 2780 2781
2798 2797 3070 2780
2798 2492 2780 2781
2498 2225 2497 2514
2498 2515 2225 2514
2498 2803 2497 2514
2498 2515 2803 2514
2498 2225 2497 2209
2498 2515 2225 2209
2498 2803 2497 2787
2498 2803 2804 2787
2498 2515 2803 2804
2498 2497 2770 2787
2498 2481 2497 2770
2498 2191 2497 2209
2498 2191 2481 2209
2498 2191 2481 2497
2821 2820 2515 2532
2821 2820 2515 2804
2821 3109 2804 3110
2821 2820 3109 2804
1680 1681 1953 1663
1680 1679 1390 1663
2222 2510 2221 2238
2222 1916 1917 2205
2243 1971 2259 2260
2243 1971 2259 1953
2243 2531 2226 1936
2243 2259 2531 2532
2243 2259 2260 2532
2243 2531 2226 2532
1610 1916 1917 1900
1610 1916 1917 1627
1610 1628 1917 1900
1610 1628 1917 1627
1610 1628 1611 1900
1610 1916 1626 1627
1610 1628 1627 1339
1610 1593 1321 1609
1932 1916 1626 1644
1932 1916 1626 1915
1932 1626 1643 1644
1932 1626 1643 1915
1932 1931 1643 1915
1932 2221 1931 1915
1932 1643 1660 1644
1932 1643 1949 1660
1932 1931 1643 1949
1932 2221 1931 1949
1932 2221 1949 2238
1932 2222 2221 2238
1969 1680 1679 1663
1969 1680 1953 1663
1969 1680 1679 1697
2769 3059 3058 2786
2769 3059 2770 2786
2769 2480 2770 2786
2769 3059 2753 2770
2769 3059 2753 3042
2769 3059 3058 3042
2769 3058 2786 3057
2769 2480 2768 2786
2769 2480 2751 2768
2769 2753 2463 2770
2769 2480 2463 2770
2769 2752 2753 3042
2769 2768 2786 3057
2769 2751 2768 3057
2769 3058 3040 3057
2769 2751 3040 3057
2769 2752 2751 3040
2769 2480 2751 2463
2769 2752 2751 2463
2769 2752 2753 2463
2769 3058 3042 3041
2769 2752 3042 3041
2769 3058 3040 3041
2769 2752 3040 3041
1879 1607 1896 1897
1879 1896 2185 1897
1879 1607 1896 1606
1879 1878 1896 1606
1319 1336 1337 1625
1319 1336 1335 1625
1319 1607 1335 1625
1319 1607 1318 1335
1319 1336 1047 1337
1319 1046 1318 1335
1319 1046 1336 1335
1319 1046 1336 1047
1319 1012 1318 1029
1319 1046 1318 1029
1013 707 996 995
1013 1012 996 995
1013 1012 723 995
1013 706 707 995
1013 706 723 995
1013 706 707 724
1013 706 723 724
1013 708 1014 724
1013 708 707 724
2213 2195 2212 2211
2213 2502 2212 2196
2213 2195 2212 2196
2213 1924 2195 2196
2213 2503 2502 2196
3912 3623 3930 3929
3912 3913 3623 3930
3860 3554 3570 3571
4132 4149 4131 4438
4132 4150 4149 4438
4132 4150 4149 4133
4132 4150 4422 4438
4132 4150 4422 4133
4132 4420 4131 4438
4132 4420 4131 4403
3622 3621 3604 3332
3622 3333 3604 3332
3044 3333 3027 3026
3044 2738 3026 2755
3044 2738 3027 3026
3044 3333 3317 3334
3044 2738 2755 3028
3044 2738 3027 3028
3044 3317 3027 3028
3843 3554 3844 3537
3843 3860 4149 3844
3843 3860 3554 3844
3843 4132 4149 4131
3843 4149 3844 4133
3843 4132 4149 4133
3283 3300 3299 3571
3283 2994 2976 3266
3283 2994 3300 3299
3302 3575 3303 3591
3302 3303 3319 3591
3302 3319 3318 3591
2965 2983 2966 2693
2965 3271 3255 3254
2965 2983 2966 3255
2965 3271 2983 3255
2965 3238 3255 3254
2965 3238 2966 3255
3556 3267 3573 3285
3556 3827 3844 3845
3862 3556 3863 3845
3897 3607 3591 3608
3897 3896 3913 3607
3881 3592 3575 3591
2724 3012 2740 2723
2691 2997 2980 2998
2691 2708 2997 2998
2691 2708 2997 2690
2691 2708 2998 2692
2691 2708 2402 2690
4337 4336 4626 4354
4337 4643 4626 4354
4064 4337 4336 4048
4064 4337 4336 4354
3828 3827 4134 3845
3828 3556 3827 3539
3828 3540 3522 3539
3828 3556 3827 3845
4049 3760 4050 4066
3777 3760 4066 3761
3759 3760 3470 3487
3759 3469 3470 3487
3759 3469 3775 3487
3757 3774 3775 3468
3757 3775 4046 4063
3757 3774 3775 4063
3486 3469 3775 3485
3486 3469 3775 3487
3486 3469 3198 3487
3486 3504 3198 3487
3486 3774 3775 3485
3197 3179 3468 3485
3197 3469 3179 3468
3197 3469 3468 3485
3197 3486 3469 3485
3197 3486 3469 3198
2023 1752 2024 1734
2023 1752 2024 2040
1751 2023 1752 1734
1751 2023 1752 2040
1735 1752 1446 1734
1735 1752 2024 1734
1735 1752 2024 1753
2026 2042 1737 1736
1771 1755 2061 1772
3234 3218 2929 3235
2963 3251 3252 3235
2963 2947 3252 3235
2963 2947 2946 3235
3538 3520 3231 3232
3538 3520 3231 3537
3555 3554 3844 3537
3555 3538 3844 3537
3555 3248 3250 3266
3555 3267 3250 3539
3555 3267 3250 3266
3555 3556 3267 3539
3555 3267 3573 3266
3555 3556 3267 3573
3555 3556 3827 3539
3555 3556 3827 3844
3555 3538 3827 3539
3555 3538 3827 3844
2672 2383 2384 2367
3284 3267 3573 3266
3284 3283 3573 3266
3284 3283 2994 3266
3284 2994 3301 3012
3284 3302 3301 3573
3284 3302 3301 3012
3284 3267 3573 3285
3284 3302 3573 3285
3284 3300 3301 3573
3284 3283 3300 3573
3284 2994 3300 3301
3284 3283 2994 3300
3864 3881 3863 4169
3581 3853 3565 3564
3581 3582 3565 3564
3581 3582 3565 3871
3581 3599 3582 3871
3581 3292 3582 3564
3581 3291 3292 3564
3854 3853 3837 3565
3854 3581 3853 3565
3854 3581 3853 3870
3854 3837 3565 3855
3854 3870 4160 3871
3854 3581 3565 3871
3854 3581 3870 3871
3854 3872 3565 3855
3854 3872 4160 3871
3854 3872 3565 3871
3836 3853 3546 3547
3836 3819 3530 3547
3836 3546 3530 3547
3836 3853 3837 3547
3836 3820 3837 3547
3836 3820 3819 3547
3836 4108 3819 4126
3836 3820 3837 4126
3836 3820 3819 4126
3563 3853 3546 3564
3563 3273 3291 3274
3563 3291 3274 3564
3563 3581 3291 3564
3563 3581 3853 3564
3563 3273 3256 3562
3563 3273 3274 3256
3563 3257 3274 3256
4177 4178 4160 3871
4177 4176 4160 3871
4177 4466 4178 4160
4177 4465 4466 4483
4119 4391 4407 4102
4119 4391 4408 4407
4119 4136 4426 4408
4119 4135 4408 4407
4119 4135 4136 4408
4119 4118 4407 4102
4119 4135 4118 4407
2329 2330 2618 2312
2329 2330 2347 2618
2636 2924 2925 2941
2636 2942 2925 2941
2636 2942 2653 2941
2895 2894 3183 2911
3182 3200 2894 2893
3182 3200 2894 3183
2910 3200 2894 2893
2910 3200 2894 2911
2910 2639 2928 2911
2910 3200 2928 2911
4455 4437 4148 4438
4455 4472 4744 4454
4743 4472 4454 4760
4743 4472 4744 4760
4743 4472 4744 4454
4743 4455 4744 4454
4743 4455 4437 4726
4743 4455 4437 4454
4439 4150 4422 4438
4406 4135 4118 4407
4406 4135 4134 4118
4099 4115 3809 4098
4099 4388 4115 4098
3902 3903 3885 4191
3902 3596 3903 3885
3902 3885 4191 3901
3902 3596 3885 3901
3902 3596 3613 3901
3902 4207 4191 3901
3902 3919 4207 3901
3902 3919 3613 3901
3902 4209 3903 4191
3902 4209 4207 4191
3902 4209 3919 4207
3902 3630 3919 3613
3902 3630 3919 3937
3614 3596 3903 3597
3614 3904 3903 3597
3614 3904 3903 3631
3614 3596 3307 3597
3614 3902 3903 3631
3614 3902 3596 3903
3614 3904 3598 3597
3614 3596 3613 3307
3614 3902 3596 3613
3614 3902 3630 3631
3614 3902 3630 3613
3614 3324 3613 3307
3614 3630 3324 3613
4429 4735 4428 4718
4429 4719 4735 4718
4429 4719 4735 4736
4429 4735 4447 4736
4429 4719 4447 4736
4442 4715 4426 4443
4442 4136 4426 4408
4716 4426 4427 4443
4716 4715 4426 4443
4697 4391 4408 4407
4697 4680 4391 4407
4681 4393 4392 4664
4681 4680 4391 4392
4681 4663 4392 4664
4681 4663 4680 4392
3557 3540 3541 3252
3557 3269 3541 3252
3557 3251 3540 3252
3557 3540 3541 3829
3557 3556 3267 3285
3557 3251 3540 3539
3557 3267 3251 3539
3557 3828 3540 3829
3557 3556 3267 3539
3557 3828 3540 3539
3557 3828 3556 3539
3561 3272 3578 3562
3886 3596 3903 3597
3886 3596 3903 3885
3886 3903 3885 4191
3886 4175 3903 4191
4837 4548 4838 4820
4837 4819 4548 4836
4837 4819 4548 4820
4837 4565 4548 4838
4837 4854 4565 4838
4837 4565 4548 4564
4837 4854 4565 4564
4547 4530 4529 4241
4547 4819 4548 4836
4547 4819 4548 4530
4547 4819 4530 4529
4462 4479 4480 4768
4156 3884 3885 3867
4156 3868 3885 3867
4787 4498 4497 4770
4787 4498 4788 4770
4787 4498 4788 4516
4787 4515 4498 4516
4787 4805 4788 4516
4787 4515 4805 4516
4481 4769 4497 4770
4481 4498 4497 4770
4481 4769 4753 4770
4481 4753 4464 4770
4481 4769 4753 4464
4481 4769 4480 4464
4481 4769 4480 4497
4481 4480 4497 4191
4481 4175 4192 4191
4481 4209 4498 4192
4481 4209 4498 4497
4481 4209 4192 4191
4481 4209 4497 4191
3920 3919 3937 3936
3920 4209 3919 3936
3920 3902 3919 3937
3920 3902 4209 3919
3920 3938 3937 3631
3920 3938 3921 3631
3920 3938 3937 3936
3920 3630 3937 3631
3920 3902 3630 3631
3920 3902 3630 3937
3920 3902 3903 3631
3920 3902 4209 3903
3920 3938 3936 4227
3920 3938 3921 4227
3920 3904 3921 3631
3920 3904 3921 4192
3920 4209 3903 4192
3920 3904 3903 3631
3920 3904 3903 4192
3920 4210 3921 4227
3920 4210 3921 4192
4208 4209 4207 4191
4208 4209 4497 4191
4208 4480 4207 4191
4208 4480 4497 4191
4208 4209 3919 4207
4208 4209 3919 3936
4208 4225 3936 3935
4208 3919 4207 3935
4208 3919 3936 3935
4482 4771 4754 4483
4482 4465 4754 4483
4482 4499 4771 4483
4482 4771 4754 4770
4482 4465 4464 4754
4482 4499 4193 4483
4482 4498 4499 4771
4482 4481 4464 4770
4482 4498 4771 4770
4482 4481 4498 4770
4482 4465 4175 4464
4482 4481 4175 4464
4482 4499 4193 4192
4482 4175 4193 4192
4482 4177 4193 4483
4482 4177 4465 4483
4482 4175 4176 4193
4482 4465 4175 4176
4482 4481 4175 4192
4482 4498 4499 4192
4482 4481 4498 4192
4482 4753 4754 4770
4482 4753 4464 4770
4482 4753 4464 4754
4482 4177 4176 4193
4482 4177 4465 4176
4703 4687 4397 4704
4703 4415 4414 4704
4703 4415 4397 4704
4703 4415 4397 4414
4703 4413 4397 4414
4703 4413 4685 4397
4703 4721 4414 4704
4703 4721 4720 4414
4703 4720 4702 4414
4703 4413 4702 4414
4703 4413 4685 4702
4125 4413 4124 4414
4125 4413 4397 4414
4125 4107 4413 4124
4125 4415 4397 4126
4125 4415 4397 4414
4125 3836 4108 4126
4125 3836 4107 4108
4125 4397 4109 4126
4125 4108 4109 4126
4125 4108 4397 4109
4395 4413 4685 4702
3802 4108 4092 3819
3802 4074 3785 3784
3802 4092 3803 3786
3802 4092 3819 3803
3802 4074 4092 3786
3802 4074 3785 3786
4665 4359 4648 4664
4665 4376 4359 4648
4665 4681 4393 4664
4665 4681 4393 4682
4665 4393 4664 4375
4665 4376 4393 4375
4665 4359 4664 4375
4665 4376 4359 4375
4087 4376 4393 4375
4087 4393 4392 4375
4087 3815 4105 4088
4087 3815 4105 4104
4374 4663 4392 4375
4374 4663 4358 4375
4374 4358 4068 4375
4374 4663 4358 4646
4374 4356 4084 4068
4374 4663 4391 4392
4629 4358 4341 4630
4629 4340 4358 4341
4629 4647 4358 4630
4629 4647 4358 4646
4070 4087 4376 4088
4070 4359 4069 4342
4070 4053 4069 4342
4070 4376 4359 4360
4070 4359 4360 4342
4070 4359 4069 4375
4070 4376 4359 4375
4070 4087 4376 4375
4113 3824 3823 4130
4113 3823 4096 4095
3807 3824 3823 3806
3807 3823 4096 4095
3807 3823 3806 4095
3807 4113 3823 4096
3807 4113 3824 3823
3807 3789 4096 4095
3807 3789 3806 4095
3807 3789 3790 3806
3807 3789 4079 4096
3807 3789 3790 4079
3535 3807 3824 3806
3535 3840 3824 3841
3838 3837 4126 4143
3838 3820 4110 4126
3838 3821 3820 4110
3838 3820 3837 4126
3838 3854 3837 4143
3838 3854 3837 3855
3838 3548 3837 3855
3838 3820 3548 3837
3838 3821 3820 3548
4706 4416 4705 4723
4399 4416 4398 4688
4399 4706 4417 4416
4399 4671 4398 4688
4399 4416 4705 4688
4399 4706 4416 4705
3501 3807 3790 3806
3501 3211 3212 3484
4184 3912 4185 4201
4184 3912 3896 4185
4508 4220 4219 4237
4526 4508 4220 4237
4526 4508 4815 4798
4526 4221 4527 4510
4526 4220 4221 4510
4799 4526 4527 4510
4799 4526 4815 4798
4511 4221 4527 4510
4511 4221 4239 4527
4254 4270 4271 3964
3983 4255 4271 4272
3371 3372 3066 3083
3371 3354 3372 3066
3371 3354 3372 3660
3371 3372 3389 3083
3371 3678 3677 3660
3371 3678 3677 3389
3371 3678 3372 3660
3371 3678 3372 3389
3316 3044 3317 3027
3316 3044 3333 3027
3316 3044 3333 3317
3316 3317 3027 3011
3316 3300 3317 3011
3316 3299 3027 3011
3316 3300 3299 3011
3316 3300 3299 3571
3316 3333 3317 3334
3316 3622 3333 3334
3316 3298 3299 3571
3316 3298 3299 3027
3316 3333 3315 3027
3316 3298 3315 3027
3316 3622 3333 3604
3316 3298 3315 3604
3316 3333 3315 3604
4786 4769 4497 4770
4786 4787 4497 4770
3384 3689 3400 3672
3639 3640 3623 3929
3639 3622 3621 3332
3639 3640 3623 3334
3639 3622 3623 3334
3624 3913 3623 3930
3624 3640 3623 3930
3624 3640 3623 3335
3624 3931 3913 3930
3624 3623 3607 3335
3624 3913 3623 3607
3624 3640 3335 3352
3624 3336 3642 3352
3624 3336 3335 3352
3624 3336 3607 3335
3624 3336 3607 3608
3351 3062 3367 3061
3351 3062 3368 3367
3351 3640 3335 3334
3351 3640 3335 3352
3063 3351 3368 3352
3063 3351 3062 3368
3063 3336 3064 3352
3063 3351 3335 3352
3063 3336 3335 3352
3063 3046 3336 3335
3723 3451 3724 3740
3741 3451 3724 3740
3741 4030 3724 3740
3741 4030 4013 3742
3741 4030 3724 4013
2567 2874 2856 2584
2567 2874 2856 2857
3147 3163 2875 3164
3147 3163 2875 2857
3435 3163 3162 3145
3435 3741 3451 3724
3435 3147 3163 3164
2499 2805 2517 2516
2499 2210 2482 2500
2499 2210 2211 2500
2499 2517 2211 2500
2499 2517 2210 2211
3659 3370 3660 3642
3659 3660 3642 3643
3659 3948 3642 3643
3659 3660 3643 3949
3659 3948 3643 3949
3659 3677 3660 3949
3097 3079 3096 2807
3097 2791 3079 2807
3097 2825 3096 2807
4559 4558 4269 4541
4559 4254 4270 4271
3690 3689 3978 3706
3690 3689 3978 3979
3690 3401 3691 3707
3690 3689 3979 3672
3690 3384 3689 3400
3690 3401 3384 3400
3690 3384 3689 3672
3997 3980 3691 3981
3997 3980 3691 3979
3997 3690 3691 3707
3997 3690 3691 3979
4218 3946 3930 3929
4218 3930 4219 4201
4218 3928 3946 3929
4218 3912 3930 3929
4218 3912 3930 4201
4218 4217 3928 3929
4218 4235 4507 4219
4218 4507 4219 4201
4218 4217 4507 4201
4218 4523 4235 4507
4218 4523 4217 4507
4252 3980 4270 4269
4252 4270 3981 3964
4252 3980 4270 3981
4252 4559 4269 4541
4252 4559 4270 4269
3962 3961 3979 3672
3656 3639 3928 3927
3656 3639 3640 3929
3656 3928 3945 3929
3656 3639 3928 3929
3656 3640 3946 3929
3656 3945 3946 3929
3728 4033 3745 3744
3438 3728 3745 3744
4897 4592 4608 4898
4897 4592 4880 4898
4897 4592 4880 4608
4879 4608 4590 4896
4879 4880 4608 4590
4879 4897 4608 4896
4879 4897 4880 4608
4863 4573 4574 4862
4031 3725 4013 3742
4031 4030 4013 3742
4031 3725 4032 3742
4303 4609 4593 4320
4303 4592 4609 4320
4303 4592 4609 4593
4303 4592 4319 4320
4303 4592 4319 4302
4881 4592 4880 4898
4881 4882 4593 4898
4881 4609 4593 4898
4881 4592 4609 4898
4881 4592 4609 4593
4029 4301 4302 4318
4029 4030 4302 4318
4267 3961 3978 3979
4540 4829 4812 4828
4540 4539 4829 4828
4540 4811 4812 4828
4540 4539 4811 4828
4540 4539 4811 4522
4540 4811 4812 4522
4540 4523 4812 4522
4540 4235 4524 4541
4540 4523 4235 4524
4540 4252 4235 4541
4813 4540 4829 4812
4813 4540 4523 4812
4813 4540 4523 4524
4813 4523 4795 4796
4813 4523 4795 4812
4813 4507 4524 4796
4813 4523 4507 4796
4813 4523 4507 4524
4814 4815 4542 4832
4814 4831 4542 4832
4814 4831 4542 4524
4814 4813 4524 4796
4556 4845 4573 4574
3911 3639 3621 3927
3911 3639 3928 3927
3911 3639 3622 3621
3911 4217 3928 3929
3911 3639 3928 3929
3911 3912 3623 3929
3911 3639 3623 3929
3911 3639 3622 3623
4505 4523 4811 4522
4505 4523 4811 4794
4505 4523 4795 4794
4288 4559 4270 4271
4846 4556 4845 4574
4846 4845 4574 4862
4846 4863 4574 4862
4846 4847 4574 4864
4846 4863 4574 4864
4848 4847 4558 4541
4848 4559 4558 4541
4848 4831 4542 4541
4848 4559 4542 4541
4848 4849 4831 4542
4848 4558 4865 4864
4848 4847 4558 4864
1966 1676 1982 1965
1966 1677 1676 1965
1966 1694 1676 1982
1966 1694 1677 1676
1966 1694 1982 1983
1966 1677 1965 1949
2793 3099 2811 2810
2793 2522 2811 2794
2793 2522 2811 2810
2793 2522 2505 2794
2793 2811 3083 2794
2793 3099 2811 3083
2793 3066 2777 2794
2793 3066 3083 2794
2793 2488 2505 2794
2793 2488 2777 2794
2793 2488 2776 2777
2521 2537 2810 2520
2521 2827 2810 2539
2521 2827 2537 2810
2521 2522 2810 2539
2521 2522 2233 2539
2521 2522 2232 2233
2557 2573 2574 2863
2557 2285 2574 2863
2557 2285 2268 2574
2557 2541 2558 2251
2557 2541 2540 2251
2557 2285 2558 2863
2557 2847 2558 2863
2557 2541 2847 2558
2557 2845 2846 2863
2557 2573 2845 2863
2557 2847 2846 2863
2557 2541 2847 2846
2192 2191 2481 2209
2192 2191 2175 2464
2192 2191 2481 2464
2208 2225 2497 2209
2208 2191 2497 2209
2208 2192 2191 2209
2208 2192 2191 1902
2208 2191 1902 2190
2208 2225 2497 2514
2208 2207 2479 2497
2208 2191 2479 2497
2208 2207 2479 2190
2208 2191 2479 2190
1899 1883 2189 1900
1899 1610 1916 1900
1899 1883 1611 1900
1899 1610 1611 1900
1833 1561 1850 1851
1833 2122 2123 2105
1833 2121 2122 2105
1834 2140 2123 1851
1834 1833 2123 1851
1834 1833 1561 1851
1834 1833 1561 1544
1834 1561 1851 1562
1834 1561 1544 1562
1834 1851 1852 1562
1834 2140 1851 1852
1834 1563 1852 1562
1256 1273 1274 1562
1256 1834 1545 1562
1256 1834 1544 1562
1256 1834 1544 1545
1256 1239 1545 1528
1256 1544 1545 1528
1256 1273 967 966
1256 1239 967 966
1815 1833 2121 2105
571 553 282 570
842 553 552 570
842 553 537 552
842 536 537 552
1064 1354 1336 1353
1064 1354 1336 1047
1064 1354 1082 1353
1064 1336 1353 1352
1064 1046 1047 758
1064 1046 1336 1047
1064 1354 1082 1065
1064 775 1063 1353
1064 775 1063 758
1064 775 758 776
1064 1063 1353 1352
1064 1046 1336 1352
1064 775 1082 776
1064 775 1082 1353
1064 1082 776 1065
1064 759 758 776
1064 759 1047 758
1064 1046 1063 1352
1064 1046 1063 758
1393 1681 1665 1375
1393 1681 1665 1682
1069 779 1086 797
1664 1681 1665 1375
1664 1935 1919 1936
1664 1681 1663 1375
1664 1919 1937 1936
1664 1681 1953 1663
1631 1919 1902 1630
764 1069 763 781
1391 1680 1390 1663
1391 1681 1663 1375
1391 1680 1681 1663
742 726 743 454
742 759 471 743
742 471 743 454
742 471 453 454
1030 740 758 1029
1030 741 1047 758
1030 741 740 758
1030 1046 758 1029
1030 1046 1047 758
1030 1319 1012 1029
1030 723 740 1029
1030 1012 723 1029
1030 1319 1046 1029
1030 1319 1046 1047
1030 1013 1012 723
1030 741 740 724
1030 741 1014 724
1030 1013 1014 724
1030 723 740 724
1030 1013 723 724
469 741 740 758
469 759 741 758
469 759 758 776
469 740 757 758
469 774 757 758
469 775 758 776
469 774 775 758
486 774 485 503
486 198 180 181
486 775 776 503
486 774 775 503
486 469 775 776
486 469 774 775
215 521 214 503
215 198 214 503
215 231 521 214
215 231 232 521
500 483 194 482
500 483 195 501
500 483 194 195
1080 775 1063 791
1080 775 1081 791
1080 775 1063 1353
1080 775 1081 1353
1080 1063 1353 1352
1080 1369 1353 1352
1080 1369 1063 1352
1080 1370 1369 1353
1080 1370 1081 1353
519 231 247 248
519 231 520 248
519 537 247 248
519 520 537 248
519 231 520 502
519 536 537 247
519 809 520 502
519 229 536 518
519 536 807 518
249 538 232 248
826 1116 1132 1115
826 538 520 537
811 505 506 794
811 1100 794 810
795 505 506 794
504 198 199 216
504 215 198 216
504 215 198 503
504 505 506 216
504 215 216 233
504 215 521 503
504 506 216 233
504 811 505 506
504 215 232 233
504 232 521 233
504 215 232 521
488 506 216 217
488 505 506 216
488 504 199 216
488 504 505 216
1389 1100 1405 1388
1389 1388 1372 1678
1389 1388 1372 1083
1389 1100 1388 1083
1084 1067 794 1083
1084 1100 794 1083
1084 795 1067 794
1084 1389 1100 1083
550 261 279 278
550 261 260 278
550 277 278 566
550 277 260 278
550 277 260 566
263 264 552 281
263 280 552 281
263 246 264 552
263 246 552 551
263 569 552 551
263 280 569 551
263 280 569 552
1437 1421 1149 1438
840 550 568 551
790 501 502 518
790 501 791 502
790 501 791 773
790 1063 791 773
790 1080 1063 791
790 1080 1079 1063
1062 1351 1063 1045
1062 1063 1045 773
1062 1351 1369 1063
1062 790 1063 773
1062 790 1079 773
1062 790 1079 1063
1062 1080 1369 1063
1062 1080 1079 1063
1062 1080 1079 1369
1286 1287 998 1576
1286 1270 998 980
1286 1270 1269 980
1286 1270 1269 1558
1286 1269 1558 1574
1286 1575 1558 1574
525 219 220 509
525 814 815 831
525 815 832 831
525 798 814 815
525 798 509 797
525 798 814 797
780 492 491 475
780 764 492 475
780 1069 779 797
780 1069 763 779
780 764 492 781
780 764 763 781
780 492 781 797
780 492 491 797
780 1069 781 797
780 1069 763 781
1087 798 781 797
1087 1069 781 797
1087 1069 781 1070
1087 1069 1086 797
1087 1069 1086 1070
1087 814 1086 797
1087 798 814 797
1087 814 1103 1086
1087 798 814 815
845 862 573 863
845 574 573 863
845 574 573 557
845 846 574 863
845 846 574 557
1155 1137 866 865
1155 1138 1137 866
3165 3454 3437 3164
1378 1633 1362 1651
1378 1650 1633 1651
1378 1361 1633 1362
1378 1650 1633 1649
2589 2571 2572 2878
2873 2874 2856 2584
3406 3678 3677 3389
1945 1944 1928 2234
1945 2235 1928 2234
1945 1946 2235 2234
1945 1946 1929 2235
1945 1640 1929 1928
1945 2235 1928 2218
1945 1929 1928 2218
1945 1929 2235 2218
1368 1062 1079 1369
1368 1062 1351 1369
1981 1964 1982 2270
1981 1964 1980 2270
1981 2271 1982 2270
1981 1998 2271 2270
1981 1980 2270 2286
1981 1998 2270 2286
2269 2557 2558 2251
2269 2557 2268 2251
2269 2557 2285 2558
2269 2557 2285 2268
2269 2252 2251 1963
2269 2252 2558 2251
2269 1980 2270 1963
2269 2285 2558 2286
2269 2558 2270 2286
2269 1980 2270 2286
2269 2252 2270 1963
2269 2252 2558 2270
1403 1404 1421 1693
1403 1404 1421 1115
1403 1421 1709 1693
1403 1404 1097 1115
2527 2510 2221 2509
2527 2510 2221 2238
2544 2833 2561 2834
2849 2544 2833 2561
2849 2866 2850 2561
2849 2833 2850 2561
2849 2848 2866 2576
2849 2831 2848 2576
2559 2271 2287 2270
2559 2287 2558 2576
2559 2287 2558 2270
2559 2252 2558 2270
2559 2849 2831 2576
2559 2849 2831 2542
2559 2847 2558 2576
2559 2541 2847 2558
2559 2541 2252 2558
2559 2541 2542 2252
2559 2831 2847 2576
2559 2541 2831 2542
2559 2541 2831 2847
1999 1998 2016 2288
1999 1998 2271 2288
1999 2000 2016 2288
1999 2271 2000 2288
1999 2000 2016 1711
1999 1727 2016 1711
1999 1981 1998 2271
1999 2000 1711 1983
1999 2271 2000 1983
1999 1726 1727 2016
1999 1981 2271 1982
1999 1981 1998 1709
1999 1982 1711 1983
1999 2271 1982 1983
1999 1726 1998 1709
1999 1726 2016 2015
1999 1998 2016 2015
1999 1726 1998 2015
1999 1982 1711 1693
1999 1981 1982 1693
1999 1981 1709 1693
1692 1964 1674 1675
1692 1980 1674 1691
1692 1964 1980 1674
1692 1981 1964 1980
1692 1964 1676 1675
1692 1676 1982 1693
1692 1964 1676 1982
1692 1981 1982 1693
1692 1981 1964 1982
1692 1981 1709 1693
1692 1403 1709 1693
1692 1403 1402 1709
3409 3408 3102 3391
3409 3103 3102 3391
3409 3392 3103 3391
2816 3106 3088 3105
2816 2833 3105 2815
2816 2527 2833 2815
2816 2833 3105 3122
2816 3106 3105 3122
2816 2798 3088 2799
2816 3088 2799 3089
2816 3106 3088 3089
2816 2833 2834 3122
2816 3106 2834 3122
2816 2798 2815 2509
2816 2527 2815 2509
2816 2798 2510 2799
2816 2798 2510 2509
2816 2527 2510 2509
3087 2798 2797 3070
3087 2798 2797 2815
3087 2797 3070 3086
3087 3103 2797 2815
3087 2798 3088 3070
3087 3392 3105 3376
3087 3392 3376 3086
3087 3103 2797 3086
3087 3392 3103 3086
3087 2816 2798 2815
3087 2816 2798 3088
3087 3088 3105 3376
3087 2816 3105 2815
3087 2816 3088 3105
3393 3392 3105 3376
2562 2579 2561 2578
1984 1712 2000 2001
1984 2273 2000 2001
1984 2002 2273 2001
1984 1712 2000 1983
1984 2273 2000 1983
1984 1712 2001 1713
1984 2002 2001 1713
1984 1712 1713 1406
1984 1694 1712 1406
1984 1694 1712 1983
1984 2273 1967 1983
1984 2273 1967 1968
1984 1966 1967 1983
2305 2306 2594 2288
2305 2306 2016 2288
2305 2577 2594 2288
2305 2577 2304 2594
2305 1998 2016 2288
2305 2577 2287 2288
2305 2577 2287 2304
2305 1998 2287 2288
2305 1998 2287 2304
2305 1998 2016 2015
2305 1998 2304 2015
2595 2594 2288 2578
2595 2306 2288 2578
2595 2306 2594 2288
2595 2884 2594 2578
2595 2884 2885 2578
2595 2579 2885 2578
2289 2306 2288 2578
2289 2306 2000 2288
2289 2562 2579 2578
2289 2595 2306 2578
2289 2273 2000 2001
2017 2306 2000 2016
2017 1712 2000 1711
2017 1728 1712 1711
2017 2000 2016 1711
2017 1727 2016 1711
2017 1728 1727 1711
1439 1712 1440 1729
1439 1728 1712 1729
1439 1728 1712 1422
1439 1150 1422 1438
516 226 515 243
516 498 226 499
516 498 226 515
516 498 515 804
802 496 801 513
802 496 497 513
822 1110 839 1111
822 1094 1110 1111
822 1094 1110 804
2301 2574 2591 2302
2301 2284 2574 2302
2301 2284 2300 2572
1696 1984 2002 1713
1696 1984 1713 1406
1696 1424 1713 1406
1696 1424 1407 1406
1696 1389 1407 1406
1696 1389 1390 1407
1696 1389 1679 1390
1371 1370 1354 1660
1371 1354 1082 1353
1371 1370 1354 1353
1371 1099 1388 1083
1371 1082 1099 1083
1371 1388 1372 1083
1371 1082 1083 1065
1371 1354 1082 1065
1371 1387 1099 1388
1371 1387 1677 1388
1371 1387 1370 1677
1371 1387 1370 1081
1371 1388 1372 1660
1371 1677 1388 1660
1371 1370 1677 1660
1371 1081 1082 1353
1371 1370 1081 1353
1371 1066 1372 1083
1371 1066 1083 1065
1371 1354 1066 1065
1371 1081 1082 1099
1371 1387 1081 1099
1371 1355 1372 1660
1371 1355 1354 1660
1371 1355 1066 1372
1371 1355 1354 1066
1385 1692 1402 1691
1385 1692 1403 1402
1385 1692 1674 1691
1385 1692 1674 1675
1098 1404 1116 1115
1098 1404 1116 1099
1098 826 1116 1115
1098 1404 1097 1115
1098 1387 1081 1099
1098 1404 1387 1099
1098 1081 1099 810
1098 809 1081 810
986 987 1276 1293
986 970 969 697
986 970 987 697
986 970 969 1276
986 970 987 1276
986 1004 987 697
986 1004 987 1293
1311 1295 1601 1583
1311 1295 1294 1583
1311 1601 1600 1583
1311 1600 1310 1583
1311 1294 1310 1583
1311 1617 1601 1600
1311 1022 1039 1327
717 428 411 427
717 701 411 718
717 428 411 718
717 428 718 735
717 1024 718 735
1038 1055 1037 1327
1038 1022 1039 1327
1038 1055 1039 1327
1038 731 748 1037
1038 748 1055 1037
1038 750 1022 733
1038 750 1022 1039
989 1261 1278 990
989 988 1261 1278
989 988 1261 971
989 972 1261 990
989 972 1261 971
1054 1055 1037 1326
1054 1326 1343 1344
1054 1055 1326 1344
1054 1361 1343 1344
1054 1361 1055 1344
1054 748 1055 765
1054 748 1055 1037
1054 1361 1071 1343
1054 1072 1071 765
1054 1072 1055 765
1054 1072 1361 1071
1054 1072 1361 1055
2126 2143 1837 2127
2126 2109 1837 2127
2126 2143 2433 2127
2126 2416 2433 2127
2126 2415 2416 2433
2381 2364 2074 2075
2108 1820 2109 1819
2108 1820 2109 1837
1854 2143 1837 1855
1854 2160 2143 1855
1854 1565 1548 1566
2704 2415 2687 2688
1360 1361 1071 1343
1360 1633 1649 1343
1360 1361 1633 1343
1360 1378 1633 1649
1360 1378 1361 1633
1345 1634 1633 1344
1345 1361 1633 1344
1345 1361 1633 1362
1345 1633 1362 1651
1345 1634 1633 1651
1345 1361 1056 1344
1345 1361 1362 1056
1345 1039 1056 1344
1345 1363 1362 1651
1922 1616 1633 1632
1922 1634 1616 1633
1922 1921 1632 1649
1922 1633 1632 1649
1922 1616 1904 1905
1922 1616 1632 1904
1922 1939 1633 1649
1922 1939 1921 1649
1922 1921 1632 1904
1922 1921 1904 1905
1922 1634 1633 1651
1922 1939 1633 1651
1922 1921 1905 2211
1922 1939 1921 2211
1922 2195 1905 2211
2465 2176 2177 2448
2465 2483 2176 2177
2465 2754 2483 2466
2465 2483 2176 2482
2465 2466 2177 2448
2465 2483 2466 2177
2737 2465 2466 2448
2737 2465 2754 2466
2737 2738 2720 3026
2737 2754 3026 2755
2737 2738 3026 2755
2737 2754 2466 2755
2737 2738 2466 2755
2772 2754 2466 2755
2772 2754 2483 2466
2772 2466 2755 2756
2772 2773 2755 2756
2772 3062 3061 2789
2772 3062 2789 2790
2772 3062 2773 2790
2788 2499 2805 2517
2788 2517 2789 2500
2788 2499 2517 2500
2214 2213 1924 2196
2214 2503 2197 2196
2214 2213 2503 2196
1635 1345 1363 1346
1635 1345 1617 1346
1635 1345 1617 1634
1635 1345 1363 1651
1635 1345 1634 1651
1635 1617 1618 1346
1906 1922 1616 1905
1906 1922 1634 1616
1906 1616 1599 1905
1906 1889 1599 1905
1906 1889 2195 1905
1906 1922 2195 1905
1906 1616 1600 1599
1906 1889 1600 1599
1906 1617 1616 1600
1906 1617 1634 1616
1906 1617 1618 1600
1906 1635 1617 1634
1906 1618 1600 1890
1906 1889 1600 1890
1906 1635 1924 1618
1906 1635 1617 1618
2178 2483 2194 2177
2178 2468 2485 2196
2178 2179 2468 2196
2178 1888 2194 2177
2178 2161 1888 2177
2178 2485 2212 2196
2178 2195 2194 2212
2178 1889 2195 2194
2178 2179 1889 2161
2178 1889 1888 2194
2178 1889 2161 1888
2178 2195 2212 2196
1907 1906 1924 2195
1907 1906 1889 2195
1907 1924 2195 2196
1907 2178 1889 2195
1907 2178 2179 1889
1907 2178 2195 2196
1907 2178 2179 2196
1907 2179 1889 1890
1907 1906 1889 1890
1907 1906 1618 1890
1907 1906 1924 1618
1907 1618 1890 1891
1907 2179 1890 1891
1329 1617 1618 1346
1329 1617 1618 1601
1329 1619 1618 1601
1329 1311 1617 1601
1329 1311 1022 1039
227 516 226 499
192 464 176 482
1620 1910 1909 1926
1620 1619 1603 1909
1620 1910 1603 1909
1943 1944 2232 1926
1943 1944 2232 2233
1639 1945 1640 1928
1639 1945 1944 1928
1962 1945 1944 2234
1962 1944 2250 2234
1962 2251 2234 1963
1962 2250 2251 2234
1962 2268 2250 2251
1962 2268 2250 1978
1962 1946 2234 1963
1962 1945 1946 2234
1962 1674 1946 1963
1962 2269 2251 1963
1962 2269 2268 2251
821 822 1110 839
821 516 515 804
821 822 1110 804
821 822 516 804
197 213 485 214
197 196 213 485
197 196 485 179
197 486 198 180
197 485 214 503
197 486 485 503
197 198 214 503
197 486 198 503
259 277 548 276
259 277 260 548
259 258 548 276
259 242 258 548
1268 1557 1558 1574
1268 1269 1558 1574
1268 1539 1557 1267
1268 1539 1250 1267
1268 1269 963 979
1268 1250 979 1267
1268 1269 979 1267
2423 2118 2407 2424
2423 2695 2407 2424
2423 2695 2407 2406
2423 2118 2424 2135
2423 2118 2134 2135
2423 2441 2424 2135
2423 2440 2441 2424
1662 1679 1390 1663
1662 1355 1372 1661
1662 1372 1678 1661
1662 1389 1679 1678
1662 1389 1679 1390
1662 1389 1372 1678
1612 1901 1595 1611
1612 1628 1611 1900
1612 1901 1611 1900
1338 1049 1066 1339
1338 1049 1321 1339
1338 1355 1066 1339
1338 1355 1627 1339
1338 1355 1354 1066
1338 1610 1627 1339
1338 1610 1321 1339
1338 1355 1627 1644
1338 1355 1354 1644
1338 1354 1337 1644
1338 1610 1626 1627
1338 1626 1627 1644
1338 1626 1337 1644
1338 1610 1626 1609
1338 1610 1321 1609
1338 1626 1337 1609
1338 1321 1337 1609
1305 1304 1287 1015
1305 1287 999 1015
1305 1304 1287 1593
1305 1594 1287 1593
1305 1034 1033 1016
1305 1594 1306 1289
1305 1288 999 1289
1305 1288 1287 999
1305 1594 1288 1289
1305 1594 1288 1287
1863 1573 1557 1574
1863 1846 1557 1574
1301 1319 1012 1318
1301 1319 1607 1318
1301 1012 1318 1011
1301 1318 1011 1300
1284 994 978 995
1284 994 1011 995
1284 994 1283 1011
1284 978 996 1267
1284 978 996 995
1284 1012 996 995
1284 1301 1012 996
1284 1012 1011 995
1284 1301 1012 1011
1284 1283 1011 1300
1284 1301 1011 1300
1540 1846 1829 1828
1540 1846 1557 1828
1540 1846 1557 1558
1540 1539 1557 1828
1540 1268 1539 1557
1540 1813 1829 1812
1540 1813 1541 1812
1540 1268 1557 1558
1540 1268 1541 1558
1540 1539 1523 1828
1540 1541 1523 1812
1540 1523 1828 1812
1540 1829 1828 1812
1845 1846 1557 1828
1845 1557 1556 1828
1845 2134 1829 1828
1845 1846 1829 1828
1845 1863 1846 1557
1845 1844 1556 1828
1845 1844 2134 1828
1845 2134 1829 2135
1845 1846 1829 2135
1845 1863 1846 2135
1845 1863 2152 2135
1845 1573 1557 1556
1845 1863 1573 1557
1845 1863 2152 1862
1845 1863 1573 1862
1845 1844 1572 1556
1845 1844 1572 1862
1845 1572 1573 1556
1845 1572 1573 1862
75 365 364 58
399 671 382 688
399 416 109 110
74 73 363 91
74 380 363 91
74 380 363 364
74 363 364 346
74 75 380 91
74 75 380 364
74 75 364 58
74 364 58 346
74 57 58 346
74 57 56 346
345 73 56 72
345 362 73 72
345 362 361 72
345 362 73 363
345 56 55 72
345 361 55 72
345 344 56 55
345 361 344 55
345 74 73 56
345 74 56 346
345 74 363 346
345 74 73 363
345 363 652 346
345 362 363 652
345 328 56 346
345 328 344 56
345 634 361 344
345 634 652 346
345 634 328 346
345 634 328 344
668 362 363 379
668 363 397 669
668 363 397 379
668 363 652 669
668 362 363 652
668 362 667 379
617 634 328 616
617 634 923 635
617 634 923 906
617 634 906 616
617 311 328 616
685 668 956 667
685 668 667 379
685 668 397 669
685 668 397 379
685 396 397 379
685 396 414 702
685 396 414 397
672 671 688 689
672 671 382 688
672 671 961 689
672 384 656 383
672 654 671 961
672 654 671 382
962 978 961 689
962 978 979 689
962 672 961 689
962 672 384 689
962 978 1250 961
962 978 1250 979
962 672 384 656
962 1250 944 961
962 673 384 656
962 674 963 979
1231 925 1213 1214
1231 941 925 1213
1231 1214 1519 1520
1231 1248 1519 1520
1231 941 925 942
1231 959 941 942
1231 959 1247 1248
1231 959 941 1247
1231 1215 925 1214
1231 1215 925 942
958 941 940 1247
958 941 940 652
958 685 668 669
958 668 652 669
958 668 940 652
958 670 652 669
958 941 670 652
958 959 941 670
958 959 941 1247
958 959 975 1247
1230 941 940 1247
1230 940 1213 1229
1230 941 940 1213
1230 1231 941 1247
1230 1231 941 1213
1230 940 1246 1229
1230 940 1247 1246
1230 1231 1248 1519
1230 1231 1247 1248
1230 1213 1502 1229
1230 1518 1246 1229
1230 1518 1502 1229
1230 1518 1519 1502
1230 1214 1519 1502
1230 1231 1214 1519
1230 1213 1214 1502
1230 1231 1213 1214
1235 1218 1217 1507
1235 1218 929 1217
1235 1234 929 1217
1235 1218 1508 1236
1235 1218 1508 1507
1235 1218 946 1236
1235 1218 946 929
1235 1525 1508 1236
1275 1565 1292 1581
1275 1565 1548 1276
1275 1565 1276 1293
1275 1565 1292 1293
1275 986 1276 1293
1275 986 1292 1293
400 399 110 94
400 399 416 110
400 399 416 688
400 399 382 688
400 399 382 94
400 382 383 94
400 672 382 688
400 672 382 383
400 384 401 383
400 706 688 689
400 672 384 383
400 672 688 689
400 672 384 689
1028 1045 756 1029
1028 1334 1046 1317
1028 1334 1046 1045
1028 739 756 1029
1028 1046 1045 1029
1028 1318 1011 1029
1028 1046 1318 1029
1028 1046 1318 1317
1028 1318 1317 1300
1028 1318 1011 1300
1028 1011 1299 1300
1025 719 1024 735
991 1280 1279 990
991 1280 1296 1279
991 719 701 702
991 1280 1262 990
465 464 176 482
465 464 447 176
430 141 429 413
430 141 429 158
430 447 429 158
430 429 718 413
430 719 718 413
738 433 739 450
738 1028 1027 756
738 1028 739 756
484 774 757 773
484 774 501 773
484 196 485 501
484 774 485 501
484 196 485 179
484 483 501 773
484 196 195 178
484 196 195 501
484 196 179 178
484 450 179 178
484 483 195 178
484 483 195 501
393 410 392 104
393 410 105 104
409 391 408 681
409 391 392 681
409 408 698 681
409 392 698 681
409 119 391 408
409 410 392 698
409 119 120 136
409 119 391 102
409 410 698 427
409 120 392 121
409 410 392 121
409 715 698 427
409 426 715 427
409 426 715 698
409 410 121 427
375 391 374 681
375 391 392 681
375 391 374 102
375 663 374 681
375 647 663 374
375 85 374 102
375 647 357 374
375 357 85 374
375 358 69 357
375 358 647 357
375 357 85 68
375 69 85 68
375 69 357 68
156 157 428 139
446 157 463 429
446 157 428 429
446 156 157 463
446 156 157 428
446 447 463 429
446 428 718 735
446 428 429 718
784 496 801 495
784 802 496 801
784 802 785 801
784 1073 785 801
479 497 480 190
479 496 497 190
479 802 496 497
479 784 802 496
479 784 802 785
445 750 461 733
445 156 173 463
445 446 156 463
445 446 156 428
209 498 226 208
209 498 226 499
786 479 802 785
786 479 497 480
786 479 802 497
1057 1345 1039 1056
1057 1345 1039 1346
1057 1345 1363 1346
1057 784 1073 1056
1057 784 1073 785
1057 1345 1362 1056
1057 1345 1363 1362
1057 1073 1362 1056
1232 1249 1250 1233
1232 1249 1250 960
1232 1250 944 1233
1232 1250 944 960
1232 1215 944 1233
1232 1249 1521 1233
1232 1249 1248 960
1232 1231 1248 1520
1232 1504 1521 1520
1232 1504 1521 1233
1232 1538 1521 1520
1232 1249 1538 1521
1232 1538 1248 1520
1232 1249 1538 1248
1232 1231 1215 942
1232 1215 1504 1233
1232 959 1248 960
1232 1231 959 1248
1232 959 942 960
1232 1231 959 942
1232 1504 1214 1520
1232 1231 1214 1520
1232 1215 1504 1214
1232 1231 1215 1214
76 348 365 59
76 365 59 58
76 75 365 58
684 701 411 412
684 411 412 395
684 396 412 395
684 701 702 412
684 396 702 412
684 685 396 702
684 396 379 395
684 685 396 379
684 667 379 395
684 685 667 379
398 415 109 108
398 380 397 108
398 414 397 108
398 415 414 108
398 380 397 669
398 415 416 109
398 399 416 109
398 399 416 688
398 415 703 414
142 125 141 413
142 125 431 413
142 430 141 413
142 430 431 413
142 431 143 126
142 125 431 126
665 970 953 971
665 953 954 971
665 375 392 681
1551 1534 1550 1262
1551 1263 1534 1262
1551 1263 1534 1552
1551 1840 1534 1550
1551 1840 1534 1552
1551 1263 1280 1262
1551 1263 1552 1280
1551 1840 1550 1568
1551 1550 1262 990
1551 1280 1279 990
1551 1280 1262 990
1551 1840 1857 1568
1551 1840 1552 1857
1551 1261 1279 990
1551 1261 1550 990
1551 1261 1279 1568
1551 1261 1550 1568
1823 1517 1805 1533
1823 1534 1517 1533
1823 1840 1534 1533
1536 1230 1518 1246
1536 1230 1518 1519
1536 1807 1518 1519
1536 1230 1247 1246
1536 1263 1247 1246
1536 1230 1248 1519
1536 1230 1247 1248
1282 1281 975 993
1282 1281 1299 993
1282 1554 1570 1571
1282 994 1299 993
1282 994 1283 1299
1282 1283 1588 1571
1282 1283 1588 1299
1282 1570 1588 1571
1265 1249 1538 1248
1265 1249 1248 960
1265 959 1248 960
1265 959 975 1248
1876 1587 1859 1860
1876 2148 1859 1860
1876 1858 2148 1859
1876 2165 2148 1860
1876 1894 2165 1860
1876 1894 2165 1893
1876 1894 1587 1860
1876 1894 1587 1893
1876 2165 1893 2181
1876 1587 1875 1892
1876 1587 1893 1892
1876 1875 2181 1892
1876 1893 2181 1892
1298 1281 1570 1297
1298 1281 1009 1299
1298 1587 1604 1297
1298 1587 1588 1604
1298 1587 1570 1297
1298 1587 1570 1588
1298 1282 1570 1588
1298 1282 1281 1570
1298 1282 1588 1299
1298 1282 1281 1299
992 703 1009 993
992 1281 1009 993
992 991 719 702
992 1281 975 993
1569 1858 1552 1859
1569 1858 1552 1857
1569 1570 1552 1859
1569 1587 1570 1859
1569 1876 1587 1859
1569 1876 1858 1859
1569 1587 1875 1586
1569 1551 1552 1857
1569 1875 1586 1857
1569 1858 1875 1857
1569 1587 1586 1297
1569 1587 1570 1297
1569 1876 1587 1875
1569 1876 1858 1875
1569 1586 1857 1568
1569 1551 1857 1568
1569 1551 1552 1280
1569 1570 1280 1297
1569 1570 1552 1280
1569 1586 1279 1568
1569 1551 1279 1568
1569 1551 1280 1279
1569 1586 1279 1297
1569 1280 1279 1297
2145 2162 2144 2451
2145 2162 2144 1856
2145 2416 2433 2127
2145 2433 1855 2127
2145 2144 2433 1855
2145 2144 1856 1855
1838 1567 1566 1260
1838 1549 1567 1260
1838 1549 1531 1260
1838 1567 1566 1855
1838 1548 1566 1260
1838 1548 1531 1260
1838 1549 1839 1567
1838 1854 1548 1566
1838 1854 1566 1855
1838 1854 1837 1855
1838 1837 1855 2127
1838 1567 1856 1855
1838 1839 1856 1855
1838 1839 1567 1856
1838 1839 1855 2127
1838 1548 1531 1837
1838 1854 1548 1837
1532 1244 1516 1533
1532 1549 1244 1533
1532 1244 1516 1226
1532 1244 1243 1226
1532 1549 1244 1243
1532 1243 1225 1226
1532 1549 1243 1531
1532 1243 1225 1242
1532 1514 1225 1242
1532 1243 1531 1242
1532 1514 1531 1242
452 435 434 724
452 435 453 724
452 740 434 724
452 451 740 434
452 146 451 434
452 146 435 434
452 146 435 453
452 741 453 724
452 741 740 724
452 146 451 163
452 469 741 740
452 146 164 163
452 146 164 453
417 433 145 144
417 433 145 434
417 433 723 434
417 706 723 434
417 400 416 688
417 400 706 688
432 143 126 144
432 431 143 126
432 415 431 126
432 417 433 144
432 127 126 144
432 415 127 126
432 415 431 703
432 415 127 416
432 417 127 144
432 417 127 416
97 370 98 80
690 419 707 691
690 419 401 691
690 673 401 691
690 673 384 401
690 706 995 689
690 706 707 995
690 400 384 689
690 400 706 689
690 707 691 980
690 673 674 691
690 979 995 689
690 962 979 689
690 962 384 689
690 674 979 980
690 674 691 980
690 996 979 980
690 707 996 980
690 962 674 979
690 962 673 674
690 962 673 384
690 996 979 995
690 707 996 995
385 673 656 368
385 384 656 383
385 673 384 656
385 384 401 383
385 673 384 401
385 402 96 401
385 673 402 401
200 488 182 199
200 488 216 217
200 488 199 216
1031 1049 760 743
1031 759 760 743
1031 742 759 743
1031 759 741 1047
1031 1304 1014 1015
1031 742 741 1014
1031 742 759 741
1031 1030 741 1047
1031 1030 741 1014
1031 726 743 1015
1031 742 726 743
1031 726 1014 1015
1031 742 726 1014
130 436 147 131
130 436 435 147
130 436 419 435
437 149 131 148
437 436 131 148
437 436 454 148
437 436 726 454
437 132 149 131
437 420 436 726
437 420 726 710
709 693 999 998
709 693 999 710
709 420 710 692
709 999 710 1015
709 693 710 692
709 1287 999 1015
709 1287 999 998
709 726 710 1015
709 420 726 710
709 693 692 981
709 693 998 981
709 691 692 981
709 420 691 692
709 726 708 1015
709 420 726 708
709 420 708 691
709 998 981 980
709 691 981 980
709 708 691 980
403 132 114 131
403 437 436 131
403 437 420 436
403 402 691 692
403 420 691 692
403 130 114 131
403 420 436 419
403 419 402 691
403 420 419 691
403 130 436 131
403 130 436 419
1001 1000 1290 984
1001 1000 984 712
1001 713 984 712
727 744 728 1016
727 1000 999 710
727 744 726 1016
727 999 710 1015
727 726 1015 1016
727 726 710 1015
727 1305 1015 1016
727 1305 999 1015
1252 964 946 963
1252 964 1270 963
1252 1235 946 1236
1252 1235 1525 1236
1252 1235 1541 1525
1252 1268 1541 1558
1252 1270 1269 963
1252 1268 1269 963
1252 1270 1269 1558
1252 1268 1269 1558
782 1072 1071 765
782 1072 800 799
782 1072 1088 799
782 1072 1071 1088
817 1105 1088 799
817 800 1088 799
817 511 800 799
817 511 818 800
477 189 188 205
477 189 205 495
477 460 189 188
477 187 188 205
477 187 205 204
477 187 493 204
477 205 493 204
172 189 173 461
172 460 189 461
172 460 189 188
172 445 173 461
206 496 207 224
206 189 205 495
206 496 207 190
221 510 511 238
221 222 511 238
221 222 510 511
494 510 493 204
494 222 205 204
494 205 493 204
494 221 510 204
494 221 222 204
494 221 222 510
494 222 510 511
494 782 510 493
494 511 800 799
494 510 511 799
494 477 205 495
494 477 205 493
494 782 510 799
494 782 800 799
547 275 564 548
547 275 258 548
547 546 257 258
547 275 274 564
547 275 258 274
547 565 564 548
547 837 565 548
547 837 565 564
547 257 258 274
547 546 257 563
547 274 564 563
547 257 274 563
223 529 222 239
223 206 496 224
2044 1739 2028 1738
2044 1756 1739 1738
2044 1756 1739 2028
2044 1756 2045 2028
2044 2028 1738 2027
2044 2045 2028 2027
2044 1756 1755 1738
2044 2061 2045 1773
2044 1756 2045 1773
2044 1755 2061 1772
2044 1756 1755 1772
2044 2061 1772 1773
2044 1756 1772 1773
2316 2045 2028 2027
2316 2317 2045 2028
2642 2931 2643 2626
2642 2641 2913 2625
2661 2660 2372 2678
2661 2662 2372 2678
2661 2644 2933 2645
2661 2949 2660 2643
2676 2965 2966 2693
2676 2966 2677 2693
2676 2660 2966 2677
2676 2949 2660 2966
2339 2321 2322 2628
2339 2338 2321 2628
1505 1488 1199 1487
1489 1505 1488 1199
1472 1165 1166 893
1472 1165 1182 893
1472 1165 1471 1182
1472 1455 1165 1166
1472 1182 893 1199
1472 1471 1182 1199
1472 1455 1165 1454
1472 1165 1471 1454
1472 1455 1471 1454
1472 1488 1471 1199
1472 1489 1488 1199
1761 1455 1743 1744
1761 1455 1743 1471
1761 1743 1471 1760
1761 1488 1471 1760
1761 1472 1488 1471
1761 1472 1455 1471
1761 1472 1489 1488
1181 1470 1453 1164
1181 1470 1182 1164
1181 1469 1470 1453
1181 1469 1453 1452
1181 1469 1470 1487
1181 1470 1471 1487
1181 1470 1471 1182
1181 1471 1199 1487
1181 1471 1182 1199
1524 1813 1541 1812
1524 1813 1541 1525
1524 1235 1508 1507
1524 1235 1525 1508
1524 1235 1541 1525
1524 1541 1523 1812
1524 1235 1541 1523
1776 1469 1470 1487
1776 1470 1760 1487
1776 1470 1759 1760
1776 2047 2065 2048
1776 1759 2047 2048
1776 2066 1759 1760
1776 2066 2065 2048
1776 2066 1759 2048
1180 873 1179 1162
1198 1181 1469 1487
1198 1215 1504 1214
1198 1505 1793 1487
1198 1505 1504 1793
1198 1505 1199 1487
1198 1181 1199 1487
2352 2641 2624 2625
2352 2642 2641 2625
2352 2642 2641 2658
2352 2642 2370 2658
2335 2624 2317 2318
2335 2624 2318 2625
2335 2352 2624 2625
2335 2029 2317 2318
2335 2029 2046 2045
2335 2336 2318 2625
2335 2352 2336 2625
2335 2029 2317 2028
2335 2317 2045 2028
2335 2029 2045 2028
2335 2029 2336 2318
2335 2029 2046 2336
2355 2354 2371 2643
2355 2354 2338 2643
2355 2338 2643 2644
2355 2354 2066 2371
2355 2354 2066 2338
2355 2661 2643 2644
2355 2660 2371 2643
2355 2661 2660 2643
2355 2660 2371 2372
2355 2661 2660 2372
2914 2608 2626 2625
2914 2642 2626 2625
2914 2642 2931 2626
2914 2931 2626 2915
2914 2608 2626 2915
2914 2642 2913 2625
2914 2642 2931 2913
2914 2624 2913 2625
2914 2931 3203 2913
2914 2931 3203 2915
3205 3204 3187 2915
3205 2899 3187 2915
2900 2901 2611 2917
3219 2947 3218 2929
2964 2946 2674 2658
2964 2675 2674 2658
2964 2963 2946 2674
2964 2963 2947 2946
2964 2676 2675 2693
2964 2676 2965 2693
1177 871 1159 1160
1177 888 887 870
1177 1159 887 870
1177 1178 1466 1160
1177 1178 889 1160
1177 871 889 1160
1177 871 888 889
1177 871 1159 870
1177 871 888 870
1177 1195 888 889
1177 1178 1195 889
1177 1195 888 1194
1177 1178 1483 1466
1177 1483 1195 1194
1177 1178 1483 1195
1449 1159 1448 1465
1449 1448 1737 1465
1449 1755 1737 1465
1449 1755 1466 1465
1449 1177 1466 1160
1449 1177 1466 1465
1449 1177 1159 1160
1449 1177 1159 1465
1449 1466 1450 1160
1449 1755 1737 1738
1449 1755 1466 1738
1449 1466 1450 1738
1175 1159 887 1158
1175 1159 1448 1158
1175 1159 1448 1465
1175 886 1174 1158
1175 886 887 1158
1175 1447 1448 1158
1175 1447 1174 1158
1175 903 886 1174
1175 903 886 887
1175 1481 1174 1192
1175 903 1174 1192
1175 903 887 1192
2112 2095 2383 2384
1193 1499 1483 1194
1193 1175 1481 1465
1193 1175 887 1192
1193 1499 1481 1192
1193 1175 1481 1192
904 632 920 614
904 921 632 920
904 632 615 614
904 903 920 614
904 615 598 614
904 903 598 614
904 903 887 598
904 903 920 1192
904 903 887 1192
904 888 615 598
904 888 887 598
904 1193 887 1192
633 632 361 650
633 921 632 650
633 634 361 344
633 921 939 650
633 921 922 939
633 634 344 616
633 343 361 344
633 343 632 361
633 344 615 616
633 904 632 615
633 904 921 632
633 634 906 616
633 634 906 922
633 343 344 615
633 343 632 615
1774 1757 1485 1773
1774 1485 1773 1484
1774 1790 1773 1484
1468 1451 1452 1740
1468 1756 1451 1740
1468 1757 1756 1740
1468 1756 1451 1467
1468 1757 1756 1467
1468 1451 1452 1162
1468 1179 1451 1162
1468 1180 1469 1452
1468 1757 1469 1485
1468 1178 1451 1467
1468 1178 1179 1467
1468 1178 1179 1451
1468 1485 1179 1467
1468 1757 1485 1467
1468 1180 1452 1162
1468 1180 1179 1162
1468 1180 1196 1179
1468 1180 1469 1196
1468 1196 1485 1179
1468 1469 1196 1485
2063 1757 2046 2047
2063 2336 2064 2047
2063 2046 2336 2047
2063 2335 2046 2336
2063 1757 2046 1773
2063 1774 1757 1773
2063 2352 2336 2064
2063 2335 2352 2336
2063 1774 2062 2080
2063 1774 2062 1773
2063 2335 2352 2062
2063 2335 2046 2045
2063 2335 2062 2045
2063 2046 2045 1773
2063 2062 2045 1773
943 1215 942 926
943 654 638 926
943 654 942 926
943 1232 1215 942
943 1232 1215 944
943 1232 942 960
943 1232 944 960
943 944 960 961
943 654 671 961
943 654 671 942
943 671 960 961
943 671 942 960
927 1234 944 928
927 638 910 928
927 638 910 926
927 943 1215 926
927 943 1215 944
927 943 638 926
1827 1844 1538 1826
1827 1538 1521 1828
1827 1810 1538 1521
1827 1538 1556 1828
1827 1844 1556 1828
1827 1844 1538 1556
1827 1844 2134 1828
1827 1811 1521 1828
1827 1810 1811 1521
1827 2100 1810 1811
1464 1447 1448 1736
1464 1754 1448 1736
1464 1754 1753 1736
1464 1175 1447 1448
1464 1735 1447 1736
1464 1735 1753 1736
1464 1754 1448 1465
1464 1175 1448 1465
1464 1735 1752 1753
1464 1481 1754 1465
1464 1175 1481 1465
1464 1175 1481 1174
1464 1175 1447 1174
1464 1735 1447 1446
1464 1735 1752 1446
1464 1447 1446 1174
2057 2074 2058 2346
2057 2058 1752 1768
2057 1751 1752 1768
2057 2058 1752 2040
2057 1751 1752 2040
1785 2074 2058 2075
1785 1786 2058 2075
1785 1803 1786 2075
1785 1786 2058 1768
1785 2057 2058 1768
1785 2057 2074 2058
1785 1786 1496 1768
1785 1786 1496 1497
1785 1803 1786 1497
1785 1496 1513 1497
1785 1803 1513 1497
1769 2058 1752 1768
1769 1786 2058 1768
1769 1464 1752 1753
1207 1208 935 1224
1207 1208 935 918
1207 1208 918 1190
1207 1496 1497 1224
1207 1208 1497 1224
1191 919 1209 1192
1191 1208 919 1209
1191 901 885 1190
1191 903 1174 1192
1191 903 1174 885
1191 1481 1174 1192
1191 1173 885 1190
1498 1499 1209 1226
1498 1499 1516 1226
1498 1499 1481 1209
1788 1516 1500 1805
1788 1499 1516 1500
1788 1498 1499 1516
1788 1498 1787 1516
2076 1803 1786 2075
2076 1787 1803 1786
2076 1786 2058 2075
2076 2364 2058 2075
2076 1769 1786 2058
324 613 341 325
324 613 323 341
324 35 341 325
324 18 35 325
324 323 306 34
324 51 35 34
324 51 323 34
324 18 35 34
324 51 52 35
324 52 35 341
324 51 52 341
324 51 323 340
324 323 340 341
324 51 340 341
324 17 306 34
324 17 18 34
324 17 18 306
902 613 629 612
902 613 630 629
902 629 918 612
902 630 629 918
902 901 918 612
902 630 919 918
902 901 596 612
902 613 596 612
902 630 919 920
902 613 630 920
902 903 613 596
902 903 613 920
902 901 596 885
902 903 596 885
902 1208 919 918
902 1191 1208 919
902 919 920 1192
902 903 920 1192
902 1191 901 885
902 1191 903 885
902 901 918 1190
902 1208 918 1190
902 1191 901 1190
902 1191 1208 1190
902 1191 919 1192
902 1191 903 1192
1 290 18 0
1814 1524 1508 1507
1814 1524 1525 1508
1814 1524 1813 1525
1799 1798 2087 1781
1799 1798 1510 1781
1799 2088 2105 1800
1799 2071 1782 1781
1799 2088 2089 1800
1799 2071 2088 2089
1799 1782 1510 1800
1799 1782 1510 1781
2393 2121 2122 2105
2393 2121 2122 2410
2136 1846 2118 2135
2136 2118 2408 2135
2136 2425 2153 2135
2136 2425 2408 2135
2136 2425 2137 2153
2136 2425 2137 2408
1238 1221 1528 1222
1238 1239 1528 1222
1238 1239 933 1222
1238 933 932 1222
1238 1221 932 1222
1238 948 933 932
1238 1239 933 949
1238 948 933 949
1238 1221 1220 932
1238 948 1220 932
1238 948 1254 966
1238 1239 949 966
1238 948 949 966
1187 1477 1171 1460
1187 1477 1171 1188
1187 899 1171 1188
882 899 883 593
882 1187 1171 881
882 1187 899 881
882 1187 899 1171
882 899 883 1172
882 899 1171 1172
610 882 899 593
610 882 899 881
610 899 611 593
610 321 611 593
900 899 883 1189
900 899 611 883
900 899 1188 1189
900 610 611 628
900 610 899 611
900 610 899 1188
2905 2633 2923 2906
2905 2633 2923 2922
2905 2923 3194 2922
2905 3194 2922 2904
2905 3195 2923 2906
2905 3195 2923 3194
2905 2633 2617 2906
2905 2921 2922 2904
2905 2633 2921 2922
2360 2071 2089 2361
2360 2071 2088 2089
2360 2071 2088 2359
2360 2071 2054 2361
2360 2071 2054 2359
2360 2650 2632 2361
2360 2650 2649 2632
2360 2054 2632 2361
2360 2343 2649 2632
2360 2343 2649 2359
2360 2343 2054 2632
2360 2343 2054 2359
2631 2937 2649 2921
2631 2343 2649 2921
2631 2343 2921 2615
2631 2343 2325 2342
2631 2341 2325 2342
2631 2613 2919 2630
2631 2341 2613 2630
3483 3211 3194 3193
3483 3211 3195 3484
3483 3211 3195 3194
3483 3501 3211 3484
3517 3229 3212 3228
3517 3211 3212 3228
3517 3211 3516 3228
3517 3516 3245 3228
3517 3229 3245 3228
3517 3501 3211 3212
3517 3516 3245 3806
3783 4073 4090 3784
3189 2901 3207 3190
3189 3206 2917 3207
3189 2901 2917 3207
3189 2900 3206 2917
3189 2900 2901 2917
3495 3189 3206 3478
3495 3189 3206 3207
3495 3189 3190 3478
3495 3189 3207 3190
3495 3479 3190 3478
3835 3836 3853 4124
3835 3836 3853 3546
3835 4125 4107 4124
3835 4125 3836 4124
3835 4125 3836 4107
2697 2715 2714 2408
2697 2715 2714 2986
3276 3275 3292 3564
3276 3582 3565 3564
3276 3292 3582 3564
3276 3292 3582 3293
3276 3566 3548 3565
3276 3566 3260 3548
3279 2974 3263 2991
3279 3296 3007 2991
3279 3296 3007 3585
3279 3007 3278 3585
3279 3262 3278 2989
3279 3007 3278 2989
3279 3551 3262 3263
3279 3568 3278 3585
3279 3551 3568 3550
3279 3551 3262 3550
3279 3568 3278 3550
3279 3262 3278 3550
2955 3244 3262 2956
2955 3244 2972 3262
3243 2955 3244 2972
2918 2917 3207 2935
2918 2629 2917 2935
2918 2901 2917 3207
2918 3208 3207 3190
2918 2901 3207 3190
2918 3208 3191 3190
2918 2629 2917 2612
2918 2901 2917 2612
2918 2629 2630 2612
2918 2613 2630 2612
2918 2613 2919 2630
3209 3208 3497 3514
3209 3498 3515 3514
3209 3498 3497 3514
3209 3498 3499 3515
3209 3497 3191 3481
3209 3208 3497 3191
3209 3498 3499 3481
3209 3498 3497 3481
3496 3191 3190 3480
3496 3208 3191 3190
3496 3479 3190 3480
3496 3497 3191 3480
3496 3208 3497 3191
3496 3208 3207 3190
3496 3479 3786 3480
3496 3497 3786 3480
3496 3495 3207 3190
3496 3495 3479 3190
3496 3785 3479 3786
3496 3208 3497 3514
3496 3495 3785 3479
3496 3497 3786 3514
1796 1814 1524 1507
1796 1814 1524 1813
1796 1524 1813 1812
2053 1764 2035 2036
2053 2325 2035 2036
2053 1764 2052 2035
2053 2325 2054 2036
2053 2341 2325 2342
2053 2054 2359 2342
2053 1765 2054 2036
2053 1764 1765 2036
2053 2341 2052 2342
2053 2341 2052 2035
2053 2343 2054 2342
2053 2343 2325 2342
2053 2343 2325 2054
2053 2325 2035 2324
2053 2341 2035 2324
2053 2341 2325 2324
2051 2034 2035 2324
2051 2341 2035 2324
2051 2034 2323 2324
2051 2341 2323 2324
2051 2341 2052 2035
2051 2034 2052 2035
2051 2034 2050 2052
2051 2034 2323 2322
2051 2034 2050 2033
2051 2339 2050 2033
2051 2034 2322 2033
2051 2339 2322 2033
2951 2968 3240 2952
2951 2968 3239 3240
2951 3239 3240 2933
2951 2934 3240 2933
2951 2934 3240 2952
2951 2934 2933 2645
2951 2934 2952 2645
2951 2952 2662 2645
2951 2661 2662 2678
2951 2661 2933 2645
2951 2661 2662 2645
2083 2066 2371 2065
2083 2355 2066 2371
2083 2100 2371 2372
2083 2355 2371 2372
2083 1811 1795 2101
2083 2100 1811 2101
2386 2370 2675 2658
2386 2675 2674 2658
2679 2389 2695 2407
2679 2391 2697 2407
2679 2391 2697 2680
2679 2968 2984 2985
2679 2968 2680 2985
2679 2389 2695 2678
2679 2391 2680 2662
2679 2389 2662 2678
2679 2968 2680 2662
2679 2951 2662 2678
2679 2951 2968 2678
2679 2951 2968 2662
2405 2694 2695 2677
2405 2695 2406 2677
2731 2749 2442 2732
2731 2748 2749 2732
2731 2748 2749 2442
2731 3020 2714 2732
2731 2425 2442 2730
2731 2425 2714 2730
2731 2425 2442 2732
2731 2425 2714 2732
2731 3020 2748 3036
2731 2748 3021 2732
2731 3020 3021 2732
2731 3020 2748 3021
2731 2747 3036 2730
2731 2748 2747 3036
3039 3022 3038 2733
3039 2750 3038 2733
3039 2750 3040 2733
3039 3023 3040 2733
3039 3022 3023 2733
3039 2750 3040 3057
3039 3022 3310 3038
3039 2750 3056 3057
3039 2750 3056 3038
3039 3023 3329 3040
3039 3022 3023 3311
3039 3328 3056 3057
3039 3328 3056 3038
3039 3329 3040 3057
3039 3328 3329 3057
3039 3310 3327 3038
3039 3328 3327 3038
3039 3328 3310 3327
3039 3328 3310 3311
3039 3022 3310 3311
3039 3312 3023 3329
3039 3312 3328 3329
3039 3312 3023 3311
3039 3312 3328 3311
3019 2729 3036 2730
3019 2731 3036 2730
3019 2731 3020 3036
3019 3308 3020 3036
3019 2713 2714 2730
3019 2731 2714 2730
3019 2731 3020 2714
3019 3308 3020 3003
3019 2713 2714 3003
3019 3020 2714 3003
2151 2152 2441 2135
2151 2423 2441 2135
2151 2423 2134 2135
2151 1845 2134 2135
2151 1845 2152 2135
2151 2423 2440 2441
2151 1845 2152 1862
2151 2152 2457 2441
2151 2440 2457 2441
2151 1845 1844 1862
2151 1845 1844 2134
2151 2440 2457 2167
2151 1844 2134 2150
2151 2150 2167 2456
2151 2440 2167 2456
2151 2440 2150 2456
1542 1252 1270 1558
1542 1252 1541 1558
1542 1252 1541 1525
44 316 28 45
44 316 27 28
44 316 26 27
606 334 318 317
606 334 318 335
606 301 300 317
606 301 318 317
319 320 337 31
319 336 47 335
319 48 337 31
319 48 336 337
319 336 625 335
319 336 337 625
319 337 625 608
319 48 47 31
319 48 336 47
30 29 318 12
30 13 302 12
30 302 318 12
30 319 302 318
30 319 13 302
30 29 318 335
30 319 318 335
30 319 13 31
30 319 47 335
30 319 47 31
30 46 47 335
30 46 29 335
1458 1475 1747 1746
1458 1457 1475 1746
898 880 881 608
898 610 881 608
898 610 915 608
898 610 899 881
898 1187 899 881
898 610 915 1188
898 610 899 1188
898 915 914 1204
898 1186 914 1204
898 1187 1186 1204
898 1187 899 1188
898 915 1188 1204
898 1187 1188 1204
605 622 621 894
605 622 316 621
605 604 621 894
605 588 604 894
605 604 315 621
605 316 315 621
605 622 316 334
605 588 299 604
605 299 604 315
605 299 316 315
605 588 895 894
605 316 334 317
605 606 334 317
605 299 316 317
605 606 300 317
605 588 299 300
605 299 300 317
640 639 350 368
640 622 639 350
640 639 368 657
640 641 368 657
640 641 368 369
640 641 352 369
640 641 930 929
640 639 929 657
640 641 929 657
911 622 910 894
911 622 910 928
911 929 1217 928
911 912 929 1217
911 639 929 928
911 622 639 928
911 640 639 929
911 640 622 639
879 878 1184 895
879 896 1184 895
879 878 1184 1168
897 625 914 913
897 896 625 913
897 898 1186 914
897 879 880 590
897 879 896 590
897 915 625 608
897 915 625 914
897 898 880 608
897 898 915 608
897 898 915 914
351 62 63 45
351 352 63 45
351 352 334 45
351 62 63 369
351 352 63 369
351 640 352 334
351 640 352 369
351 62 368 369
351 640 368 369
351 640 350 368
351 640 622 350
351 640 622 334
60 348 59 43
60 349 348 43
60 76 348 59
366 349 638 350
366 349 638 637
366 654 638 637
366 349 348 637
366 672 656 383
366 348 365 637
366 654 365 637
366 77 382 383
366 672 382 383
366 672 654 382
366 654 365 382
366 60 349 348
366 76 348 365
366 60 76 348
366 76 77 382
366 76 365 382
366 60 76 77
931 930 625 914
931 930 1220 914
931 1220 914 932
931 915 914 932
931 915 625 914
931 915 932 626
931 915 625 626
931 643 932 626
931 948 1220 932
931 948 643 932
931 930 1220 947
931 948 1220 947
931 641 930 947
1201 912 1184 913
1201 1202 1184 913
1201 1218 1217 1507
1201 1218 912 1217
1201 1219 1218 1507
1201 1219 1202 913
1201 1218 912 913
1201 1219 1218 913
313 602 296 314
313 601 602 296
313 24 296 314
313 331 24 314
313 601 296 295
313 331 41 24
313 331 41 330
313 7 296 295
313 23 7 295
313 23 7 24
313 7 24 296
313 23 24 40
313 41 24 40
313 41 330 40
584 601 585 295
636 654 637 653
636 654 926 637
636 347 637 653
636 654 942 653
636 654 942 926
636 347 635 653
636 618 347 635
636 925 942 653
636 925 942 926
636 925 635 653
620 331 332 603
620 331 332 637
620 332 621 603
620 638 332 637
620 638 332 621
620 638 910 621
620 892 602 603
620 638 926 637
620 638 910 926
620 604 621 603
620 892 604 603
620 604 910 621
620 892 604 910
620 636 926 637
38 327 22 21
38 327 37 21
38 327 328 22
38 39 328 22
38 327 328 344
38 328 344 56
38 39 328 56
38 343 344 55
38 343 37 55
38 343 327 344
38 343 327 37
38 344 56 55
359 649 631 360
359 649 377 360
359 377 70 360
359 342 70 360
359 342 631 360
359 358 647 631
359 647 648 631
359 649 648 631
359 358 342 631
359 375 358 647
359 342 70 53
359 358 70 53
359 358 342 53
359 87 377 70
359 358 69 70
359 375 358 69
359 87 69 70
326 327 615 310
326 343 327 615
326 309 615 310
326 327 37 310
326 343 327 37
326 309 615 614
326 343 615 614
326 309 20 310
326 37 20 310
326 309 325 614
326 36 37 20
326 342 325 614
326 343 342 614
326 36 19 20
326 19 309 20
326 19 309 325
326 36 19 325
326 36 342 325
326 36 54 37
326 36 54 342
326 343 54 37
326 343 54 342
183 456 184 473
183 201 184 473
183 200 201 473
183 200 488 182
439 440 151 423
439 151 134 423
761 744 743 1016
761 1049 760 743
455 471 165 454
455 183 166 165
455 183 456 166
455 166 165 148
455 165 454 148
455 183 182 165
455 182 471 165
455 166 149 148
455 437 454 148
455 437 149 148
167 183 456 184
167 183 456 166
677 678 949 660
677 678 695 967
677 678 949 967
677 965 949 660
677 949 967 966
677 967 966 983
677 695 967 983
677 965 949 966
677 693 982 983
677 965 693 982
677 982 966 983
677 965 982 966
694 406 423 712
694 406 695 712
694 1000 695 712
694 1000 695 983
694 677 695 983
694 677 404 693
694 1000 693 710
694 1000 693 983
694 677 693 983
1577 1594 1865 1576
1577 1594 1288 1576
1577 1883 1865 1866
1577 1594 1883 1865
1577 1867 1850 1866
1577 1867 1883 1866
1577 1867 1561 1850
1577 1594 1883 1595
1577 1867 1883 1595
1885 2191 1902 2190
1885 1901 1902 2190
1885 2191 2174 2175
1885 2192 1902 1903
1885 2192 2191 1902
1885 2192 1903 2175
1885 2192 2191 2175
592 880 881 608
592 610 881 608
592 610 882 593
592 610 882 881
338 66 356 355
338 48 320 49
338 48 320 337
338 32 320 49
338 321 32 320
338 66 49 50
338 66 356 50
338 32 49 50
305 321 304 594
305 321 611 594
305 321 304 15
33 338 32 50
371 643 661 660
371 643 353 660
371 370 353 660
371 355 372 661
371 370 81 353
371 82 81 353
371 82 353 65
371 83 355 372
371 82 83 65
371 66 83 65
371 66 355 65
371 66 83 355
659 641 658 947
659 931 948 643
659 643 949 660
659 948 643 949
659 643 353 660
659 965 658 947
659 948 965 947
659 931 948 947
659 931 641 947
659 965 949 660
659 948 965 949
659 370 353 660
659 641 370 353
659 641 370 658
642 931 930 625
642 931 641 930
642 336 625 335
642 352 336 335
642 352 336 353
642 641 352 353
642 931 625 626
642 337 625 626
642 336 337 625
642 931 643 626
642 659 641 353
642 659 931 641
642 659 643 353
642 659 931 643
390 101 372 84
390 373 372 84
390 407 406 679
390 407 101 406
390 678 406 679
390 101 100 372
390 101 100 406
645 644 355 661
645 373 355 661
645 373 356 355
1002 713 984 696
1002 985 984 696
1002 1001 713 984
1002 985 984 1274
1002 1001 713 1019
1002 1001 1290 984
1002 984 1273 1274
662 645 373 661
662 373 372 661
662 678 372 661
662 390 678 679
662 390 373 372
662 390 678 372
1257 1239 968 951
1257 1240 1239 951
1257 1239 968 967
1257 1256 1239 967
1257 1240 1239 1545
1257 1256 1239 1545
1257 1256 1273 967
1257 1256 1273 1274
1257 985 1273 967
1257 985 968 967
1257 985 1273 1274
1511 1801 1494 1800
1511 1512 1801 1494
1511 1512 1801 1529
1511 1510 1494 1800
1511 1512 1494 1222
1511 1510 1528 1222
1511 1510 1494 1222
1511 1512 1240 1529
1511 1240 1528 1222
1511 1512 1240 1222
1511 1240 1545 1528
1511 1240 1545 1529
1205 1223 1494 1222
1205 1206 1223 1494
1205 1477 1206 1494
1205 1477 1206 1188
1205 1221 932 1222
1205 1221 932 1204
1205 1510 1494 1222
1205 1221 1510 1222
1835 2124 2140 1852
1835 1834 2140 1852
1835 2124 2140 2123
1835 1834 2140 2123
1835 2124 2107 2123
1818 2106 1801 2107
1818 2106 2107 2123
1818 1511 1801 1529
1818 1835 2107 2123
1818 2106 1801 1800
1818 1511 1801 1800
2413 2430 2124 2429
2413 2430 2701 2429
2413 2430 2702 2701
1783 1477 1478 1495
1783 1784 1494 1495
1783 1477 1494 1495
1783 1477 1782 1494
1783 1782 1494 1800
1783 1801 1494 1800
1783 1801 1784 1800
1783 1801 1784 1494
1766 1749 1477 1460
1766 1783 1477 1782
1766 1749 2038 1748
1766 2038 2037 1748
1766 1765 2037 1748
1766 2038 2055 2037
1766 1765 2055 2037
1766 2056 2038 2055
1766 2071 1765 2055
1766 2071 1782 1765
1766 1749 2038 1750
1766 2056 2038 1750
2616 2633 2617 2634
2616 2344 2617 2634
2616 2344 2633 2634
2616 2905 2633 2617
2616 2344 2633 2632
2616 2905 2633 2921
2616 2344 2327 2632
2616 2344 2617 2328
2616 2344 2327 2328
2616 2921 2615 2632
2616 2633 2921 2632
2616 2921 2615 2904
2616 2905 2921 2904
2616 2326 2615 2632
2616 2326 2327 2632
1476 1187 1186 1459
1476 1492 1186 1475
1476 1766 1782 1765
1476 1782 1765 1781
1476 1492 1782 1781
1476 1458 1186 1459
1476 1458 1186 1475
1476 1766 1477 1782
1476 1187 1460 1459
1476 1187 1477 1460
1476 1766 1765 1748
1476 1765 1475 1747
1476 1765 1475 1781
1476 1492 1475 1781
1476 1458 1747 1459
1476 1458 1475 1747
1476 1766 1477 1460
1476 1747 1459 1748
1476 1765 1747 1748
1476 1460 1459 1748
1476 1749 1460 1748
1476 1766 1749 1748
1476 1766 1749 1460
1491 1492 1475 1780
1491 1492 1202 1475
1491 1492 1798 1780
1491 1219 1508 1507
1491 1219 1202 1203
1491 1492 1202 1203
1491 1201 1219 1507
1491 1201 1219 1202
1886 1868 1580 1869
1886 1868 1869 2174
1886 1885 1868 2174
1886 1885 2174 2175
1886 1885 1903 2175
1886 2158 2174 2175
1886 2158 1869 2174
1325 1631 1342 1630
2141 1868 2140 1869
2141 2158 1868 1869
2141 2140 1869 1852
2141 2124 2140 1852
2141 2124 2140 2429
2141 2430 2124 2429
2173 2191 2463 2174
2173 2446 2463 2174
2173 2191 2480 2463
2173 2191 2479 2190
2173 2191 2480 2479
2173 1885 2191 2190
2173 1885 2191 2174
2173 2189 2479 2190
2173 2478 2189 2479
2173 1885 1901 2190
2173 1901 2189 2190
1884 1885 1868 2174
1884 2173 1885 2174
1884 1867 1883 1866
1884 2173 1885 1901
1884 1901 1883 1595
1884 1867 1883 1595
1578 1867 1561 1562
1578 1579 1867 1562
1578 1577 1867 1561
1578 1290 1306 1289
1578 1290 1306 1307
1578 1579 1290 1307
1578 1594 1288 1289
1578 1577 1594 1288
1578 1577 1867 1595
1578 1594 1306 1289
1578 1594 1595 1306
1578 1577 1594 1595
2977 2994 2976 3266
2977 2706 2978 2688
2977 3248 2976 3266
2977 3248 3250 3266
2977 2978 3250 3266
2977 2704 2994 2976
2977 2704 2687 2688
2977 2704 2976 2687
2757 2740 2756 3028
2757 3046 2740 3028
2757 2740 2451 2756
2757 2468 2451 2756
2757 2773 2485 2756
2757 2468 2485 2756
2757 2468 2758 2774
2757 3063 2773 2774
2757 2468 2451 2469
2757 2468 2758 2469
2757 2773 2485 2774
2757 2468 2485 2774
2757 2775 2758 2774
2757 3063 2775 2774
2686 2669 2398 2380
2686 2415 2398 2687
2686 2669 2398 2687
2686 2704 2415 2687
2686 2669 2687 2958
2959 2942 3231 2941
2959 2653 2958 2941
2959 2942 2653 2941
2959 2942 3248 3231
2959 2653 2687 2958
2943 3215 2925 3232
2943 2942 2925 3232
2363 2364 2074 2346
2363 2381 2074 2380
2363 2381 2364 2074
3009 3299 3010 2992
3009 3299 3027 3010
3009 2738 3027 3010
3009 2738 2720 3010
3009 3298 3299 2992
3009 3298 3299 3027
3009 2738 3027 3026
3009 2738 2720 3026
3009 3315 3027 3026
3009 3298 3315 3027
1605 1894 1588 1606
1605 1623 1317 1606
1605 1895 1623 1606
1605 1894 1895 1606
1605 1894 1588 1604
1605 1317 1300 1606
1605 1588 1300 1606
1605 1334 1623 1317
1605 1333 1334 1623
3034 2745 2729 2746
3034 3035 2729 2746
3034 3035 3052 2746
3034 3017 3033 3306
3034 3323 3033 3306
3034 3323 3324 3306
3065 3049 3066 2777
3065 3354 3355 3066
3065 3049 3355 3066
3579 3595 3885 3867
3579 3595 3596 3885
3579 3868 3885 3867
3579 3886 3868 3885
3579 3886 3596 3885
3579 3868 3867 3562
3579 3595 3596 3307
3579 3886 3596 3597
3579 3867 3578 3562
3579 3595 3867 3578
3579 3596 3307 3597
3304 3287 3592 3303
3304 3287 3015 3303
3304 3320 3592 3303
3304 3031 3015 3303
3304 3031 3320 3303
3304 3015 3032 3016
3304 3031 3015 3032
2437 2727 2455 2743
2437 2436 2727 2743
2437 2454 2455 2743
2437 2436 2454 2743
2437 2727 2438 2455
2437 2454 2165 2455
2437 2149 2438 2455
2437 2165 2149 2455
2437 2165 2148 2149
2437 2132 2149 2438
2437 2132 2148 2149
2453 2452 2454 2759
2419 2436 2708 2725
2742 3031 2726 2743
2742 2436 2726 2743
2742 2436 2726 2725
2742 2453 2436 2725
2742 2436 2454 2743
2742 2453 2436 2454
2742 3031 3049 2743
2742 2453 2454 2759
2742 2453 2724 2725
2742 3049 2760 2743
2742 2454 2760 2743
2742 2454 2760 2759
3321 3031 3049 3032
3321 3304 3031 3032
3321 3339 3355 3338
3321 3049 3032 3050
3321 3304 3031 3320
3321 3049 3355 3050
3321 3339 3355 3050
2709 2999 2726 2727
2709 2999 2710 2692
2709 2999 2710 2727
2709 2999 2998 2692
2709 2999 2726 2998
2709 2708 2998 2692
2709 2708 2726 2998
2709 2436 2726 2727
2709 2436 2708 2726
2709 2421 2710 2692
2709 2421 2710 2727
2709 2419 2436 2708
2709 2437 2436 2727
2709 2419 2437 2436
2079 2062 2061 1773
2079 2097 1790 2096
2079 2097 1790 2080
2079 1774 2062 1773
2079 1774 2062 2080
2079 1774 1790 1773
2079 1774 1790 2080
4903 4887 4597 4904
4903 4887 4886 4597
4595 4867 4578 4868
4595 4867 4578 4577
4869 4887 4886 4597
3986 4004 4276 3987
4850 4867 4578 4851
4544 4254 4526 4542
4544 4815 4542 4832
4544 4526 4815 4542
4866 4883 4867 4577
4866 4576 4882 4865
4866 4883 4576 4882
4261 4244 4533 4532
4261 4244 4245 4533
4261 3956 4244 4245
4552 4857 4841 4840
4552 4551 4841 4840
4552 4841 4859 4842
4570 4586 4876 4587
4570 4586 4281 4587
4570 4571 4281 4587
4806 4823 4824 4534
4806 4823 4517 4534
4806 4517 4805 4500
4806 4517 4805 4822
4806 4823 4517 4822
4260 4277 4276 4549
4260 3954 4243 4242
4260 3970 3954 4242
4260 4244 4243 4532
4260 4244 3954 4243
4260 4261 4277 4549
4260 4261 4549 4532
4260 4261 4244 4532
4853 4854 4870 4564
4853 4837 4854 4564
4853 4837 4548 4836
4853 4837 4548 4564
4327 4616 4311 4328
4327 4616 4311 4310
4614 4903 4886 4597
4598 4871 4887 4888
4598 4887 4888 4904
4598 4871 4887 4870
4598 4905 4888 4904
4598 4905 4616 4888
4599 4311 4293 4583
4599 4598 4871 4888
4599 4311 4310 4293
4599 4871 4889 4888
4599 4598 4616 4888
4599 4616 4311 4310
4599 4598 4616 4310
4599 4871 4889 4872
4599 4889 4872 4583
4599 4617 4616 4311
4599 4905 4889 4888
4599 4905 4616 4888
4599 4617 4616 4906
4599 4617 4889 4906
4599 4905 4889 4906
4599 4905 4616 4906
4295 4294 4312 4006
4295 4312 4006 4007
4295 4313 4296 4007
4295 4313 4312 4007
4295 4313 4312 4296
4295 4601 4312 4296
4295 4584 4601 4296
4295 4294 4312 4583
4295 4294 4277 4566
4295 4601 4312 4583
4295 4584 4601 4583
4295 4294 4566 4583
4295 4584 4566 4583
3988 4295 4294 4006
3988 4295 4294 4277
3988 4294 4004 4276
3988 4294 4277 4276
3988 4004 4276 3987
4035 4324 4323 4307
4022 4312 4329 4328
4022 4312 4311 4328
4022 4327 4311 4328
4022 4294 4312 4006
4022 4294 4312 4311
3136 2831 2847 2848
3136 3135 3152 2846
3136 3119 3135 2846
3136 2831 2847 2846
3136 3119 2831 2846
4249 3960 3959 4266
4807 4806 4824 4534
4535 4807 4825 4824
4535 4807 4824 4534
4535 4825 4824 4842
4535 4825 4536 4842
4535 4551 4824 4534
4535 4551 4841 4824
4535 4552 4551 4841
4535 4841 4824 4842
4535 4552 4841 4842
4467 4739 4450 4740
4467 4739 4450 4466
4467 4161 4450 4466
4467 4161 4466 4178
4502 4196 4485 4213
4502 4501 4485 4213
4502 4212 4501 4213
4519 4825 4536 4826
4519 4535 4825 4536
3906 3633 3634 3922
2182 2489 2199 2471
2182 2183 2489 2471
2182 2200 2489 2199
2182 2183 2200 2489
2182 2183 2165 2471
2182 2488 2199 2471
2182 2488 2199 2198
2182 1893 2181 2198
2182 1910 2199 2198
2182 1910 1893 2198
2182 2165 2181 2471
2182 2165 1893 2181
2182 1894 2165 1893
2182 2183 1894 2165
2182 2470 2488 2471
2182 2470 2488 2198
2182 2470 2181 2471
2182 2470 2181 2198
2163 2452 2469 2180
2163 2179 2469 2180
2163 2162 2179 2469
2163 2179 1891 2180
2163 2162 2179 1891
2163 1892 1891 2180
2163 2181 1892 2180
2163 2452 2181 2180
2163 1875 2181 1892
2163 1874 1892 1891
2163 1874 1875 1892
2163 2162 1874 1891
2490 2795 2796 2506
2490 2795 2778 2506
2490 2796 2780 2219
2490 2201 2473 2472
2490 2491 2780 2219
2490 2491 2201 2219
2490 2796 2507 2219
2490 2201 2507 2219
2490 2491 2201 2473
2490 2796 2506 2507
2490 2489 2778 2506
2490 2489 2201 2472
2490 2489 2778 2472
2490 2489 2506 2507
2490 2489 2201 2507
2762 3033 2761 3050
2762 3067 2761 3050
2762 3033 2761 2744
2762 2745 3033 2744
2762 3034 2745 2746
2762 3034 2745 3033
2762 3067 2778 2761
2762 2763 3052 2746
2762 2761 2744 2472
2762 2745 2744 2472
2762 2745 2473 2472
2762 2745 2746 2473
2762 2778 2761 2472
2762 2490 2778 2472
2762 2490 2473 2472
2779 3085 3069 2780
2779 3052 3069 2780
2779 3085 2796 2780
2779 3085 2795 2796
2779 2490 2796 2780
2779 2490 2795 2796
2779 2763 3052 2780
2779 2762 2763 3052
2779 2490 2795 2778
2779 2762 2490 2778
2779 3067 2795 2778
2779 2762 3067 2778
2538 2521 2827 2539
2538 2521 2827 2537
2829 3118 2845 2846
2829 2557 2845 2846
2829 2523 2540 2539
2829 2811 2523 2539
2829 3118 2846 2830
2829 2557 2541 2846
2829 2557 2541 2540
2829 2812 2811 2523
2829 3118 2812 2811
2829 2541 2846 2830
2829 2524 2523 2540
2829 3118 2812 2830
2829 2541 2524 2830
2829 2541 2524 2540
2829 2524 2812 2830
2829 2524 2812 2523
3100 3099 2811 3083
3100 2812 2811 3083
3100 3118 2812 2811
3100 2812 3083 3101
3100 3118 2812 3101
3100 3389 3083 3101
3646 3357 3663 3662
3646 3663 3952 3953
3646 3663 3662 3952
3646 3647 3663 3953
3646 3357 3647 3663
3646 3952 3935 3953
3646 3357 3647 3629
3646 3951 3952 3935
3646 3951 3662 3952
3646 3919 3935 3953
3646 3357 3628 3629
3646 3951 3934 3935
3646 3951 3662 3934
3646 3919 3647 3953
3646 3919 3647 3629
3646 3662 3645 3934
3646 3628 3645 3934
3646 3357 3662 3645
3646 3357 3628 3645
2204 2203 2221 1915
2204 2203 2493 2510
2204 2222 1916 2205
2204 2203 2510 2221
2204 2510 2494 2205
2204 2493 2510 2494
2204 1932 1916 1915
2204 1932 2222 1916
2204 2493 2476 2494
2204 1932 2221 1915
2204 1932 2222 2221
2204 2222 2510 2205
2204 2222 2510 2221
4588 4861 4860 4878
4588 4877 4860 4878
4588 4877 4878 4589
4588 4570 4571 4860
4588 4605 4877 4587
4588 4605 4877 4589
4588 4570 4571 4587
4588 4877 4860 4859
4588 4570 4860 4859
4588 4877 4876 4587
4588 4570 4876 4587
4588 4877 4859 4876
4588 4570 4859 4876
4298 4316 4315 4587
4298 4586 4315 4587
4298 4586 4281 4587
4622 4911 4894 4912
4622 4606 4894 4912
4622 4605 4606 4894
4622 4604 4911 4894
4622 4605 4604 4894
4622 4604 4911 4621
4622 4316 4604 4621
4622 4605 4316 4604
4317 4605 4606 4589
4010 4011 4028 3722
4010 4011 3721 3722
3160 3177 2871 3159
3160 2872 3178 3161
2889 3160 2872 3178
2889 3160 3177 3178
2564 2852 2563 2869
2886 2868 2579 2885
2886 2868 2579 2869
3416 3432 3721 3722
3416 3704 3432 3721
3108 3396 3380 3091
3108 3381 3380 3091
3108 3092 3381 3091
3108 3092 3381 3109
3108 3092 2802 3091
3108 3092 3109 2802
3462 3173 3463 3157
4297 4313 4296 4007
4297 4313 4025 4007
4297 4025 4315 4009
4297 4585 4569 4296
4297 4586 4585 4569
4297 4298 4315 4009
4297 4298 4586 4315
4297 4298 4281 4009
4297 4298 4586 4281
3684 3378 3668 3395
3670 3382 3381 3365
3670 3364 3654 3365
3670 3381 3364 3365
3670 3364 3653 3654
3670 3652 3364 3653
3670 3381 3364 3363
3670 3652 3364 3363
3670 3381 3363 3380
3687 3670 3960 3959
3142 3431 3449 3432
3142 3160 3449 3159
3142 3160 2871 3159
3448 3464 3465 3159
3448 3142 3449 3159
3448 3142 3431 3449
4875 4585 4569 4857
4875 4892 4603 4876
4875 4586 4603 4876
4875 4586 4585 4569
4875 4585 4892 4603
4875 4586 4585 4603
4875 4570 4586 4876
4873 4584 4872 4583
4873 4584 4601 4583
4873 4890 4872 4583
4873 4890 4601 4583
4567 4277 4566 4549
4567 4261 4277 4549
4567 4295 4277 4566
4567 4295 4584 4566
4907 4618 4602 4908
4907 4890 4602 4908
4907 4890 4618 4602
4600 4890 4618 4602
4600 4890 4601 4602
4600 4618 4312 4602
4600 4601 4312 4602
4600 4890 4601 4583
4600 4601 4312 4583
4600 4890 4889 4583
4600 4907 4617 4618
4600 4907 4890 4618
4600 4312 4311 4583
4600 4617 4618 4328
4600 4599 4889 4583
4600 4599 4617 4889
4600 4907 4890 4889
4600 4599 4311 4583
4600 4599 4617 4311
4600 4312 4311 4328
4600 4617 4311 4328
4600 4618 4329 4328
4600 4312 4329 4328
4600 4618 4312 4329
4600 4907 4617 4906
4600 4907 4889 4906
4600 4617 4889 4906
4554 4843 4536 4826
4554 4843 4826 4844
4554 4843 4860 4844
4554 4827 4826 4844
4554 4827 4538 4844
4554 4827 4538 4826
4554 4861 4860 4844
4332 4316 4315 4621
4332 4620 4315 4621
4332 4331 4620 4315
4314 4331 4025 4315
4314 4297 4025 4315
4314 4297 4313 4025
4314 4313 4025 4024
4314 4331 4025 4024
4314 4331 4313 4024
4314 4620 4315 4603
4314 4331 4620 4315
4314 4586 4315 4603
4314 4297 4586 4315
4314 4331 4620 4619
4314 4620 4619 4603
4314 4585 4602 4603
4314 4585 4313 4602
4314 4619 4602 4603
4314 4586 4585 4603
4314 4297 4586 4585
4314 4585 4313 4296
4314 4297 4313 4296
4314 4297 4585 4296
4314 4330 4619 4602
4314 4313 4330 4602
4314 4331 4330 4619
4314 4331 4313 4330
4802 4513 4530 4529
4802 4819 4530 4529
4802 4513 4530 4803
4802 4819 4530 4803
4804 4515 4805 4822
4804 4515 4821 4822
4804 4787 4515 4805
4804 4515 4821 4531
4804 4803 4531 4820
4804 4821 4531 4820
4111 4383 4094 4095
4111 4400 4383 4095
4111 4399 4400 4417
4111 3804 4094 4110
4111 3821 3804 4110
4112 3840 3823 4130
4112 4113 3823 4130
4112 4113 4419 4130
4112 4113 3823 4095
4112 4400 4417 4401
4112 4111 4400 4417
4112 4113 4402 4419
4112 4402 4419 4401
4112 4111 4400 4095
4657 4368 4656 4640
4657 4368 4656 4367
4657 4673 4674 4367
4657 4673 4656 4367
4657 4385 4674 4367
4657 4368 4385 4367
4349 4366 4060 4061
4349 4366 4350 4061
4349 4076 4060 4348
4349 4366 4350 4638
4349 4365 4076 4348
4349 4365 4637 4348
4349 4365 4637 4638
4077 4366 4060 4061
4077 4366 4078 4061
4077 3789 4060 4061
4077 3789 4078 4061
4077 3789 4094 3788
4077 3789 4060 3788
4077 4366 4383 4367
4077 4366 4078 4367
4077 3789 4078 4095
4077 4076 4094 3788
4077 4076 4060 3788
4077 4349 4076 4060
4077 4349 4366 4060
4077 4383 4094 4095
4077 3789 4094 4095
4077 4383 4367 4095
4077 4078 4367 4095
4077 4366 4365 4383
4077 4349 4365 4076
4077 4349 4366 4365
4655 4366 4656 4638
4655 4349 4365 4638
4655 4349 4366 4638
4655 4349 4366 4365
4655 4365 4637 4638
4655 4365 4637 4654
4655 4365 4654 4672
4655 4366 4656 4383
4655 4365 4383 4672
4655 4366 4365 4383
4655 4673 4383 4672
4655 4673 4656 4383
3773 4078 4062 4061
3773 3790 4078 4062
4384 4673 4383 4367
4384 4673 4400 4383
4384 4383 4367 4095
4384 4400 4383 4095
4384 4673 4385 4367
4384 4367 4096 4095
4384 4385 4367 4096
4384 4402 4385 4674
4384 4673 4385 4674
4384 4402 4385 4096
4384 4112 4400 4095
4384 4402 4691 4674
4384 4112 4400 4401
4384 4112 4402 4401
4384 4113 4402 4096
4384 4113 4096 4095
4384 4112 4113 4095
4384 4112 4113 4402
3779 4051 4069 4068
3477 3495 3206 3478
4056 4074 3784 3768
4056 4074 4073 3784
4056 3783 4073 3784
3221 3510 3204 3220
3221 3205 3204 2915
3221 3203 3204 3220
3221 2931 3203 3220
3221 3203 3204 2915
3221 2931 3203 2915
4363 4652 4346 4364
4363 4652 4380 4364
4363 4635 4652 4346
4363 4056 4073 4345
4363 4056 4074 4073
4683 4395 4701 4411
4683 4411 4682 4700
4683 4701 4411 4700
3527 3817 3511 3528
3527 3817 3834 3528
4381 4380 4670 4364
4381 4365 4076 4364
4381 4653 4670 4364
4381 4365 4653 4364
4381 4671 4654 4670
4381 4671 4365 4654
4381 4092 4109 4093
4381 4380 4092 4364
4381 4380 4092 4109
4381 4380 4398 4109
4381 4092 4076 4093
4381 4092 4076 4364
4381 4399 4671 4398
4381 4671 4687 4670
4381 4671 4687 4398
4381 4653 4654 4670
4381 4365 4653 4654
4381 4687 4380 4670
4381 4687 4380 4398
4057 4056 4074 3768
4057 4074 4075 3768
4057 4363 4056 4074
4057 3769 4075 3768
4057 3769 4075 4058
4057 4075 4058 4364
4057 4074 4075 4364
4057 4346 4347 4364
4057 4058 4347 4364
4057 4363 4346 4364
4057 4363 4074 4364
4057 4363 4346 4345
4057 4363 4056 4345
3347 3637 3348 3331
3347 3637 3348 3364
3347 3348 3058 3331
3347 3348 3058 3075
3347 3348 3364 3075
3347 3058 3074 3075
3347 3364 3074 3075
3347 3635 3346 3364
3347 3635 3346 3619
3347 3058 3331 3041
3347 3329 3058 3041
3347 3346 3619 3329
3347 3346 3364 3074
3347 3329 3058 3057
3347 3346 3329 3057
3347 3058 3074 3057
3347 3346 3074 3057
3907 3906 3617 3889
4146 4164 3858 4147
4146 4163 4164 3858
4146 4163 3857 3858
4146 4435 4164 4147
4146 4435 4163 4164
4146 3858 4147 3841
4146 4145 4163 3857
4146 4435 4145 4163
4146 3840 3858 3841
4146 3840 3857 3858
4146 4147 4130 3841
4146 3840 4130 3841
4179 3907 4197 4196
4179 4467 4468 4485
3905 4210 3921 3922
3905 4210 3921 4193
3905 3906 3633 3922
3905 3904 3921 4193
4211 4210 4499 4193
4211 4499 4193 4483
4211 3905 4210 4193
4211 4210 4499 4500
4211 3905 4210 3922
4211 4212 4501 4500
4211 4212 4228 4500
4211 4210 4228 4500
4211 4499 4500 4483
4211 4501 4500 4483
4211 3906 4212 3922
4211 3905 3906 3922
4211 4212 4228 3922
4211 4210 4228 3922
4756 4467 4739 4466
4738 4739 4450 4466
4738 4756 4739 4466
4738 4756 4755 4466
4738 4722 4739 4450
4738 4722 4450 4432
4738 4722 4721 4432
4449 4161 4432 4160
4449 4161 4450 4432
4449 4161 4466 4160
4449 4161 4450 4466
4449 4738 4450 4432
4449 4738 4450 4466
4449 4177 4466 4160
4449 4177 4465 4466
4449 4431 4721 4432
4449 4738 4721 4432
4449 4755 4465 4466
4449 4738 4755 4466
4448 4176 3870 4160
4448 4177 4176 4160
4448 4449 4177 4160
4448 4449 4431 4465
4448 4431 4141 4447
4448 4431 4465 4447
4448 4177 4465 4176
4448 4449 4177 4465
2646 2952 2645 2935
2646 2952 2662 2645
2646 2629 2645 2935
2648 2631 2919 2630
2648 2631 2937 2919
2648 2631 2341 2342
2648 2631 2341 2630
2648 2343 2359 2342
2648 2631 2343 2342
2648 2631 2937 2649
2648 2343 2649 2359
2648 2631 2343 2649
2954 3243 2972 3260
2954 3243 2955 2938
2954 3243 2955 2972
2954 2971 2972 3260
3549 3566 3548 3855
3549 3838 3548 3855
3549 3839 3550 3533
3549 3838 3821 3839
3549 3838 3821 3548
3549 3821 3839 3533
3549 3566 3260 3548
3549 3243 3260 3548
3549 3244 3550 3533
3549 3243 3244 3533
3261 3566 3278 3550
3261 3549 3566 3550
3261 3549 3566 3260
3261 3262 3278 3550
3261 3244 3262 3550
3261 3549 3244 3550
3261 3244 2972 3262
3261 3549 3243 3260
3261 3549 3243 3244
3261 3243 2972 3260
3261 3243 3244 2972
3261 3262 3278 2989
3261 2972 3262 2989
3261 2971 2972 2989
3261 2971 2972 3260
3583 3567 3278 3295
3583 3566 3567 3278
3583 3584 3567 3295
3583 3566 3567 3855
3583 3584 3601 3295
3583 3584 3600 3601
3583 3601 3311 3295
3583 3600 3601 3311
3583 3584 3600 3872
3583 3276 3582 3565
3583 3276 3566 3565
3583 3600 3872 3582
3583 3566 3565 3855
3583 3872 3565 3855
3583 3872 3582 3565
2967 2694 2983 2984
2967 2694 2983 2966
2967 2983 2966 3255
2967 2694 2966 2677
2967 3273 2983 2984
2967 3273 2983 3255
2967 2966 2677 2678
2967 2694 2695 2984
2967 2694 2695 2677
2967 3273 3255 3256
2967 2695 2677 2678
2967 2679 2968 2678
2967 2679 2968 2984
2967 3273 3274 3256
2967 3273 3274 2984
2967 2679 2695 2678
2967 2679 2695 2984
2967 2951 2968 2678
2967 2951 2968 3239
2967 3239 3255 3256
2967 2968 3239 3256
2967 2968 3274 3256
2967 2968 3274 2984
3000 3017 3306 3016
3290 3308 3291 3307
3290 3595 3306 3307
3290 3579 3595 3307
3359 3053 3069 3341
3359 3358 3069 3341
3359 3647 3358 3341
3359 3053 3069 3070
3359 3630 3647 3341
3359 3630 3648 3647
3359 3665 3647 3358
3359 3665 3648 3647
3359 3069 3070 3086
3359 3358 3069 3086
3359 3665 3648 3377
3359 3053 3070 3071
3359 3360 3053 3071
3359 3648 3360 3377
3359 3665 3376 3377
3359 3360 3377 3071
3359 3087 3070 3086
3359 3087 3376 3086
3359 3088 3070 3071
3359 3088 3377 3071
3359 3087 3088 3070
3359 3088 3376 3377
3359 3087 3088 3376
3375 3665 3358 3664
3375 3392 3391 3086
3375 3393 3392 3376
3375 3392 3376 3086
3375 3374 3391 3086
3375 3358 3374 3086
3375 3358 3663 3664
3375 3359 3376 3086
3375 3359 3358 3086
3375 3359 3665 3376
3375 3359 3665 3358
3375 3663 3374 3391
3375 3358 3663 3374
3394 3106 3088 3105
3394 3378 3106 3088
3394 3378 3106 3395
3394 3123 3106 3395
3394 3123 3106 3105
3394 3393 3105 3376
3394 3393 3683 3376
3394 3088 3105 3376
3394 3683 3376 3377
3394 3378 3683 3377
3394 3684 3378 3395
3394 3684 3378 3683
3394 3088 3376 3377
3394 3378 3088 3377
2717 3006 2734 3005
2717 2718 3006 2734
2717 2718 2428 2734
2717 2718 2700 3006
2717 2718 2700 2428
2717 2734 3005 2733
2717 2444 2734 2733
2717 2428 2445 2734
2717 2444 2445 2734
2411 2700 2428 2701
2411 2428 2701 2429
2411 2121 2122 2410
2411 2717 2700 2410
2411 2717 2700 2428
2990 2718 3007 2991
2990 3279 3007 2991
2990 3279 3007 2989
2990 2718 2702 2991
2990 3007 3006 2989
2990 2718 3007 3006
2990 3279 2974 2991
2990 2974 2702 2991
2990 2700 3006 2989
2990 2718 2700 3006
2990 3279 3262 2989
2990 2718 2702 2701
2990 2718 2700 2701
2990 2974 2702 2685
3297 3296 3008 2991
3297 3296 3314 3008
3297 3602 3296 3314
3297 3602 3586 3585
3297 3602 3296 3585
3603 3297 3602 3314
3603 3297 3602 3586
3603 3586 3875 3874
3603 3602 3586 3874
3313 3296 3585 3295
3313 3602 3585 3295
3313 3602 3296 3585
3313 3312 3023 3295
3313 3312 3601 3295
3313 3602 3601 3295
3313 3602 3312 3601
3313 3296 3007 3295
3313 3312 3023 3041
3313 3602 3296 3314
3313 3006 3023 3295
3313 3007 3006 3295
3313 3296 3007 3024
3313 3023 3024 3041
3313 3314 3025 3041
3313 3296 3314 3025
3313 3006 3023 3024
3313 3007 3006 3024
3313 3024 3025 3041
3313 3296 3024 3025
3890 3602 3619 3601
3890 4179 4197 3891
3890 4179 3907 4197
3890 3602 3584 3601
3890 3617 3619 3601
3890 4179 3907 3889
3890 3584 3891 3874
3890 3602 3891 3874
3890 3602 3584 3874
3890 3584 3889 3601
3890 3617 3889 3601
3890 3907 3617 3889
3923 3906 3634 3922
3923 3906 4212 3922
3923 3940 3634 3922
3923 4212 3940 3922
3259 3531 3548 3547
3259 3531 3530 3547
3259 3241 3531 3530
3259 3548 3565 3547
3259 3276 3548 3565
3259 3276 3275 3564
3259 3276 3260 3548
3259 3565 3564 3547
3259 3276 3565 3564
2953 3241 2952 2935
2953 2646 2952 2935
2969 2953 3241 2952
2969 2968 2680 2662
2969 2968 2680 2985
2969 2968 3275 2985
2969 2951 2952 2662
2969 2951 2968 2662
2969 2951 2968 2952
2969 2680 2986 2985
2969 3275 2986 2985
2716 2444 2732 2733
2716 3022 3005 2733
2716 3022 2732 2733
2716 2717 3005 2733
2716 2717 2444 2733
2154 2137 2153 2443
2154 2155 2137 2443
2154 2136 2137 2153
2711 3000 2694 2710
2711 2405 2694 2710
2711 2405 2694 2695
2474 2491 2185 2473
2474 2475 2491 2185
2474 2457 2185 2473
2474 2475 2457 2185
2474 2457 2746 2473
2474 2490 2491 2473
2474 2475 2491 2781
2474 2457 2746 2747
2474 2475 2457 2747
2474 2762 2490 2473
2474 2490 2491 2780
2474 2762 2746 2473
2474 2762 2763 2746
2474 2763 2746 2747
2474 2491 2780 2781
2474 2763 2780 2781
2474 2779 2762 2763
2474 2779 2762 2490
2474 2779 2763 2780
2474 2779 2490 2780
2186 2475 2491 2185
2186 2203 2491 2492
2186 2475 2491 2492
2186 2202 2185 1914
2186 2202 2491 2185
2186 2185 1914 1897
2186 2203 2202 1914
2186 2203 2202 2491
2186 2203 2493 2492
2186 2475 2493 2492
2186 1914 1897 1915
2186 2203 1914 1915
2186 2204 2203 2493
2186 2204 2203 1915
2764 3053 2747 2765
2764 3053 2782 2781
2764 3053 2765 2782
2764 2763 3053 2781
2764 2763 3053 2747
2764 2493 2782 2781
2764 2475 2493 2781
2764 2476 2765 2782
2764 2474 2763 2781
2764 2474 2475 2781
2764 2474 2763 2747
2764 2474 2475 2747
2764 2493 2476 2782
2764 2475 2493 2476
2439 2440 2745 2456
2439 2150 2438 2456
2439 2440 2150 2456
2439 2745 2744 2456
2439 2744 2455 2456
2439 2438 2455 2456
2439 2727 2744 2455
2439 2727 2438 2455
2439 2710 2727 2438
2439 2421 2710 2438
3090 2784 3073 3072
3090 3379 3089 3072
3090 3073 3379 3072
3090 3107 3379 3089
3090 3073 3379 3091
3090 3108 2802 3091
3090 3379 3396 3091
3090 3108 3396 3091
3090 3107 3379 3396
3090 3108 3107 3396
2800 2494 2799 2783
2800 2784 2494 2783
2800 2510 2494 2799
2800 2816 2510 2799
2800 2816 2799 3089
2800 2799 2783 3072
2800 2784 2783 3072
2800 2799 3089 3072
2800 3090 2784 2801
2800 3090 3089 3072
2800 3090 2784 3072
2459 2748 2749 2766
2459 2748 2749 2442
2459 2476 2765 2766
2459 2748 2765 2766
2459 2764 2476 2765
2459 2764 2475 2476
2459 2748 2747 2765
2459 2764 2747 2765
2459 2731 2748 2747
2459 2731 2748 2442
2495 2477 2784 2494
2495 2478 2477 2189
2495 2477 2784 2767
2495 2478 2477 2767
2495 2189 2207 2479
2495 2478 2189 2479
2495 2478 2479 2768
2495 2784 2767 2768
2495 2478 2767 2768
2462 2478 2461 2750
2462 2478 2751 2750
2462 2461 2750 2733
2462 2751 2750 2733
2462 2444 2461 2733
2462 2444 2445 2461
2462 2751 2734 2733
2462 2444 2734 2733
2462 2444 2445 2734
2462 2173 2446 2445
2462 2478 2751 2479
2462 2173 2478 2479
2462 2446 2445 2734
2462 2173 2446 2463
2462 2480 2751 2479
2462 2173 2480 2479
2462 2752 2751 2734
2462 2752 2446 2734
2462 2752 2751 2463
2462 2752 2446 2463
2462 2480 2751 2463
2462 2173 2480 2463
3309 3326 3020 3293
3309 3326 3308 3020
3309 3020 3003 3293
3309 3308 3020 3003
3309 3003 3292 3293
3309 3308 3003 3292
3309 3326 3310 3293
3309 3292 3582 3293
3309 3308 3291 3292
3309 3310 3582 3293
3309 3310 3599 3582
3309 3598 3310 3599
3309 3326 3598 3310
3309 3598 3599 3597
3309 3581 3292 3582
3309 3581 3599 3582
3309 3581 3291 3292
3309 3308 3291 3597
3309 3581 3599 3597
3309 3581 3291 3597
3632 3344 3649 3650
3632 3344 3633 3650
3632 3633 3650 3922
3632 3344 3343 3633
3632 3650 3939 3922
3632 3649 3650 3939
3632 3344 3360 3649
3632 3344 3343 3360
3632 3921 3939 3922
3632 3905 3921 3922
3632 3905 3633 3922
3632 3343 3648 3631
3632 3648 3360 3649
3632 3343 3648 3360
3632 3938 3649 3939
3632 3938 3921 3939
3632 3938 3921 3631
3632 3648 3938 3631
3632 3648 3938 3649
2242 2259 2547 2258
2242 2259 1953 2258
2242 2243 2259 2531
2242 2243 2259 1953
2242 2243 2531 1936
2242 2243 1953 1936
2512 2529 2513 2801
2512 2495 2494 2205
2512 2495 2784 2494
2512 2800 2784 2494
2512 2800 2784 2801
2277 1971 2259 2260
1970 1681 1698 1682
1970 1681 1971 1682
1970 1680 1681 1698
1970 1681 1971 1953
1970 1680 1681 1953
1970 2277 1971 2259
1970 2259 1953 2258
1970 1971 2259 1953
1970 1969 1953 2258
1970 1969 1680 1953
3174 2868 3173 2885
3174 2886 2868 2885
3174 3173 3463 3157
3174 2868 3173 3157
2867 2884 2885 2578
2867 2579 2885 2578
2867 2868 2579 2885
2867 2866 2884 2578
2867 3173 2884 2885
2867 2868 3173 2885
2867 2579 2561 2578
2867 2866 2561 2578
2867 2866 2850 2561
2241 2242 2547 2258
2546 2241 2547 2258
2546 2564 2852 2563
2818 3090 2801 2802
2818 2513 2801 2802
2818 2529 2513 2801
2818 3090 3108 2802
2818 3090 3108 3107
1933 2222 1916 1917
1933 1932 2222 1916
1933 1916 1917 1627
1933 1916 1627 1644
1933 1932 1916 1644
1933 1934 1627 1661
1933 1934 1917 1627
1933 1627 1661 1644
1933 1660 1661 1644
1933 1932 1660 1644
1985 2002 1986 1697
1985 1969 1986 1697
1985 1696 2002 1697
1985 1969 1679 1968
1985 1969 1679 1697
1985 1696 1679 1968
1985 1696 1679 1697
1985 1696 1984 1968
1985 1696 1984 2002
1985 1984 2273 1968
1985 1984 2002 2273
1590 1878 1589 1606
1590 1879 1878 1606
1590 1878 1589 1862
1590 1879 1878 1862
1590 1589 1300 1606
1590 1879 1607 1606
1590 1318 1300 1606
1590 1301 1318 1300
1590 1589 1283 1300
1590 1607 1318 1606
1590 1301 1607 1318
1590 1572 1589 1862
1590 1572 1573 1862
1590 1284 1283 1300
1590 1284 1301 1300
1590 1572 1589 1283
1590 1572 1573 1283
1590 1284 1573 1283
1590 1284 1301 1573
1608 1319 1337 1625
1608 1626 1337 1625
1608 1626 1337 1609
1608 1319 1607 1625
1608 1607 1897 1625
1608 1301 1319 1607
1608 1879 1607 1897
1320 1319 1047 1337
1320 1321 1337 1609
1320 1608 1337 1609
1320 1608 1319 1337
1320 1030 1319 1047
1320 1304 1321 1609
1320 1031 1304 1321
1320 1031 1304 1014
1320 1031 1030 1047
1320 1031 1030 1014
2227 1939 1921 2210
2227 1939 1921 1938
2227 1939 2210 2211
2227 2517 2210 2211
2227 2499 2517 2210
2227 2499 2517 2516
2808 2535 2825 2807
2808 2791 2502 2520
2808 2791 2502 2807
2808 3097 2825 2807
2808 3097 2791 2807
1923 2213 2195 2211
1923 1922 2195 2211
1923 1922 1939 2211
1923 1922 1939 1651
1923 2213 1924 2195
1923 1922 1634 1651
1923 1635 1634 1651
1923 1906 1922 2195
1923 1906 1924 2195
1923 1906 1635 1924
1923 1906 1922 1634
1923 1906 1635 1634
2518 2517 2501 2211
2518 2517 2501 2807
2518 2501 2212 2211
2518 2213 2212 2211
2518 2501 2502 2807
2518 2501 2502 2212
2518 2213 2502 2212
2518 2808 2502 2807
2518 2808 2535 2807
3861 4150 4149 4133
3861 3844 4133 3845
3861 4149 3844 4133
3861 3860 4149 3844
3588 3283 3300 3571
3588 3316 3300 3571
3859 3860 3570 3571
3859 4149 4131 4148
3859 3860 3554 3570
3587 3298 3570 3571
3587 3859 3570 3571
3043 3044 3333 3026
3043 2754 3026 2755
3043 3044 3026 2755
3043 3333 3315 3332
3043 3333 3315 3026
3043 3044 3061 2755
3043 2772 3061 2755
3043 2772 2754 2755
4114 3843 4132 4131
4114 3843 4132 4115
4114 4132 4131 4403
4114 4132 4115 4403
4114 4115 4403 4097
4114 4115 3808 4097
4116 3843 4132 4133
4116 3843 4132 4115
4116 4132 4422 4133
4116 4099 4388 4115
4116 3827 3844 4133
4116 3843 3844 4133
4116 3827 4134 4133
3826 4116 3843 4115
3826 3809 3520 3808
3826 4115 3809 3808
3826 3538 3520 3537
3826 3843 3844 3537
3826 4116 4099 4115
3826 4099 4115 3809
3826 3538 3844 3537
3826 3538 3827 3844
3826 4116 3827 3844
3826 4116 3843 3844
3826 4116 4099 3827
2993 3299 3010 2992
2993 2704 3010 2992
2993 2704 2994 2976
2993 3283 2994 3299
2993 3283 2994 2976
2993 2994 3299 3010
2993 2704 2994 3010
3282 3264 3570 3553
3282 3554 3570 3553
3282 3554 3570 3571
3282 2993 3264 2976
3282 2993 3283 2976
3282 3283 3299 3571
3282 2993 3283 3299
3282 3283 2976 3266
3282 3555 3283 3266
3286 3302 3575 3285
3286 3302 3575 3303
3286 3269 3575 3285
3286 3269 3287 2980
3286 3287 3303 2998
3286 2997 3303 2998
3286 3287 2980 2998
3286 2997 2980 2998
3286 3287 3575 3303
3286 3269 3287 3575
2982 2999 2998 2692
2982 3270 3288 2998
2982 3271 3270 3288
2982 2710 2692 2693
2982 2999 2710 2692
2982 2999 3288 2998
2982 3271 2983 3288
2982 2965 2983 2693
2982 2965 3271 2983
2982 3000 2999 2710
2982 3000 2999 3288
2982 3000 2983 3288
2982 2694 2710 2693
2982 3000 2694 2710
2982 2694 2983 2693
2982 3000 2694 2983
3846 3556 3863 3845
3846 3828 3556 3845
3846 3557 3556 3863
3846 3828 4134 3845
3846 3557 3828 3829
3846 3557 3828 3556
3846 3828 4118 3829
3846 3828 4134 4118
3846 4135 4118 3829
3846 4135 4134 4118
3846 3847 4135 3829
3574 3862 3556 3863
3574 3557 3556 3285
3574 3557 3556 3863
3574 3556 3573 3285
3574 3862 3556 3573
3574 3302 3573 3285
3574 3302 3575 3591
3574 3302 3575 3285
3574 3881 3575 3591
3879 4184 4185 4168
3879 4184 3896 4185
3879 4184 4167 4168
3914 3897 3896 3913
3914 3931 4220 3932
3918 3900 4207 3901
3918 3646 3934 3935
3918 3646 3628 3934
3918 3919 4207 3935
3918 3919 4207 3901
3918 3900 3612 3901
3918 3646 3919 3935
3918 3646 3628 3629
3918 3646 3919 3629
3918 3612 3629 3901
3918 3919 3629 3901
3918 3612 3628 3629
3917 3918 3628 3934
3917 3918 3612 3628
3917 3918 3900 3612
3609 3626 3338 3608
3609 3320 3338 3608
3609 3897 3591 3608
3609 3320 3591 3608
3609 3320 3592 3591
3029 2724 3012 2740
3029 3012 2740 3028
3029 3046 2740 3028
3029 3046 3030 3319
3029 3046 3317 3028
3029 3046 3319 3318
3029 3302 3301 3012
3029 3012 3011 3028
3029 3317 3011 3028
3029 3302 3319 3318
3029 3302 3301 3318
3029 3301 3012 3011
3029 3301 3317 3011
3029 3301 3317 3318
3029 3046 3317 3318
4047 4064 4336 4048
4047 4064 3775 4048
4047 3775 4046 4063
4047 4064 3775 4063
4081 4064 3775 4063
4081 4080 3809 4098
4081 4080 3774 4063
4081 3774 3775 4063
3523 3540 3541 3252
3523 3251 3252 3235
3523 3251 3540 3252
3523 3234 3218 3235
3523 3234 3251 3235
4085 3796 4084 4068
4085 4374 4084 4068
4085 4391 4392 4102
4085 4374 4391 4392
4085 4374 4068 4375
4085 4374 4392 4375
3799 3527 3510 3511
3799 3815 4105 4088
3813 4101 4118 4102
3813 4101 4084 4102
3813 4085 4084 4102
3813 4085 3796 4084
3813 4085 3797 4102
3813 4085 3796 3797
3813 3540 3541 3829
3813 3523 3540 3541
4355 4337 4643 4626
4355 4337 4643 4354
4355 4371 4643 4354
4065 4371 4064 4354
4065 4355 4371 4354
4065 4064 4337 4354
4065 4355 4337 4354
4065 4049 4337 4048
4065 4064 4337 4048
3794 3793 3522 3811
3758 3469 3775 3468
3758 3757 3775 3468
3758 3759 3469 3775
3758 3759 3775 4048
3758 4047 3775 4048
3758 3757 3775 4046
3758 4047 3775 4046
3196 3197 3179 3485
3196 3197 3486 3485
3196 3197 3179 2890
2907 3197 2890 2891
2907 2601 2890 2891
2907 2601 2618 2891
2907 3196 3197 2890
1462 1445 1446 1734
1462 1752 1446 1734
1462 1751 1752 1734
1462 1751 1752 1768
2025 2042 1753 1736
2025 2026 2042 1736
2025 1735 1753 1736
2025 1735 2024 1753
2368 2097 2386 2385
2368 2095 2384 2367
2368 2385 2095 2384
2368 2385 2095 2096
2368 2079 2095 2096
2368 2097 2385 2096
2368 2079 2097 2096
2350 2062 2061 2045
2350 2079 2062 2061
2350 2368 2079 2062
3216 2943 3215 3232
3217 3200 2928 2911
3217 2929 2928 2911
3217 3234 2929 2928
3217 3216 3200 2928
3217 3216 3234 2928
3217 3234 3218 2929
3217 3200 3183 2911
3268 2963 2980 3252
3268 2963 3251 3252
3268 3269 2980 3252
3268 3557 3251 3252
3268 3557 3269 3252
3268 3557 3269 3285
3268 3286 3269 3285
3268 3286 3269 2980
3268 3267 3251 3250
3268 3267 2978 3250
3268 3557 3267 3285
3268 3557 3267 3251
3249 3538 3231 3232
3249 3538 3248 3231
3249 2942 3231 3232
3249 2942 3248 3231
3249 2943 2942 3232
3249 3555 3538 3539
3249 3555 3538 3248
3249 3555 3250 3539
3249 3555 3248 3250
3521 3249 3538 3539
3521 3249 3538 3232
3521 3538 3827 3539
3521 3828 3522 3539
3521 3828 3827 3539
3521 3793 3522 3811
3521 3828 3522 3811
3521 3828 3827 3811
3521 3504 3520 3232
3521 3538 3520 3232
3521 3826 3538 3520
3521 3826 3538 3827
3572 3860 3554 3844
3572 3555 3554 3844
3572 3282 3555 3554
3572 3282 3555 3283
3572 3860 3554 3571
3572 3282 3554 3571
3572 3282 3283 3571
3572 3283 3573 3266
3572 3555 3573 3266
3572 3555 3283 3266
3572 3588 3860 3571
3572 3588 3283 3571
3572 3861 3860 3844
3572 3555 3556 3844
3572 3555 3556 3573
3572 3588 3861 3860
3572 3283 3300 3573
3572 3588 3283 3300
3572 3556 3844 3845
3572 3861 3844 3845
3572 3862 3556 3573
3572 3862 3556 3845
3572 3861 3862 3845
2366 2672 2383 2367
2962 3268 3251 3250
2962 3268 2978 3250
2962 3268 2963 3251
2656 2350 2349 2367
2656 2350 2349 2639
2656 2366 2349 2367
2656 2366 2672 2367
2656 2639 2640 2928
2656 2350 2368 2367
3883 4171 3899 3882
3883 3595 3884 3867
3883 3595 3884 3901
3883 3900 3884 3901
3580 3581 3291 3597
3580 3563 3581 3291
3580 3579 3868 3562
3580 3563 3273 3562
3580 3563 3273 3291
3580 3579 3886 3597
3580 3579 3886 3868
3580 3290 3579 3562
3580 3290 3273 3562
3580 3290 3273 3291
3580 3291 3307 3597
3580 3579 3307 3597
3580 3290 3291 3307
3580 3290 3579 3307
4159 4448 4141 3870
4159 3854 4160 4143
4159 3854 3870 4160
4159 4448 3870 4160
4159 4415 4432 4143
4159 4415 4432 4414
4159 4448 4431 4141
4159 4432 4160 4143
4159 4431 4432 4414
4159 4449 4432 4160
4159 4448 4449 4160
4159 4449 4431 4432
4159 4448 4449 4431
3888 4177 4176 3871
3888 4177 4176 4193
3888 3905 3904 4193
3888 3889 4178 3871
3888 4177 4178 3871
3888 3600 3599 3871
3888 3889 3600 3871
2602 2601 2618 2312
2602 2330 2618 2312
2331 2025 2024 1753
2331 2025 2042 1753
2331 2621 2330 2314
2926 3215 2909 2925
2926 2943 3215 2925
2926 2636 2942 2925
2926 2943 2942 2925
3180 3197 2909 2891
3180 2892 2909 2891
3180 3197 3469 3179
3180 3197 2890 2891
3180 3197 3179 2890
2896 2895 2623 2606
2896 2624 2623 2606
2896 2624 2623 2913
3488 3182 3200 3183
3488 3217 3200 3183
3488 3217 3216 3200
3181 3469 3198 3470
3181 3180 2892 2909
3181 3197 3469 3198
3181 3180 3197 3469
3181 3197 2909 3198
3181 3180 3197 2909
3199 3182 3200 2893
3199 2910 3200 2893
3199 3182 2892 2893
3199 3181 3182 2892
3199 3181 2892 2909
3199 3215 2909 3198
3199 3181 2909 3198
3199 3181 3182 3198
3199 3488 3182 3198
3199 3488 3182 3200
3199 3216 3215 3198
3199 3488 3216 3198
3199 3488 3216 3200
4727 4743 4455 4726
4727 4743 4455 4744
4727 4439 4710 4728
4727 4455 4437 4438
4727 4455 4437 4726
4711 4439 4710 4728
4711 4439 4422 4710
4404 4693 4422 4710
4404 4132 4115 4403
4404 4116 4388 4115
4404 4116 4132 4422
4404 4116 4132 4115
4421 4709 4710 4726
4421 4709 4420 4726
4421 4727 4710 4726
4421 4709 4693 4710
4421 4420 4437 4726
4421 4727 4437 4726
4421 4404 4693 4710
4421 4709 4420 4403
4421 4420 4437 4438
4421 4727 4437 4438
4421 4132 4420 4438
4421 4727 4439 4438
4421 4727 4439 4710
4421 4404 4693 4403
4421 4709 4693 4692
4421 4709 4403 4692
4421 4693 4403 4692
4421 4132 4422 4438
4421 4439 4422 4438
4421 4439 4422 4710
4421 4404 4422 4710
4421 4404 4132 4422
4421 4132 4420 4403
4421 4404 4132 4403
4353 4642 4336 4354
4353 4641 4352 4658
4353 4064 4336 4354
4353 4641 4335 4352
4353 4047 4064 4336
4353 4047 4335 4336
4353 4641 4335 4624
4353 4641 4642 4624
4353 4081 4352 4063
4353 4081 4064 4063
4353 4047 4064 4063
4353 4335 4352 4063
4353 4335 4046 4063
4353 4047 4335 4046
4353 4047 4046 4063
3325 3614 3598 3597
3325 3309 3598 3597
3325 3309 3308 3597
3325 3308 3307 3597
3325 3614 3307 3597
3325 3309 3326 3598
3325 3309 3326 3308
3325 3614 3324 3307
3325 3326 3343 3598
3325 3614 3343 3598
3325 3326 3343 3037
3325 3326 3020 3037
3325 3326 3308 3020
3325 3020 3037 3036
3325 3308 3020 3036
3342 3614 3343 3631
3342 3614 3630 3631
3342 3343 3648 3631
3342 3630 3648 3631
3342 3325 3614 3343
3342 3343 3648 3360
3342 3614 3630 3324
3342 3325 3614 3324
3342 3325 3343 3037
3342 3325 3035 3324
3342 3359 3360 3053
3342 3359 3648 3360
3342 3360 3054 3053
3342 3343 3360 3054
3342 3054 3037 3053
3342 3343 3054 3037
3342 3035 3053 3341
3342 3035 3324 3341
3342 3630 3324 3341
3342 3359 3053 3341
3342 3359 3630 3341
3342 3359 3630 3648
3342 3037 3053 3036
3342 3035 3053 3036
3342 3325 3037 3036
3342 3325 3035 3036
4412 4719 4702 4718
4412 4429 4719 4718
4412 4701 4702 4718
4412 4428 4701 4718
4412 4429 4428 4718
4412 4395 4701 4702
4412 4395 4413 4702
4412 4429 4428 4140
4412 4428 4701 4411
4412 4395 4701 4411
4463 4735 4752 4734
4463 4735 4447 4464
4463 4429 4735 4447
4463 4735 4752 4464
4463 4480 4752 4464
4714 4715 4426 4408
4714 4442 4426 4408
4714 4442 4715 4426
4732 4442 4715 4443
4732 4749 4750 4443
4732 4714 4442 4715
4460 4732 4749 4443
4460 4732 4442 4443
4733 4732 4750 4443
4733 4716 4715 4443
4733 4732 4715 4443
4699 4410 4426 4427
4699 4716 4426 4427
4699 4410 4427 4700
4699 4716 4427 4700
4699 4716 4715 4426
4699 4410 4682 4700
4717 4428 4427 4700
4717 4716 4427 4700
4717 4428 4701 4700
4717 4428 4701 4718
4717 4428 4734 4718
4747 4748 4476 4764
4747 4441 4746 4730
4765 4748 4476 4764
4152 4441 4153 4169
4152 3864 4153 4169
4152 3864 3863 4169
4152 3864 3847 3863
4152 3847 4135 4136
4152 3864 3847 4136
4152 3864 4153 4136
4152 3846 3847 3863
4152 3846 3847 4135
4186 3879 4169 4168
4186 3879 4185 4168
4186 3879 3896 4185
4186 3914 3896 4185
4186 3914 3897 3896
4492 4765 4476 4764
3558 3846 3847 3863
3558 3846 3557 3863
3558 3557 3269 3541
3558 3269 3575 3576
3558 3574 3557 3863
3558 3269 3575 3285
3558 3557 3269 3285
3558 3846 3847 3829
3558 3846 3557 3829
3558 3847 3541 3829
3558 3557 3541 3829
3558 3574 3881 3575
3558 3574 3881 3863
3558 3864 3881 3863
3558 3864 3847 3863
3558 3574 3575 3285
3558 3574 3557 3285
3544 3271 3255 3254
3544 3238 3255 3254
3544 3271 3272 3255
3544 3561 3271 3272
3544 3238 3255 3528
3544 3527 3238 3528
3544 3255 3256 3528
3544 3272 3255 3256
3544 3527 3833 3834
3560 3270 3288 3576
3560 3271 3270 3288
3560 3271 3288 3578
3560 3271 3272 3578
3560 3561 3272 3578
3560 3561 3271 3272
3851 4156 4139 4140
4122 4428 4411 4427
4122 4139 4428 4427
4122 4410 4411 4427
4122 4139 4428 4140
4122 4410 4104 4411
4122 4121 4410 4104
4122 3851 4139 4140
4122 4412 4428 4140
4122 4412 4428 4411
4122 3851 3833 3834
4122 4105 4104 4411
4154 4442 4426 4443
4154 4442 4136 4426
4154 4460 4442 4443
4154 4442 4153 4136
4154 3864 4153 4136
4154 4171 3864 4153
4154 4460 4171 4153
4154 4460 4442 4153
3832 4121 3815 3833
4137 4154 4136 4426
4137 3864 3847 4136
4137 4154 3864 4136
3830 4119 4118 4102
3830 3813 4118 4102
3830 3813 4118 3829
3830 3813 3541 3829
3830 4135 4118 3829
3830 4119 4135 4118
3830 3847 4135 4136
3830 4119 4135 4136
3830 3847 4135 3829
3887 4175 4176 4193
3887 3904 4175 4193
3887 3904 4175 3903
3887 3886 4175 3903
3887 3888 4176 4193
3887 3888 3904 4193
3887 3904 3903 3597
3887 3886 3903 3597
3887 3581 3599 3597
3887 3598 3599 3597
3887 3904 3598 3597
3887 3888 3599 3871
3887 3888 4176 3871
3887 3888 3598 3599
3887 3888 3904 3598
3887 4176 3870 3871
3887 3581 3599 3871
3887 3581 3870 3871
4275 4565 4548 4564
4275 4565 4564 4293
4275 4565 4276 4293
4240 4547 4529 4241
4751 4733 4462 4750
4751 4733 4462 4734
4751 4463 4752 4734
4751 4463 4462 4734
4751 4480 4752 4768
4751 4462 4480 4768
4751 4463 4480 4752
4751 4463 4462 4480
4155 4156 3884 3867
4155 3883 3884 3867
4157 3886 3868 3885
4157 4156 3868 3885
4157 3851 4156 4140
4157 3851 4156 3868
4157 4429 4141 4140
4157 4429 4141 4447
4446 4429 4428 4140
4446 4139 4428 4140
4446 4156 4139 4140
4446 4157 4429 4140
4446 4157 4156 4140
4446 4429 4735 4428
4446 4463 4429 4735
4446 4463 4429 4447
4446 4157 4429 4447
4446 4735 4428 4734
4446 4463 4735 4734
4226 4209 4498 4497
4226 4208 4209 4497
4226 4208 4209 3936
4226 4208 4225 3936
4226 4225 4243 3936
4226 3920 3936 4227
4226 3920 4209 3936
4226 4243 3936 4227
4226 4515 4243 4227
4226 4515 4227 4516
4226 4515 4498 4516
4226 4209 4498 4192
4226 3920 4209 4192
4226 4210 4227 4516
4226 4210 4498 4516
4226 4210 4498 4192
4226 3920 4210 4227
4226 3920 4210 4192
4686 4703 4685 4397
4686 4703 4687 4397
4686 4687 4380 4397
4686 4687 4380 4670
4684 4395 4685 4702
4684 4395 4701 4702
4684 4683 4395 4701
4396 4395 4413 4685
4396 4395 4107 4413
4396 4089 4395 4107
4396 4413 4685 4397
4396 4125 4107 4413
4396 4125 4107 4108
4396 4684 4395 4685
4396 4108 4380 4397
4396 4125 4413 4397
4396 4125 4108 4397
4396 4686 4685 4397
4396 4686 4380 4397
4091 3802 4108 4092
4091 3802 4074 4092
4091 4108 4380 4092
4091 3802 4090 4108
4091 4380 4092 4364
4091 4074 4092 4364
4091 3802 4090 3784
4091 3802 4074 3784
4091 4363 4380 4364
4091 4363 4074 4364
4091 4363 4074 4073
4091 4073 4090 3784
4091 4074 4073 3784
3818 4090 4107 3817
3818 3802 4108 3819
3818 3802 4090 4108
3818 3836 3819 3530
3818 4090 4107 4108
3818 3835 3817 3546
3818 3836 4108 3819
3818 3836 4107 4108
3818 3835 4107 3817
3818 3835 3836 4107
3818 3836 3546 3530
3818 3835 3836 3546
4103 4087 4393 4392
4103 4087 4393 4104
4103 4410 4393 4104
4103 4121 4410 4104
4103 4121 3815 4104
4103 4087 3815 4104
4103 4391 4392 4102
4103 4119 4391 4102
4103 3830 4119 4102
4103 4085 4392 4102
4103 4085 3797 4102
4394 4087 4105 4104
4394 4087 4393 4104
4394 4087 4376 4393
4394 4087 4376 4088
4394 4087 4105 4088
4394 4105 4104 4411
4394 4665 4376 4393
4394 4683 4395 4411
4394 4410 4104 4411
4394 4410 4393 4104
4394 4683 4411 4682
4394 4683 4665 4682
4394 4665 4393 4682
4394 4410 4411 4682
4394 4410 4393 4682
4662 4374 4663 4646
4662 4374 4645 4646
4052 3779 4051 4069
4052 4340 4069 4341
4052 4340 4051 4069
4052 4069 4341 4342
4052 4053 4069 4342
3780 3779 3796 3490
3780 3779 4069 4068
3780 3779 3796 4068
4071 4053 4054 4342
4071 4070 4360 4342
4071 4070 4053 4342
4071 4343 4054 4342
4071 4343 4360 4342
4071 4070 4376 4088
4071 4070 4376 4360
3534 3535 3245 3806
3534 3824 3823 3806
3534 3535 3824 3806
3534 3516 3245 3533
3534 3516 3245 3806
3534 3840 3824 3823
3534 3535 3840 3824
3534 3535 3551 3245
3534 3516 3805 3533
3534 3516 3805 3806
3534 3840 3839 3550
3534 3840 3551 3550
3534 3839 3550 3533
3534 3244 3245 3533
3534 3244 3551 3245
3534 3244 3550 3533
3534 3244 3551 3550
3246 3535 3551 3245
3246 3551 3263 2956
3246 3551 3245 2956
3246 3229 3245 2956
3246 2957 3263 2956
3246 3229 2957 2956
3552 3535 3840 3841
3552 3840 3568 3841
3552 3840 3551 3568
3552 3534 3840 3551
3552 3534 3535 3551
3552 3534 3535 3840
3552 3569 3568 3841
3552 3246 3551 3263
3552 3246 3535 3551
4144 3854 3872 3855
4144 3838 3854 4143
4144 3838 3854 3855
4144 4161 4160 4143
4144 3854 4160 4143
4144 4161 3872 4160
4144 3854 3872 4160
4418 4706 4707 4724
4418 4706 4417 4401
4418 4706 4707 4401
4418 4419 4401 4708
4418 4707 4401 4708
4690 4384 4400 4401
4690 4384 4673 4400
4690 4706 4707 4401
4690 4707 4691 4401
4690 4402 4691 4401
4690 4384 4402 4401
4690 4384 4402 4691
4690 4384 4691 4674
4690 4384 4673 4674
4689 4399 4705 4688
4689 4399 4706 4705
4689 4399 4671 4672
4689 4399 4671 4688
4689 4399 4400 4672
4689 4673 4400 4672
4689 4690 4673 4400
4689 4399 4400 4417
4689 4399 4706 4417
4689 4690 4400 4401
4689 4690 4706 4401
4689 4400 4417 4401
4689 4706 4417 4401
4473 4184 4167 4168
4473 4455 4472 4744
4491 4780 4779 4796
4491 4507 4779 4796
4491 4508 4507 4219
4491 4507 4219 4201
4509 4526 4220 4510
4509 4526 4508 4220
4509 4526 4508 4798
4509 4799 4526 4510
4509 4799 4526 4798
4509 4492 4782 4510
4509 4491 4508 4798
4509 4799 4798 4782
4509 4799 4782 4510
4800 4511 4494 4510
4800 4494 4782 4510
4800 4799 4782 4510
4800 4511 4801 4494
4289 4595 4306 4307
4289 4595 4290 4307
4289 4595 4290 4578
4289 4595 4306 4577
4289 4578 4577 4272
4289 4595 4578 4577
3965 4254 4255 4271
3965 3947 3948 4237
3965 3947 4254 4237
3965 3983 4255 4271
3965 3966 3983 4255
3965 3947 3659 3948
3965 3659 3948 3949
3965 4254 4271 3964
3965 3947 4254 3964
3965 3966 3677 3949
3965 3659 3677 3949
3965 3659 3677 3676
3965 3966 3983 3677
3965 3947 3676 3964
3965 3947 3659 3676
3965 3694 3677 3676
3965 3694 3983 3677
3387 3371 3370 3660
3387 3371 3677 3660
3387 3371 3370 3081
3387 3694 3677 3676
3387 3694 3693 3676
3387 3659 3370 3660
3387 3659 3677 3660
3387 3659 3370 3676
3387 3659 3677 3676
4514 4786 4513 4497
4514 4786 4787 4497
4514 4786 4513 4803
4514 4226 4498 4497
4514 4226 4515 4498
4514 4787 4498 4497
4514 4787 4515 4498
4514 4804 4786 4787
4514 4804 4787 4515
4514 4513 4803 4531
4514 4804 4786 4803
4514 4208 4513 4497
4514 4208 4513 4225
4514 4226 4208 4497
4514 4226 4208 4225
4514 4513 4225 4531
4514 4226 4225 4243
4514 4226 4515 4243
4514 4804 4803 4531
4514 4804 4515 4531
4514 4225 4531 4243
4514 4515 4531 4243
3095 3401 3384 3096
3095 3079 3096 2807
3383 3366 3077 3078
3383 3384 3400 3672
3383 3367 3366 3078
3383 3384 3367 3078
3385 3097 3369 3368
3385 3097 3079 3096
3385 3097 3079 3368
3385 3079 3368 3078
3385 3095 3384 3078
3385 3095 3384 3096
3385 3368 3367 3078
3385 3384 3367 3078
3385 3095 3079 3078
3385 3095 3079 3096
3625 3914 3897 3913
3625 3624 3931 3913
3625 3897 3913 3607
3625 3624 3913 3607
3625 3914 3931 3913
3625 3624 3931 3642
3625 3609 3626 3608
3625 3609 3897 3608
3625 3336 3626 3608
3625 3624 3336 3608
3625 3897 3607 3608
3625 3624 3607 3608
3625 3914 3931 3932
3625 3626 3932 3642
3625 3931 3932 3642
3625 3336 3626 3642
3625 3624 3336 3642
3045 3351 3335 3334
3045 3317 3335 3334
3045 3044 3317 3334
3045 3063 3351 3335
3045 3046 3317 3335
3045 3063 3046 3335
3045 3044 3317 3028
3045 3063 3062 2773
3045 3063 3351 3062
3045 3046 3317 3028
3045 3351 3062 3061
3045 3044 2755 3028
3045 2772 2773 2755
3045 2772 3062 2773
3045 3044 3061 2755
3045 2755 2756 3028
3045 2773 2755 2756
3045 2757 3046 3028
3045 2757 3063 2773
3045 2757 3063 3046
3045 2772 3061 2755
3045 2772 3062 3061
3045 2757 2756 3028
3045 2757 2773 2756
3080 3063 3062 3368
3080 3062 3079 2790
3080 3062 3079 3368
3080 3062 2773 2790
3080 3063 3062 2773
3080 2791 3079 2790
3080 2791 2774 2790
3080 2773 2774 2790
3080 3063 2773 2774
3080 3097 3079 3368
3080 3097 2791 3079
3080 3063 3064 3352
3080 3063 3368 3352
3080 3097 3369 3368
3080 3063 2775 2774
3080 3063 2775 3064
3080 3369 3064 3352
3080 3369 3368 3352
3080 2775 3081 3064
3080 3369 3081 3064
3080 3097 3369 3081
3080 3097 2791 3081
3113 3095 3401 3096
3417 3723 3724 3706
3417 3724 3706 3707
3417 3418 3724 3707
3417 3401 3418 3707
3417 3690 3706 3707
3417 3690 3401 3707
3417 3401 3128 3418
3417 3690 3401 3400
3417 3690 3689 3706
3417 3690 3689 3400
2585 2567 2874 2584
2585 2567 2874 2857
2007 1718 1990 2006
3452 3435 3451 3162
3452 3435 3163 3162
3452 3435 3741 3451
3452 3435 3163 3164
3641 3624 3642 3352
3641 3624 3640 3352
3641 3946 3930 3929
3641 3640 3930 3929
3641 3640 3946 3929
3641 3624 3640 3930
3641 3624 3931 3642
3641 3624 3931 3930
3641 3931 3948 3642
3424 3136 3119 3135
3168 2861 2879 2862
2880 2591 2879 2862
2880 3168 2879 2862
2880 2591 2863 2862
2880 3168 3152 2862
2880 3168 3169 3152
2880 3152 2863 2862
2880 2591 2863 2592
2865 2847 2575 2576
2865 2577 2575 2576
2865 2847 2848 2576
2865 3136 2847 2848
2865 2577 2866 2576
2865 2848 2866 2576
2593 2304 2575 2592
2593 2865 2577 2575
2593 2577 2304 2594
2593 2577 2304 2575
2883 2577 2866 2594
2883 2593 2577 2594
2883 2865 2577 2866
2883 2884 2594 2578
2883 2866 2594 2578
2883 2866 2884 2578
2883 2593 2865 2577
2883 2593 2865 2882
3996 3995 3978 3706
3996 3690 3978 3706
3996 3690 3978 3979
3996 3690 3706 3707
3996 3997 3690 3707
3996 3997 3690 3979
3996 3997 4013 3707
3996 3724 3706 3707
3996 3724 4013 3707
3708 3997 4013 3707
3708 3997 3725 4013
3708 3420 3709 3726
3708 3997 3691 3707
3708 3997 3691 3981
4236 4218 4235 4219
4236 4218 4235 3946
4236 4218 3930 4219
4236 4218 3946 3930
4236 3641 3946 3930
4236 3641 3947 3946
4236 3931 3930 4219
4236 3641 3931 3930
4236 4220 4219 4237
4236 3931 4220 4237
4236 3931 4220 4219
4236 3931 3948 4237
4236 3641 3931 3948
4236 3947 3948 4237
4236 3641 3947 3948
4200 4218 4217 4201
4200 4218 3912 4201
4200 4218 4217 3929
4200 4218 3912 3929
4200 4184 3912 4201
4200 3911 4217 3929
4200 3911 3912 3929
4251 4252 3980 4269
4251 3962 3961 3979
4251 4267 3961 3979
4251 4252 4269 4541
4251 4540 4252 4541
3655 3962 3961 3672
3655 3962 3961 3944
3655 3962 3945 3944
3655 3656 3367 3366
3655 3928 3944 3927
3655 3928 3945 3944
3655 3656 3928 3927
3655 3656 3928 3945
3673 3690 3979 3672
3673 3962 3979 3672
3673 3690 3691 3979
3673 3690 3384 3672
3673 3655 3962 3672
3673 3655 3962 3945
3673 3383 3384 3672
3673 3383 3384 3367
3673 3385 3384 3367
3673 3655 3366 3672
3673 3655 3367 3366
3673 3655 3656 3367
3673 3655 3656 3945
3673 3383 3366 3672
3673 3383 3367 3366
4233 4505 4523 4522
3350 3656 3351 3367
3350 3351 3367 3061
3350 3656 3639 3640
3350 3656 3351 3640
3350 3349 3367 3061
3350 3639 3640 3334
3350 3351 3640 3334
3350 3043 3349 3332
3350 3043 3349 3061
3350 3044 3333 3334
3350 3045 3044 3334
3350 3045 3351 3334
3350 3045 3044 3061
3350 3045 3351 3061
3350 3043 3333 3332
3350 3622 3333 3332
3350 3639 3622 3332
3350 3622 3333 3334
3350 3639 3622 3334
3350 3043 3044 3061
3350 3043 3044 3333
3727 3728 4033 3744
3727 4033 4032 3744
3727 3438 3728 3744
3727 3728 4033 4016
3727 3743 4032 3744
3727 3725 3743 3726
3727 3725 3743 4032
3727 3437 3743 3726
3727 3438 3437 3726
3727 3454 3743 3744
3727 3454 3437 3743
3727 3438 3454 3744
3727 3438 3454 3437
3455 3438 3454 3744
3455 3438 3454 3437
3710 3727 3438 3726
3710 3727 3438 3728
4591 4303 4592 4302
4591 4302 4608 4590
4591 4592 4302 4608
4591 4880 4608 4590
4591 4592 4880 4608
4591 4863 4573 4574
4591 4863 4879 4880
4591 4879 4880 4590
4591 4881 4863 4880
4591 4881 4592 4880
4591 4879 4573 4590
4591 4879 4573 4862
4591 4863 4879 4862
4591 4863 4573 4862
4015 3727 3725 4032
4015 3727 4033 4032
4015 3727 4033 4016
4015 3727 3725 3726
4287 4559 4576 4558
4287 4288 4559 4576
4287 4558 4269 4286
4287 4288 4559 4270
4287 3980 4269 4286
4287 3980 4270 4269
4287 4559 4558 4269
4287 4559 4270 4269
4287 3997 3980 4286
4012 4029 4030 3740
4012 4030 3724 3740
4012 3723 3724 3740
4012 4030 3724 4013
4012 3996 3724 4013
4012 4030 4302 4013
4012 4029 4030 4302
4012 3723 3724 3706
4012 3996 3724 3706
4012 3996 4302 4013
4012 3996 3995 3706
4012 3996 4301 3995
4012 4029 4301 4302
4012 3996 4301 4302
4557 4251 4269 4541
4557 4251 4540 4541
4557 4558 4269 4541
4557 4847 4558 4541
4557 4846 4847 4574
4557 4558 4574 4269
4557 4847 4558 4574
4557 4846 4847 4829
4557 4846 4556 4574
4557 4540 4539 4829
4557 4846 4845 4829
4557 4846 4556 4845
4557 4556 4845 4539
4557 4845 4539 4829
4557 4556 4267 4539
4305 4288 4306 4016
4305 4015 4288 4016
4305 4321 4610 4593
4305 4288 4576 4577
4305 4288 4306 4577
4305 4287 4288 4576
4830 4831 4524 4541
4830 4540 4524 4541
4830 4813 4540 4524
4830 4814 4831 4524
4830 4814 4813 4524
4830 4813 4540 4829
4830 4848 4831 4541
4830 4848 4847 4541
4830 4557 4540 4541
4830 4557 4540 4829
4830 4557 4847 4541
4830 4557 4847 4829
4525 4814 4542 4524
4525 4814 4815 4542
4525 4814 4508 4815
4525 4526 4508 4237
4525 4508 4507 4219
4525 4526 4815 4542
4525 4526 4508 4815
4525 4508 4219 4237
4525 4254 4526 4237
4525 4254 4526 4542
4525 4235 4507 4219
4525 4235 4507 4524
4525 4236 4219 4237
4525 4236 4235 4219
4797 4507 4524 4796
4797 4814 4524 4796
4797 4525 4507 4524
4797 4525 4814 4524
4797 4491 4507 4796
4797 4491 4508 4507
4797 4525 4508 4507
4797 4525 4814 4508
4797 4491 4780 4796
4797 4508 4815 4798
4797 4814 4508 4815
4797 4491 4780 4798
4797 4491 4508 4798
3910 3911 3621 3927
3910 3911 3928 3927
3910 3911 4217 3928
3910 4200 4217 4199
3910 4200 3911 4217
3910 4200 4182 4199
4506 4777 4795 4794
4506 4777 4488 4794
4506 4505 4488 4794
4506 4505 4795 4794
4506 4505 4523 4795
4506 4505 4523 4217
4506 4523 4507 4795
4506 4523 4217 4507
4506 4505 4488 4199
2504 2793 2522 2810
2504 2521 2810 2520
2504 2521 2522 2810
2504 2522 2232 2215
2504 2521 2522 2232
2504 2488 2487 2215
2504 2488 2776 2487
2504 2793 2488 2776
2504 2793 2488 2505
2504 2793 2522 2505
2504 2487 2197 2215
2504 2776 2487 2486
2504 2488 2505 2215
2504 2522 2505 2215
2504 2487 2197 2486
2504 2503 2197 2486
2556 2829 2540 2539
2556 2829 2557 2540
2556 2557 2573 2845
2556 2538 2827 2539
2556 2829 2557 2845
2427 2411 2121 2410
2427 2411 2717 2410
2427 2717 2428 2445
2427 2411 2717 2428
2427 2155 2444 2445
2427 2717 2444 2445
2427 2716 2717 2444
1817 1834 1833 2123
1817 1834 1544 1545
1817 1834 1833 1544
1817 1833 2123 2105
1817 1835 1834 2123
1817 1818 1835 2123
1817 1835 1834 1545
1817 1818 1511 1800
1817 1511 1545 1529
1817 1818 1511 1529
1817 1544 1545 1528
1817 1511 1545 1528
1817 1818 1835 1529
1817 1835 1545 1529
1817 1818 2106 1800
1817 1818 2106 2123
1817 2106 2105 1800
1817 2106 2123 2105
1272 1561 1544 1562
1272 1256 1544 1562
1272 1256 1273 1562
1272 1578 1561 1562
1272 1256 1273 966
1272 1579 1273 1562
1272 1578 1579 1562
1272 1579 1290 1273
1272 1578 1579 1290
1272 1578 1288 1289
1272 1578 1577 1288
1272 1578 1577 1561
1272 1273 966 983
1272 982 966 983
1272 1578 1290 1289
1272 1290 1289 983
1272 1290 1273 983
1272 982 1289 983
1272 1288 982 1289
1237 1238 1221 1220
1237 1254 947 1236
1237 1220 947 1236
1237 1238 948 1254
1237 1238 948 1220
1237 948 1254 947
1237 948 1220 947
554 571 282 283
554 553 282 265
554 571 553 282
554 249 538 248
554 553 537 265
554 537 265 248
554 538 537 248
859 571 553 570
859 842 553 570
841 569 552 570
841 842 552 570
841 569 552 551
841 859 569 570
841 859 842 570
841 569 568 551
841 840 568 551
841 857 569 568
841 840 857 568
825 519 536 807
825 842 536 537
825 519 536 537
825 826 842 537
825 1098 826 809
825 519 809 520
825 826 809 520
825 519 520 537
825 826 520 537
1048 759 776 1065
1048 1064 776 1065
1048 1064 759 776
1048 1064 759 1047
1048 1064 1354 1065
1048 1064 1354 1047
1048 1049 760 1065
1048 759 760 1065
1048 1031 759 1047
1048 1354 1066 1065
1048 1049 1066 1065
1048 1031 1049 760
1048 1031 759 760
1048 1031 1049 1321
1048 1338 1354 1066
1048 1338 1049 1066
1048 1354 1047 1337
1048 1338 1354 1337
1048 1338 1049 1321
1048 1320 1031 1047
1048 1320 1031 1321
1048 1338 1321 1337
1048 1320 1047 1337
1048 1320 1321 1337
1645 1628 1340 1339
1645 1628 1627 1339
1645 1355 1627 1339
1645 1934 1917 1627
1645 1628 1917 1627
1645 1662 1934 1661
1645 1662 1355 1661
1645 1934 1627 1661
1645 1355 1627 1661
1918 1628 1917 1900
1918 2207 2190 1900
1918 1612 1628 1900
1918 1645 1934 1917
1918 1645 1628 1917
1918 1645 1935 1934
1918 1901 2190 1900
1918 1612 1901 1900
1918 2208 1902 2190
1918 2208 2207 2190
1918 1901 1902 2190
1918 1612 1901 1902
1918 2208 1919 1902
1646 1664 1663 1375
1646 1645 1935 1934
1646 1645 1662 1934
1954 1664 1937 1936
1954 2226 1937 1936
1954 2243 2226 1936
1954 2243 1953 1936
1954 1664 1953 1936
1954 2243 1971 1953
1954 1681 1971 1953
1954 1664 1681 1953
1954 1664 1681 1665
1954 1681 1665 1682
1954 1681 1971 1682
1920 1631 1919 1937
1920 1631 1919 1902
1920 2225 1937 2209
1920 1919 2225 1937
1920 2208 2225 2209
1920 2208 1919 2225
1920 2192 1902 1903
1920 2208 1919 1902
1920 2208 2192 2209
1920 2208 2192 1902
1648 1664 1919 1937
1648 1631 1919 1937
1648 1954 1664 1937
1648 1954 1664 1665
1358 1069 1086 1070
1358 1087 1086 1070
1102 814 1103 1086
1102 814 796 1086
1102 1119 1391 1103
1392 1393 1681 1375
1392 1391 1681 1375
1392 1393 1103 1375
1392 1391 1103 1375
1392 1410 1393 1103
1392 1681 1698 1682
1392 1393 1681 1682
1392 1680 1681 1698
1392 1391 1680 1681
725 436 726 454
725 742 726 454
725 436 453 454
725 742 453 454
725 420 726 708
725 420 436 708
725 420 436 726
725 726 708 1014
725 742 726 1014
725 435 453 724
725 436 435 453
725 741 453 724
725 742 741 453
725 708 1014 724
725 708 435 724
725 741 1014 724
725 742 741 1014
725 419 708 435
725 436 419 435
725 436 419 708
468 451 740 757
468 469 740 757
468 452 451 740
468 452 469 740
468 451 757 450
468 484 757 450
468 469 774 757
468 484 774 757
468 484 450 179
468 486 469 774
468 452 451 163
468 450 179 162
468 451 450 162
468 486 774 485
468 484 774 485
468 484 485 179
468 179 162 163
468 451 162 163
468 180 179 163
468 452 180 163
468 197 180 179
468 197 486 180
468 197 485 179
468 197 486 485
211 229 228 518
789 790 807 518
789 790 1079 807
789 500 501 518
789 790 501 518
789 790 1079 773
789 790 501 773
789 483 501 773
789 500 483 501
789 1062 1079 773
1096 1080 1079 1369
1096 1080 1097 1369
1096 1385 1097 1369
1096 790 1080 1079
1096 1368 1079 1369
1096 1385 1368 1369
1096 790 1079 807
230 519 231 247
230 229 536 247
230 519 536 247
230 519 229 536
230 229 213 518
230 519 229 518
230 519 231 502
230 213 502 518
230 519 502 518
230 213 502 214
230 231 502 214
539 249 538 232
539 232 521 233
539 538 232 521
827 809 521 810
827 826 538 520
827 826 809 520
827 539 538 521
827 538 520 521
827 809 520 521
827 1098 809 810
827 1098 826 1116
827 1098 826 809
827 811 521 810
827 539 811 521
827 1098 1099 810
827 1098 1116 1099
827 539 811 828
827 1100 1116 828
827 1100 1099 810
827 1100 1116 1099
827 811 1100 810
827 811 1100 828
490 201 491 473
490 779 778 473
490 795 779 778
490 795 796 779
490 780 491 473
490 780 779 473
490 200 201 217
490 780 779 797
490 201 219 202
490 219 202 491
490 201 202 491
793 521 792 503
793 504 521 503
793 792 776 503
793 521 792 810
793 811 521 810
793 504 811 521
793 504 811 505
793 1082 792 776
793 1082 792 810
793 811 794 810
793 811 505 794
793 1082 776 1065
793 1082 810 1083
793 794 810 1083
793 1082 1083 1065
793 794 1083 1065
777 795 1067 778
777 795 505 794
777 795 1067 794
777 761 1067 778
777 761 1067 760
777 1067 760 1065
777 1067 794 1065
777 793 794 1065
777 793 505 794
777 760 776 1065
777 793 776 1065
777 759 760 776
777 759 471 760
1068 1084 795 796
1068 1084 795 1067
1068 795 796 779
1068 796 779 1086
1068 795 779 778
1068 795 1067 778
1068 1069 779 1086
1068 1358 1069 1086
1373 1084 1067 1083
1373 1066 1372 1083
1373 1067 1066 1083
1373 1389 1372 1083
1373 1084 1389 1083
1373 1662 1389 1372
1373 1068 1084 1067
1373 1355 1066 1372
1373 1662 1355 1372
1373 1662 1389 1390
812 1084 795 796
812 795 506 794
812 1084 795 794
812 811 506 794
812 811 1100 794
812 1084 1100 794
812 811 1100 828
262 279 568 551
262 550 568 551
262 550 279 568
262 550 261 279
262 280 279 551
262 263 280 551
262 263 246 551
856 840 857 568
856 840 550 839
533 840 550 551
533 262 550 551
533 262 550 261
533 822 516 534
533 840 550 839
533 821 822 839
533 821 822 516
997 1286 998 980
997 1286 1287 998
997 709 998 980
997 709 1287 998
997 709 708 980
997 709 708 1015
997 709 1287 1015
997 1013 708 1014
997 708 1014 1015
997 1287 1014 1015
997 708 707 980
997 1013 708 707
997 1269 996 980
997 1286 1269 980
997 707 996 980
997 1013 707 996
1285 1286 1269 1574
1285 1269 996 1267
1285 997 1269 996
1285 997 1286 1269
1285 1284 996 1267
1285 1284 1573 1267
1285 1573 1557 1267
1285 1573 1557 1574
1285 1268 1557 1267
1285 1268 1269 1267
1285 1268 1557 1574
1285 1268 1269 1574
1285 1284 1301 996
1285 1284 1301 1573
236 525 219 220
526 525 798 509
526 525 798 815
526 525 815 832
508 525 509 797
508 525 219 509
508 491 509 797
508 219 491 509
508 490 219 491
508 236 525 219
508 780 491 797
508 490 780 797
508 490 780 491
508 814 796 797
508 525 814 797
508 796 779 797
508 490 779 797
508 490 796 779
762 780 779 473
762 780 763 779
762 779 778 473
543 542 832 831
543 525 832 831
543 526 525 832
543 542 525 831
1104 814 1103 815
1104 1087 814 815
1104 1087 814 1103
1104 1410 1393 1103
829 845 540 557
829 845 846 557
829 845 540 828
829 812 540 828
829 812 830 540
1134 829 845 828
1134 1151 1150 862
1135 1134 1151 862
1135 1134 829 845
1135 845 846 863
1135 829 845 846
1135 845 862 863
1135 1134 845 862
1118 1134 829 828
1118 1135 1134 829
1118 829 812 830
1118 812 1100 828
1118 829 812 828
2291 2019 2001 2308
2291 2002 2019 2001
2291 1985 2002 1986
2291 2002 2273 2001
2291 1985 2273 2274
2291 1985 2002 2273
1120 815 832 831
1120 1102 1119 1103
1120 814 815 831
1120 814 1103 815
1120 1102 814 831
1120 1102 814 1103
1120 1102 830 831
1120 1102 1119 830
1714 1696 2002 1713
1714 1696 2002 1697
1714 1696 1424 1713
1714 1424 1441 1713
864 848 1137 865
1154 1155 1137 865
1154 864 1137 865
1154 864 1153 1137
3146 2873 2856 3145
3146 2873 2874 2856
3146 2874 2856 2857
3146 2873 2874 3163
3146 2840 2856 2857
3146 2874 3163 2857
3146 2873 3162 3145
3146 2873 3163 3162
3146 3163 3162 3145
3146 3147 3163 2857
3146 3128 3418 3145
3146 3435 3163 3145
3146 3435 3147 3163
3146 3435 3418 3145
3146 3435 3147 3418
3386 3385 3097 3096
3386 3385 3097 3369
3386 3387 3693 3676
3386 3387 3370 3676
2809 3097 2791 3081
2809 2808 3097 2791
2809 2808 3097 2825
2809 2808 2791 2520
2809 2537 2810 2520
2809 2808 2537 2520
3421 3420 3437 3131
3421 3438 3437 3726
3421 3420 3437 3726
3421 3710 3438 3726
3421 3710 3709 3693
3421 3420 3709 3726
3421 3710 3709 3726
3133 2861 3134 2845
1657 1369 1675 1641
1657 1351 1369 1641
1657 1368 1351 1369
1657 1385 1369 1675
1657 1385 1368 1369
1657 1675 1641 1658
1657 1946 1675 1658
1657 1674 1946 1675
1657 1351 1640 1641
1657 1385 1674 1675
1657 1929 1641 1658
1657 1946 1929 1658
1657 1640 1929 1641
1657 1945 1640 1929
1657 1945 1946 1929
1657 1639 1945 1640
1979 1962 1674 1690
1979 1674 1691 1690
1979 1980 1674 1691
1979 1980 1674 1963
1979 1962 1674 1963
1979 1962 2268 1978
1979 1962 2269 2268
1979 2269 1980 1963
1979 1962 2269 1963
1420 1403 1421 1115
1420 1403 1421 1709
1420 1403 1402 1709
1420 1437 1421 1709
1386 1403 1404 1097
1386 1404 1387 1676
1386 1404 1676 1693
1386 1403 1404 1693
1386 1098 1404 1097
1386 1098 1404 1387
1386 1692 1676 1675
1386 1692 1676 1693
1386 1692 1403 1693
1386 1370 1676 1675
1386 1387 1370 1676
1386 1098 1097 1081
1386 1098 1387 1081
1386 1385 1692 1675
1386 1385 1403 1097
1386 1385 1692 1403
1386 1370 1369 1675
1386 1387 1370 1081
1386 1385 1369 1675
1386 1385 1097 1369
1386 1080 1370 1369
1386 1080 1097 1369
1386 1080 1370 1081
1386 1080 1097 1081
2526 2527 2833 2815
2526 2527 2815 2509
2526 2508 2815 2509
2526 2814 2508 2815
2526 2236 2508 2509
2526 2814 2508 2525
2526 2814 2542 2525
2526 2236 2508 2525
2560 2559 2849 2576
2560 2559 2287 2576
2560 2559 2271 2287
2560 2577 2287 2576
2560 2577 2866 2576
2560 2849 2866 2576
2560 2849 2544 2561
2560 2271 2287 2288
2560 2577 2287 2288
2560 2577 2866 2578
2560 2577 2288 2578
2560 2866 2561 2578
2560 2849 2866 2561
2254 2559 2271 2270
2254 2271 1982 2270
2254 2560 2559 2271
2254 1964 1982 2270
2254 1964 1982 1965
2254 1966 1982 1965
2254 2271 1982 1983
2254 1966 1982 1983
1710 1999 1727 1711
1710 1999 1709 1693
1710 1999 1711 1693
1710 1999 1726 1709
1710 1999 1726 1727
1710 1422 1711 1693
1710 1728 1422 1711
1710 1728 1727 1711
1710 1726 1727 1438
1710 1421 1709 1693
1710 1421 1422 1693
1710 1421 1422 1438
1710 1728 1727 1438
1710 1437 1726 1438
1710 1437 1726 1709
1710 1437 1421 1438
1710 1437 1421 1709
1710 1439 1728 1438
1710 1439 1422 1438
1710 1439 1728 1422
3120 3119 3408 3102
3120 3409 3408 3102
3120 3119 3102 2830
3120 3119 2831 2830
3120 3409 3103 3102
3120 3102 2830 2813
3120 2831 2830 2813
3120 3136 3119 2831
3120 2814 2831 2813
3120 3103 3102 2813
3120 2814 3103 2813
3681 3680 3408 3391
3681 3409 3408 3391
3681 3680 3663 3391
3681 3375 3663 3391
3681 3409 3392 3391
3681 3375 3392 3391
3681 3375 3663 3664
3681 3393 3409 3392
3681 3375 3393 3392
3681 3970 3680 3987
3681 3970 3663 3664
3681 3970 3680 3663
3682 3393 3683 3376
3682 3375 3393 3376
3682 3375 3665 3376
3682 3375 3665 3664
3682 3683 3376 3666
3682 3665 3376 3666
3682 3681 3375 3664
3682 3681 3375 3393
3682 3665 3954 3666
3682 3665 3954 3664
3682 3970 3954 3664
3682 3681 3970 3664
3682 3683 3955 3666
3682 3954 3955 3666
3428 3717 3718 3701
3428 3429 3718 3701
3428 3429 3157 3139
2256 2562 2273 2274
2255 1966 1967 1983
2255 2254 1966 1983
2255 2256 1967 2238
2255 2256 2544 2238
2255 2544 2527 2238
2255 1966 1965 1949
2255 2254 1966 1965
2307 2289 2595 2306
2307 2289 2000 2001
2307 2289 2306 2000
2307 2017 2306 2000
2018 1712 2001 1729
2018 2019 2001 1729
2018 1728 1712 1729
2018 2017 1728 1712
2018 1712 2000 2001
2018 2017 1712 2000
2018 2307 2000 2001
2018 2307 2017 2000
2018 2019 2001 2308
2018 2307 2001 2308
1708 1726 1998 1709
1708 1981 1998 1709
1708 1725 1437 1726
1708 1437 1726 1709
1708 1725 1726 2015
1708 1726 1998 2015
1708 1420 1437 1709
1708 1692 1981 1709
1708 1692 1981 1980
1708 1420 1402 1709
1708 1692 1402 1709
1708 1692 1980 1691
1708 1692 1402 1691
1075 786 802 785
1092 1075 1365 1364
1129 856 840 839
1129 856 840 857
1994 2301 2284 2300
2590 2301 2574 2591
2590 2284 2572 2574
2590 2301 2284 2574
2590 2301 2284 2572
2590 2591 2879 2862
2590 2574 2591 2862
2590 2572 2879 2862
2590 2572 2574 2862
2590 2572 2878 2879
2590 2589 2572 2878
2590 2589 2300 2572
2590 2301 2300 2572
2854 3160 2872 2871
2549 2259 2260 2532
1695 1696 1984 1406
1695 1984 1694 1406
1695 1696 1389 1406
1695 1696 1984 1968
1695 1389 1388 1678
1695 1389 1679 1678
1695 1696 1389 1679
1695 1967 1968 1678
1695 1984 1967 1968
1695 1679 1968 1678
1695 1696 1679 1968
1695 1677 1388 1678
1695 1694 1677 1388
1695 1694 1405 1406
1695 1694 1405 1388
1695 1966 1677 1678
1695 1966 1694 1677
1695 1966 1967 1678
1695 1984 1966 1967
1695 1966 1694 1983
1695 1984 1694 1983
1695 1984 1966 1983
1695 1389 1405 1406
1695 1389 1405 1388
1095 1096 1385 1368
1095 1096 1368 1079
1095 1096 1079 807
1673 1674 1691 1690
1673 1385 1674 1691
1673 1657 1385 1674
1673 1657 1385 1368
1673 1962 1674 1690
1312 1311 1295 1601
1312 1329 1311 1601
1312 1024 1313 1296
1312 1295 1024 1296
1312 1585 1313 1296
1312 1585 1295 1296
1312 1585 1295 1601
1312 1329 1619 1601
1312 1585 1601 1602
1312 1619 1601 1602
1312 1585 1313 1602
1312 1619 1313 1602
1021 1311 1022 1327
1021 1311 1022 1005
1021 1038 1022 1327
1021 1311 1327 1310
1021 1311 1294 1310
1021 1311 1005 1294
1021 1294 1293 1310
1021 1005 1294 1293
1021 1005 1004 1293
1021 1037 1327 1020
1021 1038 1037 1327
1021 731 1004 1020
1021 1309 1293 1020
1021 1309 1293 1310
1021 1327 1309 1020
1021 1327 1309 1310
1021 731 1037 1020
1021 1038 731 1037
699 410 411 427
699 717 411 427
699 715 698 427
699 410 698 427
699 987 715 698
699 1005 987 715
699 1005 987 988
734 750 1022 733
734 445 750 733
734 717 428 735
734 446 428 735
734 445 446 428
1007 717 1024 718
1007 717 701 718
1007 719 1024 718
1007 719 701 718
1007 989 717 701
1007 991 719 701
1007 989 701 990
1007 991 701 990
1007 989 1278 990
1007 1278 1279 990
1007 1295 1278 1279
1007 991 1279 990
1007 991 1296 1279
1007 1295 1296 1279
1007 1295 1024 1296
1006 1311 1022 1005
1006 1311 1295 1294
1006 1311 1005 1294
1006 1312 1311 1295
1006 1007 989 717
1006 699 989 717
1006 1312 1295 1024
1006 1007 1295 1024
1006 1007 717 1024
1006 1295 1294 1278
1006 1007 1295 1278
1006 1007 989 1278
1006 989 988 1278
1006 699 1005 988
1006 699 989 988
1006 988 1294 1278
1006 1005 988 1294
714 1004 715 698
714 426 715 698
714 1004 698 697
714 408 698 697
732 1021 731 1004
732 1021 1038 731
732 714 1004 715
732 714 731 1004
732 1038 1022 733
732 1021 1038 1022
732 1005 1004 715
732 1021 1005 1004
732 714 426 715
732 1021 1022 1005
683 989 701 990
683 989 972 990
683 989 972 971
683 956 667 955
683 972 956 955
683 972 955 971
2365 2381 2075 2093
2365 2381 2364 2075
2365 2076 2075 2093
2365 2076 2364 2075
2365 2381 2382 2093
2365 2076 2364 2348
2365 2382 2383 2093
2091 2381 2074 2380
2091 2381 2074 2075
2091 1785 2074 2075
2125 2108 1820 1837
2125 2126 2143 1837
2125 2126 2109 1837
2125 2108 2109 1837
2125 2108 2126 2109
1564 1854 1565 1548
1564 1275 1565 1581
1564 1275 1565 1548
1871 2160 1888 1872
1871 2160 1888 1870
1871 2160 1855 1872
1871 1854 2160 1855
1871 1888 1599 1872
1871 1888 1599 1870
1871 1566 1855 1872
1871 1854 1566 1855
1871 1600 1599 1872
1871 1582 1600 1599
1871 1598 1599 1870
1871 1598 1582 1599
1871 1566 1583 1872
1871 1582 1566 1583
1871 1565 1582 1566
1871 1854 1565 1566
1871 1565 1582 1581
1871 1600 1583 1872
1871 1582 1600 1583
1871 1598 1870 1581
1871 1598 1582 1581
1871 1564 1565 1581
1871 1564 1854 1565
2703 2704 3010 2992
2703 2686 2415 2414
2703 2686 2704 2415
2703 3009 3010 2992
2703 3009 2720 3010
2703 2720 2721 3010
2703 2704 2721 3010
2703 2431 2721 2414
2703 2431 2720 2721
2703 2415 2721 2414
2703 2704 2415 2721
2705 2722 2721 3010
2705 2704 2721 3010
2705 2722 2994 3010
2705 2704 2994 3010
2705 2704 2415 2721
2705 2722 2994 2723
2705 2415 2721 2416
2705 2722 2721 2416
2705 2722 2416 2723
2705 2704 2415 2688
2705 2706 2416 2723
2705 2977 2704 2688
2705 2977 2704 2994
2705 2977 2706 2688
1328 1345 1039 1344
1328 1039 1327 1344
1328 1345 1634 1344
1328 1345 1617 1634
1328 1345 1039 1346
1328 1345 1617 1346
1328 1616 1327 1344
1328 1311 1039 1327
1328 1634 1616 1344
1328 1617 1634 1616
1328 1329 1039 1346
1328 1329 1617 1346
1328 1616 1327 1310
1328 1311 1327 1310
1328 1329 1311 1039
1328 1329 1311 1617
1328 1616 1600 1310
1328 1617 1616 1600
1328 1311 1600 1310
1328 1311 1617 1600
1925 1909 1926 2215
1925 2197 1909 2215
1925 2232 1926 2215
1925 1943 2232 1926
2248 2521 2537 2520
2248 2538 2521 2537
2484 2178 2485 2212
2484 2773 2485 2756
2484 2772 2773 2756
2484 2772 2466 2756
2484 2772 2483 2466
2484 2772 2483 2500
2484 2178 2194 2212
2484 2178 2483 2194
2484 2773 2485 2790
2484 2772 2773 2790
2484 2501 2212 2500
2484 2501 2485 2212
2484 2194 2212 2500
2484 2483 2194 2500
2484 2501 2485 2790
2484 2501 2789 2500
2484 2772 2789 2500
2484 2501 2789 2790
2484 2772 2789 2790
2467 2178 2179 2161
2467 2178 2179 2468
2467 2179 2161 2451
2467 2179 2468 2451
2467 2468 2451 2756
2467 2450 2451 2756
2467 2161 2450 2451
2467 2161 2450 2177
2467 2178 2161 2177
2467 2468 2485 2756
2467 2484 2485 2756
2467 2484 2178 2483
2467 2178 2468 2485
2467 2484 2178 2485
2467 2450 2466 2756
2467 2450 2466 2177
2467 2178 2483 2177
2467 2484 2466 2756
2467 2484 2483 2466
2467 2483 2466 2177
1908 2197 2196 2180
1908 1907 1924 2196
1908 2179 1891 2180
1908 1907 2179 1891
1908 2179 2196 2180
1908 1907 2179 2196
1908 1907 1618 1891
1908 1907 1924 1618
1908 2214 2197 2196
1908 2214 1924 2196
1908 1891 2198 2180
1908 1909 1891 2198
1908 2197 2198 2180
1908 2197 1909 2198
1908 1925 2197 1909
1908 1925 2214 2197
1908 1925 2214 1924
1908 1619 1909 1891
1908 1619 1618 1891
193 192 176 482
193 500 194 482
193 211 500 194
193 209 499 482
175 192 464 176
175 464 447 176
175 447 463 158
175 464 447 463
175 157 463 158
1621 1603 1893 1604
1621 1620 1603 1604
1621 1910 1603 1893
1621 1620 1910 1603
1621 1894 1893 1604
1621 1605 1894 1604
1655 1943 1944 1926
1961 1944 2250 2233
1961 1943 1944 2233
1961 1655 1943 1944
1961 1962 1944 2250
1961 1962 2250 1978
838 821 1110 839
853 837 565 564
853 854 837 565
853 547 837 564
531 259 242 548
531 242 515 243
531 242 225 513
531 242 515 225
549 550 260 566
549 260 548 566
549 837 548 566
549 856 550 839
549 838 821 839
549 533 550 839
549 533 821 839
549 838 821 837
1861 1844 1572 1862
1861 1572 1589 1862
1861 2151 1844 1862
1861 2151 1844 2150
1861 1844 2150 1843
1861 1844 1572 1843
1861 1878 1589 1862
1861 2151 1862 2167
1861 2151 2150 2167
1861 1878 1862 2167
1861 1572 1843 1571
1861 1572 1589 1571
1861 2150 2149 2167
1861 1878 1589 1877
1861 1589 1877 1571
1861 2150 1843 2149
1861 1843 1571 1860
1861 1877 1571 1860
1861 2166 2149 2167
1861 2166 1877 2149
1861 1878 2166 2167
1861 1878 2166 1877
1861 1843 2149 1860
1861 1877 2149 1860
1322 1594 1593 1611
1322 1305 1594 1593
1322 1305 1594 1306
1322 1610 1593 1611
1322 1594 1595 1611
1322 1594 1595 1306
1322 1610 1628 1339
1322 1610 1628 1611
1322 1610 1321 1339
1322 1610 1593 1321
1322 1304 1593 1321
1322 1305 1304 1593
1322 1612 1595 1611
1322 1612 1595 1306
1322 1305 1034 1306
1322 1305 1034 1033
1322 1612 1628 1611
1864 2152 2153 2135
1864 1863 2152 2135
1864 2136 2153 2135
1864 1863 1846 2135
1864 2136 1846 2135
1864 2136 1847 1846
1864 2154 2136 2153
1864 2154 2136 1847
1864 1847 1846 1574
1864 1863 1846 1574
1864 2154 1847 1865
1864 1847 1575 1574
1864 1847 1575 1865
1864 1881 1575 1865
1880 1864 1863 1574
1880 1608 1879 1897
1880 1608 1881 1897
1880 1864 1863 2152
1880 1863 2152 1862
92 75 380 91
92 380 91 108
92 398 109 108
92 398 380 108
92 398 399 109
92 399 109 110
381 75 380 364
381 75 365 364
381 670 364 669
381 380 364 669
381 670 364 653
381 365 364 653
381 92 75 380
381 398 380 669
381 654 670 653
381 654 365 653
381 92 398 380
381 92 398 399
381 654 671 670
381 399 671 382
381 654 671 382
381 654 365 382
651 956 940 939
651 668 956 940
651 956 939 650
651 940 922 939
651 668 940 652
651 956 667 650
651 668 956 667
651 633 939 650
651 633 922 939
651 668 362 652
651 362 667 650
651 668 362 667
651 633 634 922
651 923 940 922
651 634 923 922
651 923 940 652
651 634 923 652
651 633 361 650
651 633 634 361
651 362 361 650
651 345 362 652
651 345 634 652
651 345 362 361
651 345 634 361
907 1195 1179 889
907 1195 906 889
907 1195 1196 1179
907 1195 906 1212
907 1195 1196 1212
907 1180 1196 1179
686 398 703 414
686 685 397 669
686 685 414 397
686 958 685 669
686 703 414 702
686 685 414 702
686 398 397 669
686 398 414 397
686 992 703 702
686 992 975 993
686 992 703 993
945 674 946 963
945 962 674 963
945 1235 946 929
945 1235 1234 929
945 674 946 657
945 962 1250 944
945 673 674 657
945 962 673 674
945 1234 944 928
945 946 929 657
945 639 929 657
945 1234 929 928
945 639 929 928
945 639 656 657
945 673 656 657
945 962 673 656
957 958 940 1247
957 940 1247 1246
957 668 956 940
957 958 668 940
957 940 1228 1246
957 956 940 1228
957 685 668 956
957 958 685 668
957 1263 1262 1246
957 1263 1247 1246
957 1245 1262 1246
957 956 1245 1262
957 1245 1228 1246
957 956 1245 1228
1258 1259 1548 1547
1258 1564 1548 1547
1258 1564 1275 1548
1258 1259 1548 1276
1258 1275 1548 1276
1258 1259 1242 1547
1258 1259 1241 1242
1258 1259 969 1276
1258 1530 1242 1547
1258 1530 1241 1242
1258 953 969 1241
1258 1259 953 1241
1258 1259 953 969
1258 986 969 1276
1258 1275 986 1276
752 464 447 463
752 446 447 463
752 464 463 480
1314 1024 1313 1296
1314 1025 1024 1313
1314 1603 1296 1297
1314 1603 1313 1296
1314 1603 1604 1297
1314 1298 1604 1297
1008 1280 1296 1297
1008 991 1280 1296
1008 1314 1296 1297
1008 1281 1280 1297
1008 991 1281 1280
1008 1298 1281 1297
1008 1314 1298 1297
1008 1007 991 1296
1008 1007 991 719
1008 1314 1024 1296
1008 992 991 719
1008 1298 1281 1009
1008 1314 1298 1009
1008 992 1281 1009
1008 992 991 1281
1008 1007 1024 1296
1008 1007 719 1024
1008 1025 719 1024
1008 1314 1025 1024
177 483 466 178
177 483 195 178
177 483 194 195
177 465 483 466
177 465 160 176
177 465 160 466
177 483 194 482
177 465 483 482
177 465 176 482
177 193 176 482
177 193 194 482
161 466 450 178
161 450 162 178
161 177 466 178
161 177 160 466
161 433 450 162
161 433 145 144
161 433 145 162
720 430 719 413
720 431 703 413
720 430 431 413
720 703 702 413
720 992 703 702
720 719 702 413
720 992 719 702
720 992 703 1009
720 1008 992 1009
720 1008 992 719
736 430 429 718
736 430 719 718
736 719 718 735
736 446 718 735
736 446 429 718
736 430 447 429
736 1025 719 735
736 446 447 429
736 720 430 719
736 752 446 735
736 752 446 447
736 752 1025 735
736 737 430 447
736 737 720 430
722 738 1028 739
722 1028 1011 1029
722 1028 739 1029
722 723 1011 1029
722 739 723 1029
722 433 739 723
722 738 433 739
722 417 433 723
722 432 417 433
467 757 756 773
467 484 757 773
467 484 483 773
467 484 757 450
467 739 757 756
467 739 757 450
467 483 466 178
467 484 483 178
467 738 739 756
467 738 739 450
467 738 466 450
467 466 450 178
467 484 450 178
88 393 105 104
88 393 87 104
88 393 87 377
88 87 377 71
88 89 71 378
88 377 71 378
88 89 378 395
88 89 106 395
88 105 106 395
425 409 426 136
425 409 119 136
425 409 119 408
425 409 408 698
425 409 426 698
425 714 408 698
425 714 426 698
103 375 391 102
103 375 391 392
103 409 391 102
103 409 391 392
103 409 120 392
103 409 119 102
103 409 119 120
103 392 104 121
103 120 392 121
138 428 139 427
138 156 428 139
138 122 121 427
138 122 139 427
478 479 496 190
478 206 189 190
478 206 496 190
478 206 496 495
478 206 189 495
478 784 496 495
478 479 784 496
478 477 189 495
478 460 189 461
478 477 460 189
751 445 446 463
751 752 446 463
751 734 445 750
751 734 445 446
751 752 463 480
751 734 446 735
751 752 446 735
481 209 191 208
481 497 191 208
481 498 497 208
481 209 498 208
481 497 191 480
481 209 192 191
481 192 191 480
481 786 497 480
481 786 498 497
481 192 464 480
481 209 498 499
481 192 464 482
481 209 499 482
481 193 209 192
481 193 192 482
481 193 209 482
210 227 226 499
210 209 226 499
210 193 209 499
210 193 499 482
210 500 499 482
210 211 500 499
210 193 500 482
210 193 211 500
973 685 956 667
973 684 685 667
973 683 956 667
973 683 684 667
973 957 956 1262
973 957 685 956
973 972 956 1262
973 683 972 956
973 972 1262 990
973 683 972 990
973 684 701 702
973 684 685 702
973 683 701 990
973 683 684 701
973 991 1262 990
973 991 701 990
973 991 701 702
448 142 430 431
448 142 160 143
448 142 431 143
448 720 430 431
448 737 720 430
448 737 430 447
448 465 160 466
448 737 465 447
664 663 680 681
664 970 680 681
664 665 970 681
664 375 663 681
664 665 375 681
664 375 647 663
664 665 375 647
664 663 952 680
664 969 952 680
664 970 969 680
664 665 970 953
664 663 952 646
664 647 663 646
664 953 969 952
664 970 953 969
664 953 952 936
664 952 646 936
664 647 646 936
664 647 648 936
664 665 647 648
664 953 954 936
664 665 953 954
664 648 954 936
664 665 648 954
666 954 955 971
666 665 954 971
666 683 955 971
666 648 954 955
666 665 648 954
666 649 648 955
666 649 667 955
666 683 667 955
666 649 667 378
666 649 377 378
376 375 393 392
376 665 393 392
376 665 375 392
376 375 393 87
376 359 375 87
376 666 665 393
376 665 375 647
376 359 375 647
376 393 87 377
376 359 87 377
376 666 393 377
376 665 647 648
376 359 647 648
376 359 649 377
376 666 649 377
376 359 649 648
376 666 649 648
376 666 665 648
1841 1840 1534 1552
1841 1823 1840 1534
1841 1840 1552 1857
1841 1858 1552 1857
1841 1553 1552 1859
1841 1553 1842 1859
1841 1858 1552 1859
1841 1858 1842 1859
1825 1841 1553 1842
1825 1536 1807 1519
1555 1844 1538 1556
1555 1844 1572 1556
1555 1844 1538 1826
1555 1844 1572 1843
1555 1249 1538 1556
1555 1265 1249 1538
1555 1572 1843 1571
1555 1554 1843 1571
1555 1282 1554 1571
1555 1265 1282 1554
1555 1554 1843 1826
1555 1844 1843 1826
1555 1572 1283 1571
1555 1282 1283 1571
1264 1265 1282 975
1264 1281 1263 975
1264 1282 1281 975
1264 1263 975 1247
1264 1265 1282 1554
1264 1281 1263 1570
1264 1282 1281 1570
1264 975 1247 1248
1264 1265 975 1248
1264 1282 1554 1570
1264 1536 1247 1248
1264 1536 1263 1247
1264 1263 1553 1570
1264 1554 1553 1570
1264 1536 1263 1553
2434 2450 2144 2433
2434 2145 2144 2433
2434 2450 2144 2451
2434 2145 2144 2451
2434 2722 2416 2433
2434 2145 2416 2433
2434 2722 2740 2723
2434 2722 2416 2723
2434 2724 2740 2723
1821 1838 1549 1531
1821 1532 1549 1531
1821 1838 1837 2127
1821 2109 1837 2127
1821 1820 2109 1837
1821 1820 1531 1837
1821 1838 1531 1837
1821 1820 1514 1531
1821 1532 1514 1531
1821 1820 1803 1514
95 77 383 94
95 78 77 383
95 385 78 383
95 385 78 96
95 385 401 383
95 385 96 401
470 164 180 181
470 486 180 181
470 471 164 181
470 164 180 163
470 452 180 163
470 452 164 163
470 471 164 453
470 452 164 453
470 468 486 180
470 468 486 469
470 468 452 180
470 468 452 469
470 452 741 453
470 452 469 741
470 742 759 471
470 742 471 453
470 742 741 453
470 742 759 741
470 469 759 741
721 432 431 703
721 720 431 703
721 720 703 1009
721 448 720 431
721 448 737 738
721 448 737 720
721 737 738 1027
704 432 415 416
704 432 415 703
704 398 415 416
704 398 415 703
704 398 416 688
704 686 703 993
704 686 398 703
704 721 432 703
387 97 114 98
387 97 370 98
387 97 402 114
387 403 402 114
387 403 402 692
387 403 404 692
387 402 675 692
386 370 369 80
386 97 370 80
386 387 97 402
386 387 97 370
386 97 402 96
386 385 402 96
386 658 368 369
386 370 658 369
386 387 402 675
386 385 673 368
386 385 673 402
386 673 402 675
386 658 368 657
386 658 675 657
386 673 368 657
386 673 675 657
113 97 402 114
113 97 402 96
113 403 402 114
113 403 130 114
113 402 96 401
113 403 419 402
113 403 130 419
113 419 402 401
129 146 435 147
129 130 435 147
129 146 435 434
129 130 419 435
129 113 130 419
438 744 726 454
438 437 726 454
438 455 744 454
438 455 437 454
438 727 744 726
438 437 726 710
438 727 726 710
438 455 456 744
438 455 437 149
438 727 744 728
438 456 744 728
438 439 456 728
438 455 456 166
438 437 132 149
438 455 166 149
438 166 149 150
438 167 166 150
438 167 456 166
438 167 439 150
438 167 439 456
1018 1290 1306 1307
1018 1001 1290 1307
1018 1324 1306 1307
1018 1324 1034 1306
729 1001 1000 712
729 440 713 712
729 1001 713 712
729 1001 713 1019
729 1018 1001 1019
1017 1305 1306 1289
1017 1305 1034 1306
1017 1305 999 1289
1017 727 1305 999
1017 1305 1034 1016
1017 727 1305 1016
1017 1018 1034 1306
1017 1000 999 1289
1017 727 1000 999
1017 1034 728 1016
1017 727 728 1016
1017 1290 1306 1289
1017 1018 1290 1306
1017 1000 1290 1289
1017 729 1018 1034
1017 729 1034 728
1017 1001 1000 1290
1017 1018 1001 1290
1017 729 1001 1000
1017 729 1018 1001
1089 817 800 1088
1089 1072 800 1088
1089 1072 1073 800
1089 817 1105 1088
1089 1072 1073 1361
1089 1072 1071 1088
1089 1072 1361 1071
1089 1360 1378 1361
1089 1073 1361 1362
1089 1378 1361 1362
1089 1360 1071 1088
1089 1360 1361 1071
816 510 511 799
816 817 511 799
816 817 1105 799
476 477 187 493
476 187 460 188
476 477 460 188
476 477 187 188
766 782 493 765
766 476 493 765
766 476 477 493
766 782 1072 765
766 494 782 493
766 494 477 493
766 476 477 460
766 1072 1055 765
766 476 748 765
766 748 1055 765
240 223 529 224
240 223 529 239
512 496 224 513
512 223 496 224
512 529 224 513
512 223 529 224
512 496 801 513
512 818 801 513
512 529 818 513
512 496 801 495
512 529 511 818
512 206 496 495
512 223 206 496
512 818 800 801
512 511 818 800
512 223 206 205
512 206 205 495
512 800 801 495
512 529 222 511
512 223 529 222
512 494 205 495
512 494 800 495
512 494 511 800
512 494 222 511
512 223 222 205
512 494 222 205
2043 2026 1737 2027
2043 1737 1738 2027
2043 2044 1738 2027
2043 1755 1737 1738
2043 2044 1755 1738
2043 2026 2042 1737
2043 2044 1755 2061
2043 1755 1754 1737
2043 2042 1754 1737
2043 2060 1771 2061
2043 2060 1771 2042
2043 1771 1755 2061
2043 1771 1755 1754
2043 1771 2042 1754
2334 2316 2317 2045
2334 2335 2317 2045
2334 2335 2624 2317
2334 2624 2623 2606
2334 2624 2317 2606
2334 2641 2623 2640
2334 2641 2624 2623
2334 2335 2062 2045
2334 2350 2062 2045
2334 2335 2352 2062
2334 2352 2641 2624
2334 2335 2352 2624
2353 2336 2626 2625
2353 2642 2626 2625
2353 2352 2336 2625
2353 2352 2642 2625
2353 2354 2336 2626
2353 2354 2643 2626
2353 2642 2643 2626
2353 2354 2336 2064
2353 2352 2336 2064
2353 2352 2642 2370
2353 2370 2354 2643
2353 2370 2354 2064
2353 2352 2370 2064
2659 2353 2370 2643
2659 2353 2642 2643
2659 2353 2642 2370
2659 2370 2660 2643
2659 2949 2660 2643
2659 2642 2931 2643
2659 2949 2931 2643
2659 2676 2370 2660
2659 2676 2949 2660
2659 2642 2370 2658
2659 2370 2675 2658
2659 2676 2370 2675
2659 2964 2675 2658
2659 2964 2676 2675
2948 2965 3238 2966
2948 2949 3238 2966
2948 2676 2965 2966
2948 2676 2949 2966
2948 2965 3238 3254
2948 2659 2676 2949
2948 3221 2949 3238
2948 2964 2965 3254
2948 2964 2676 2965
2948 2659 2964 2676
2948 3221 2949 2931
2948 2964 2947 3254
2948 3221 2931 3220
2948 2659 2949 2931
2049 2032 2322 2033
2049 2339 2322 2033
2049 2321 2032 2322
2049 2339 2321 2322
2049 1743 2032 2033
2049 2339 2050 2033
2049 2338 2321 2032
2049 2339 2338 2321
2049 1743 1759 2032
2049 1743 1759 1760
2049 1743 1744 2033
2049 2050 1744 2033
2049 1761 1743 1760
2049 1761 2050 1760
2049 2066 1759 1760
2049 2066 2338 2048
2049 1761 1743 1744
2049 1761 2050 1744
2049 1759 2032 2048
2049 2066 1759 2048
2049 2337 2032 2048
2049 2338 2337 2048
2049 2338 2337 2032
1777 1488 1760 1487
1777 1505 1488 1487
1777 1505 1793 1487
1777 1505 1488 1795
1777 1776 1760 1487
1777 1776 1793 1487
1777 1776 2066 1760
1777 1776 1793 2065
1777 1776 2066 2065
1777 2083 2066 2065
1794 1777 1505 1793
1794 1777 1505 1795
1794 1810 1504 1793
1794 1505 1504 1793
1794 2083 1811 1795
1794 1777 2083 1795
1794 1810 1504 1521
1794 1810 1811 1521
1794 2100 1810 1811
1794 2083 2100 1811
1216 1234 944 1233
1216 927 1234 944
1216 1215 944 1233
1216 927 1215 944
1216 1215 1504 1233
1216 927 1215 1199
1216 1489 1505 1199
1216 1198 1215 1504
1216 1198 1505 1504
1216 1198 1215 1199
1216 1198 1505 1199
1216 1234 1217 928
1216 927 1234 928
1473 1472 1455 1166
1473 1761 1472 1455
1473 1761 1472 1489
1778 1761 1488 1760
1778 1761 2050 1760
1778 1777 1488 1760
1778 1777 1488 1795
1778 1777 2083 1795
1758 1776 1469 1470
1758 1776 1759 2047
1758 1776 1470 1759
1758 1741 1759 2047
1758 1741 1759 1742
1758 1470 1759 1742
1758 1741 2047 1740
1758 1757 2047 1740
1758 1741 1453 1452
1758 1469 1453 1452
1758 1469 1470 1453
1758 1741 1453 1742
1758 1470 1453 1742
1758 1741 1452 1740
1758 1468 1469 1452
1758 1468 1757 1469
1758 1468 1452 1740
1758 1468 1757 1740
1486 1776 1793 1487
1486 1776 1469 1487
1486 1198 1793 1487
1486 1198 1469 1487
1486 1503 1504 1793
1486 1198 1504 1793
1486 1757 1469 1485
1486 1503 1504 1214
1486 1198 1504 1214
1486 1503 1214 1502
1486 1469 1196 1485
1486 1196 1214 1502
1486 1196 1485 1502
1163 1180 1452 1162
1163 1180 873 1162
1163 1180 873 874
1163 1181 1453 1452
1163 1181 1453 1164
1163 1181 1469 1452
1163 1180 1469 1452
1163 1180 1181 1469
908 620 892 602
908 620 636 926
908 636 925 926
909 1198 1215 1199
909 927 1215 1199
909 927 1215 926
909 927 910 1199
909 927 910 926
909 1198 1181 1199
909 908 620 926
909 908 620 892
909 910 893 1199
909 892 910 893
909 620 910 926
909 620 892 910
909 1181 1182 1199
909 1182 893 1199
909 892 1182 893
2356 2355 2338 2644
2356 2338 2644 2628
2356 2339 2338 2628
2356 2644 2645 2628
2356 2661 2644 2645
2356 2355 2661 2644
2356 2661 2662 2645
2356 2646 2662 2645
2356 2629 2645 2628
2356 2646 2629 2645
2897 2896 2914 2913
2916 2627 2899 2915
2916 3205 2899 2915
2916 3205 2934 2933
2916 2627 2644 2628
2916 2644 2933 2645
2916 2934 2933 2645
2916 2900 2899 2610
2916 2627 2899 2610
2916 3205 3206 2899
2916 2900 3206 2899
2916 2644 2645 2628
2916 2934 2917 2645
2916 2934 3206 2917
2916 3205 2934 3206
2916 2900 3206 2917
2916 2627 2610 2628
2916 2629 2645 2628
2916 2629 2917 2628
2916 2629 2917 2645
2916 2611 2917 2628
2916 2900 2611 2917
2916 2900 2611 2610
2916 2611 2610 2628
3222 3527 3511 3528
3222 3527 3510 3511
3222 3221 3510 3238
3222 3221 3510 3204
3222 3221 3205 3204
3222 3238 3239 3528
3222 3527 3238 3528
3222 3527 3510 3238
3524 3523 3218 3235
3524 3523 3252 3235
3524 3813 3523 3541
3524 3542 3541 3252
3524 3523 3541 3252
3524 3813 3796 3797
3237 2948 3238 3254
3237 3527 3510 3238
3237 3221 3510 3220
3237 3221 3510 3238
3237 2948 2947 3254
3237 2948 2947 3220
3237 2948 3221 3220
3237 2948 3221 3238
3237 3544 3238 3254
3237 3544 3527 3238
3508 3219 3201 3218
3508 3201 3490 3491
3508 3780 3490 3491
3508 3524 3796 3797
3508 3524 3525 3797
3508 3219 3525 3220
3508 3780 3796 3797
3508 3780 3796 3490
3202 3203 3220 2913
3202 3219 3220 2913
3202 2897 2896 2913
3202 3508 3220 3491
3202 3508 3219 3220
3202 3508 3201 3491
3202 3508 3219 3201
3202 2914 3203 2913
3202 2897 2914 2913
3202 2897 2914 3203
2981 2964 2963 2674
2981 2963 2691 2674
2981 2963 2691 2980
2981 2691 2674 2692
2981 2675 2674 2692
2981 2964 2675 2674
2981 2691 2998 2692
2981 2691 2980 2998
2981 2980 3270 2998
2981 2982 3270 2998
2981 2675 2692 2693
2981 2964 2675 2693
2981 2982 2998 2692
2981 2982 2692 2693
2981 2964 2965 2693
2981 2982 2965 2693
1176 1177 1159 1465
1176 1177 1159 887
1176 1175 1159 1465
1176 1175 1159 887
1176 1193 1175 1465
1176 1193 1175 887
1176 1193 1483 1465
1176 1177 888 887
1176 1483 1466 1465
1176 1177 1466 1465
1176 1177 1483 1466
1176 1177 1483 1194
1176 1193 1483 1194
1176 1177 888 1194
2400 2112 2383 2384
2400 2112 2401 2384
2113 2401 2402 2384
2113 2112 2401 2384
2113 2385 2402 2384
2113 2385 2095 2384
2113 2112 2095 2384
2113 2385 2095 2096
1210 904 1193 1192
1210 1499 1211 1194
1210 1193 1499 1194
1210 1193 1499 1192
1210 904 920 1192
1210 904 921 920
1210 1211 921 1227
1210 1499 1211 1227
1210 1499 1209 1192
1210 1209 920 1192
1210 921 937 1227
1210 937 1209 920
1210 921 937 920
1210 937 1226 1227
1210 1499 1226 1227
1210 937 1209 1226
1210 1499 1209 1226
905 888 906 616
905 633 906 616
905 888 615 616
905 633 615 616
905 888 1194 906
905 904 888 615
905 633 904 615
905 1194 906 922
905 633 906 922
905 633 921 922
905 1176 888 1194
905 633 904 921
905 1211 1194 922
905 1211 921 922
905 1176 1193 1194
905 904 888 887
905 1176 888 887
905 1210 904 921
905 1210 1211 1194
905 1210 1211 921
905 1210 1193 1194
905 1210 904 1193
905 904 1193 887
905 1176 1193 887
1791 1485 1484 1502
1791 1774 1485 1484
1791 1774 1790 1484
1791 1486 1485 1502
1791 1486 1774 1485
1791 1484 1502 1501
1791 1790 1484 1501
1791 1486 1503 1502
1791 1518 1502 1501
1791 1503 1519 1502
1791 1774 1790 2080
1791 1807 1518 1501
1791 1790 1807 1501
1791 1518 1519 1502
1791 1807 1518 1519
2116 1827 1844 1826
1480 1207 1496 1497
1480 1207 1208 1497
1480 1207 1479 1496
1480 1786 1496 1497
1480 1207 1479 1190
1480 1207 1208 1190
1480 1479 1496 1768
1480 1786 1496 1768
1480 1208 1209 1497
1480 1191 1208 1209
1480 1191 1479 1190
1480 1191 1208 1190
1480 1498 1786 1497
1480 1769 1479 1768
1480 1769 1786 1768
1480 1498 1209 1497
1480 1498 1481 1209
1480 1498 1769 1481
1480 1498 1769 1786
1480 1481 1209 1192
1480 1191 1209 1192
1480 1191 1481 1192
1463 1173 1174 885
1463 1191 1174 885
1463 1191 1173 885
1463 1462 1479 1173
1463 1157 1173 1174
1463 1157 1446 1174
1463 1157 1446 1173
1463 1464 1446 1174
1463 1462 1445 1173
1463 1445 1446 1173
1463 1462 1445 1446
1463 1191 1481 1174
1463 1480 1191 1481
1463 1480 1191 1479
1463 1479 1173 1190
1463 1191 1173 1190
1463 1191 1479 1190
1463 1464 1752 1446
1463 1462 1752 1446
1463 1464 1481 1174
1463 1480 1769 1479
1463 1769 1464 1752
1463 1769 1464 1481
1463 1480 1769 1481
1463 1462 1479 1768
1463 1769 1479 1768
1463 1769 1752 1768
1463 1462 1752 1768
1515 1532 1225 1226
1515 1498 1209 1226
1515 1498 1209 1497
1515 1532 1516 1226
1515 1498 1516 1226
1515 1209 1225 1226
1515 1209 1225 1497
1515 1514 1225 1497
1515 1532 1514 1225
1515 1803 1514 1497
1515 1803 1786 1497
1515 1498 1786 1497
1515 1498 1787 1516
1515 1787 1803 1786
1515 1498 1787 1786
2094 2112 2095 2383
1806 1788 1500 1805
1806 1790 2096 1807
1806 2094 1788 1805
1806 1517 1500 1805
1806 1517 1500 1807
1806 1500 1807 1501
1806 1790 1807 1501
1806 1790 1500 1501
1806 2112 1823 1805
1806 2113 2095 2096
1806 2094 2112 1805
1806 2094 2112 2095
1806 2079 2095 2096
1806 2079 1790 2096
1806 1823 1517 1805
1806 1823 1517 1807
1806 2113 2112 2095
1806 2113 2112 1823
1482 1499 1483 1500
1482 1788 1499 1500
1482 1788 1498 1499
1482 1483 1755 1772
1482 1771 1755 1772
1482 1193 1483 1465
1482 1193 1499 1483
1482 1483 1755 1465
1482 1498 1499 1481
1482 1788 1498 1787
1482 1193 1481 1465
1482 1193 1499 1481
1482 1755 1754 1465
1482 1771 1755 1754
1482 1481 1754 1465
2059 2076 2364 2348
2059 2076 2364 2058
2059 2364 2347 2348
2059 2364 2058 2347
2059 2331 2347 2348
2059 2331 2042 1753
2059 2331 2348 2042
2059 2076 1769 2058
2059 2060 2348 2042
2059 2060 2076 2348
2059 1769 1752 1753
2059 1769 2058 1752
1770 2060 1771 1787
1770 2060 2076 1787
1770 2076 1787 1786
1770 2076 1769 1786
1770 2059 2076 1769
1770 1482 1498 1787
1770 1498 1787 1786
1770 1498 1769 1786
1770 2059 2060 2076
1770 1788 1771 1787
1770 1482 1788 1787
1770 1482 1788 1771
1770 1482 1771 1754
1770 1498 1769 1481
1770 1482 1498 1481
1770 2060 1771 2042
1770 2059 2060 2042
1770 1771 2042 1754
1770 1482 1481 1754
1770 2042 1754 1753
1770 2059 2042 1753
1770 2059 1769 1753
1770 1464 1481 1754
1770 1769 1464 1481
1770 1464 1754 1753
1770 1769 1464 1753
307 324 18 325
307 324 18 306
307 597 613 325
307 324 613 325
307 290 18 306
307 323 595 306
307 324 323 306
307 595 289 306
307 290 289 306
307 597 613 596
307 324 613 323
307 595 289 578
307 290 289 578
307 290 579 578
307 579 595 578
307 579 595 596
307 597 579 596
307 595 596 612
307 613 596 612
307 323 595 612
307 613 323 612
308 1 290 291
308 1 290 18
308 1 18 19
308 18 19 325
308 307 18 325
308 307 290 18
308 1 19 2
308 1 291 2
308 19 291 2
308 19 309 325
308 19 291 309
308 307 597 325
308 597 309 325
308 290 579 291
308 307 290 579
308 307 597 579
308 291 309 580
308 597 309 580
308 579 291 580
308 597 579 580
1797 1798 2087 1780
1797 1814 1798 2087
1797 2086 1814 2087
1797 1491 1798 1780
1797 1814 1798 1508
1797 1491 1798 1508
1797 1796 1814 1507
1797 1814 1508 1507
1797 1491 1508 1507
1816 1799 1798 1510
1816 1799 1815 1798
1816 1799 1815 2105
1816 1815 1833 2105
1816 1817 1833 2105
1816 1799 2105 1800
1816 1817 2105 1800
1816 1799 1510 1800
1816 1511 1510 1528
1816 1817 1511 1528
1816 1511 1510 1800
1816 1817 1511 1800
2104 2393 2088 2105
2104 1799 2088 2105
2104 1799 2088 2087
2104 2393 2375 2103
2104 2086 2375 2103
2104 1799 1815 2105
2104 1815 2121 2105
2104 2393 2121 2105
2104 2086 1814 2103
2104 2086 1814 2087
2104 1799 1798 2087
2104 1799 1815 1798
2104 1815 2121 2103
2104 2393 2121 2103
2104 1814 1815 2103
2104 1814 1798 2087
2104 1814 1815 1798
2665 2954 2664 2937
2665 2360 2649 2359
2665 2648 2937 2649
2665 2648 2664 2937
2665 2648 2649 2359
2379 2089 2090 2362
2379 2106 2089 2090
2379 2106 2396 2090
2939 2668 2651 2940
2939 2650 2651 2940
2939 3228 2940 2956
2939 2668 2957 2940
2939 2957 2940 2956
2939 2633 3228 2940
2939 2650 2633 2940
2939 2922 2938 3228
2939 2633 2922 3228
2939 2650 2633 2921
2939 2649 2921 2938
2939 2650 2649 2921
2939 2921 2922 2938
2939 2633 2921 2922
2682 2665 2664 2375
2682 2665 2954 2664
2682 2954 2971 2972
2987 3276 3292 3293
2987 3003 3292 3293
2987 2986 3003 3292
2987 3275 2986 3292
2987 3276 3275 3292
1255 1256 1239 1528
1255 1238 1239 1528
1255 1256 1544 1528
1255 1256 1239 966
1255 1238 1239 966
1255 1272 1256 966
1255 1272 1256 1544
1255 1238 1254 966
1255 1237 1238 1254
916 900 610 628
916 900 610 1188
916 610 915 1188
916 610 915 626
916 1205 932 1204
916 1205 1188 1204
916 644 933 932
916 915 932 1204
916 915 1188 1204
916 915 932 626
916 644 932 626
916 1205 1223 1222
916 933 932 1222
916 1205 932 1222
2378 2360 2089 2361
2378 2360 2650 2361
2378 2089 2362 2361
2378 2650 2362 2361
2378 2379 2089 2362
2378 2360 2088 2089
2378 2379 2651 2362
2378 2650 2651 2362
2378 2379 2668 2651
2614 2631 2343 2615
2614 2631 2343 2325
2614 2326 2343 2615
2614 2326 2343 2325
2614 2341 2325 2324
2614 2631 2341 2325
2614 2341 2613 2324
2614 2631 2341 2613
3482 3211 3499 3193
3482 3483 3211 3193
3482 3483 3211 3499
3482 3209 3481 3193
3482 3209 3499 3193
3482 3209 3499 3481
3482 3498 3499 3481
3482 3498 3499 3771
3482 3498 3770 3481
3482 3498 3770 3771
3500 3499 3771 3788
3500 3789 3771 3788
3500 3482 3499 3771
3500 3482 3483 3499
3500 3483 3211 3499
3500 3805 3499 3788
3500 3789 3805 3788
3500 3483 3501 3211
3500 3789 3805 3806
3500 3773 3501 3790
3500 3211 3516 3499
3500 3517 3211 3516
3500 3517 3501 3211
3500 3789 3790 3806
3500 3501 3790 3806
3500 3773 3501 3484
3500 3483 3501 3484
3500 3516 3805 3499
3500 3517 3501 3806
3500 3516 3805 3806
3500 3517 3516 3806
3518 3517 3229 3212
3518 3517 3501 3212
3518 3517 3229 3245
3518 3246 3229 3245
3518 3246 3535 3245
3518 3535 3245 3806
3518 3517 3245 3806
3518 3535 3807 3806
3518 3501 3807 3806
3518 3517 3501 3806
3767 3495 3783 3784
3767 3477 3783 3766
3767 4056 3783 3784
3767 4056 3783 3766
3767 4056 3784 3768
3767 3477 3495 3478
3767 3477 3495 3783
3767 3785 3784 3768
3767 3495 3785 3784
3767 3785 3479 3768
3767 3495 3479 3478
3767 3495 3785 3479
3801 3783 4090 3784
3801 3495 3785 3784
3801 3495 3783 3784
3801 3802 3785 3784
3801 3818 4090 3817
3801 3802 4090 3784
3801 3818 3802 4090
3188 2900 3206 2899
3188 3189 2900 3206
3188 3205 2899 3187
3188 3205 3206 2899
3188 3189 3206 3478
3188 3477 3206 3478
3188 3205 3204 3187
3223 3205 2934 3206
3223 3222 3511 3528
3223 2934 3240 2933
3223 3205 2934 2933
3223 3222 3205 2933
3223 3239 3240 3528
3223 3222 3239 3528
3223 3239 3240 2933
3223 3222 3239 2933
3852 3563 3853 3546
3852 3835 3853 3546
3852 4141 3853 4124
3852 3835 3853 4124
3852 3851 3868 3562
3852 4157 3851 3868
3852 4141 4124 4140
3852 3580 3868 3562
3852 3580 3563 3562
3852 4157 4141 4140
3852 4157 3851 4140
2696 2714 2986 2985
2696 2697 2714 2986
2696 2680 2986 2985
2696 2697 2680 2986
2696 2713 2714 2985
2696 2679 2680 2985
2696 2679 2697 2680
2696 2713 2714 2424
2696 2713 2984 2985
2696 2679 2984 2985
2696 2679 2697 2407
2696 2714 2408 2424
2696 2697 2714 2408
2696 2695 2713 2984
2696 2679 2695 2984
2696 2679 2695 2407
2696 2407 2408 2424
2696 2697 2407 2408
2696 2695 2407 2424
2696 2695 2713 2424
2392 2682 2393 2410
2392 2682 2393 2375
2392 2393 2375 2103
2392 2391 2697 2680
3227 3243 2955 2938
3227 3243 2955 3244
3227 3516 3515 3533
3227 3243 3515 3533
3227 3243 3244 3533
3227 3516 3245 3228
3227 3516 3245 3533
3227 3244 3245 3533
3227 2939 2938 3228
3227 2939 2955 2938
3227 2939 3228 2956
3227 2939 2955 2956
3227 3245 3228 2956
3227 3244 3245 2956
3227 2955 3244 2956
3532 3804 3515 3514
3532 3243 3515 3533
3532 3804 3803 3514
3532 3531 3803 3514
3532 3804 3515 3533
3532 3549 3243 3533
3532 3804 3820 3803
3532 3531 3820 3803
3532 3821 3804 3533
3532 3549 3821 3533
3532 3549 3243 3548
3532 3821 3804 3820
3532 3549 3821 3548
3532 3531 3820 3548
3532 3821 3820 3548
3192 3209 3481 3193
3192 3209 3191 3481
3192 3209 3208 3191
3210 3209 3499 3193
3210 3211 2922 3193
3210 3211 3499 3193
3210 3211 3516 3499
3210 2922 3193 2904
3210 2921 2922 2904
3210 2921 2922 2938
3210 3209 3499 3515
3210 3211 2922 3228
3210 3211 3516 3228
3210 3192 3209 3193
3210 3227 3516 3228
3210 3516 3499 3515
3210 3227 3516 3515
3210 2922 2938 3228
3210 3227 2938 3228
3226 3210 3209 3515
3226 3227 3243 2938
3226 3227 3243 3515
3226 2954 2937 2938
3226 2954 3243 2938
3226 3210 3227 2938
3226 3210 3227 3515
3226 3209 3515 3514
3226 3209 3208 3514
3226 3532 3515 3514
3226 3532 3243 3515
2390 2389 2662 2372
2390 2679 2389 2662
2390 2679 2391 2662
2390 2389 2100 2372
2390 2679 2389 2407
2390 2679 2391 2407
2390 2083 2100 2101
2390 2083 2100 2372
2390 2100 2406 2101
2390 2389 2100 2406
2390 2407 2406 2101
2390 2389 2407 2406
1506 1505 1488 1795
1506 1489 1505 1488
1506 1778 1488 1795
1506 1778 1796 1795
1506 1216 1489 1505
1506 1216 1489 1217
1506 1796 1524 1507
1506 1796 1795 1812
1506 1796 1524 1812
1506 1216 1234 1217
1506 1524 1523 1812
1506 1235 1217 1507
1506 1524 1235 1507
1506 1235 1234 1217
1506 1235 1234 1523
1506 1524 1235 1523
2069 2053 2052 2342
2069 2053 1764 2052
2069 2341 2052 2342
2069 1764 2052 1780
2069 1797 2087 1780
2069 1797 2086 2087
2950 2951 2661 2933
2950 2951 3239 2933
2950 2951 2661 2678
2950 2661 2660 2678
2950 2661 2949 2660
2950 3222 3239 2933
2950 3222 3238 3239
2950 2949 3238 2966
2950 2967 2951 2678
2950 2967 2951 3239
2950 2660 2966 2678
2950 2949 2660 2966
2950 3221 2949 3238
2950 3222 3221 3238
2950 3238 2966 3255
2950 3238 3239 3255
2950 2967 2966 2678
2950 2967 2966 3255
2950 2967 3239 3255
2081 2097 2098 2080
2081 2370 2371 2064
2081 2371 2064 2065
2404 2675 2692 2693
2404 2676 2675 2693
2404 2405 2421 2710
2404 2710 2692 2693
2404 2421 2710 2692
2404 2676 2677 2693
2404 2694 2710 2693
2404 2405 2694 2710
2404 2694 2677 2693
2404 2405 2694 2677
2712 3019 2713 2730
2712 3019 2729 2730
2712 2440 2729 2730
2712 2695 2713 2984
2712 2713 2424 2730
2712 2440 2424 2730
2712 2695 2713 2424
2712 2423 2440 2424
2712 2694 2695 2984
2712 2711 2694 2695
2712 2423 2695 2424
2168 2151 1862 2167
2168 2151 2152 1862
2168 2151 2457 2167
2168 2151 2152 2457
2168 1878 1862 2167
2168 1879 1878 1862
2168 1880 2152 1862
2168 1880 1879 1862
2168 2457 2185 2167
2168 1878 2185 2167
2168 1878 1896 2185
2168 1879 1896 2185
2168 1879 1878 1896
1830 1542 1541 1558
1830 1542 1847 1558
1830 1847 1846 1558
1830 1540 1541 1558
1830 1540 1846 1558
1830 1813 1541 1525
1830 1542 1541 1525
1830 1540 1813 1541
1830 2136 1847 1846
1830 1540 1846 1829
1830 1540 1813 1829
1830 1846 2118 1829
1830 2136 1846 2118
1830 1813 2118 1829
1271 964 982 1254
1271 964 982 981
1271 964 1270 981
1271 1272 1288 982
1271 1288 982 998
1271 982 998 981
1271 1270 998 981
1271 982 1254 966
1271 1255 1254 966
1271 1272 982 966
1271 1255 1272 966
1832 1833 1561 1850
1832 1833 1561 1544
1832 1815 1833 2121
589 606 301 300
589 606 301 590
589 605 588 300
589 605 606 300
589 605 588 895
589 605 606 895
589 588 878 895
589 606 896 895
589 606 896 590
589 879 878 895
589 879 896 895
589 879 896 590
607 606 301 318
607 606 301 590
607 301 590 302
607 301 302 318
607 606 318 335
607 319 302 318
607 319 318 335
607 319 625 335
607 606 896 590
607 319 625 608
607 897 625 608
607 897 896 625
607 897 896 590
303 319 13 302
303 304 320 14
303 13 14 31
303 319 13 31
303 320 14 31
303 319 320 31
1170 898 1187 881
1170 1458 1186 1459
1170 1187 1171 881
1170 1187 1186 1459
1170 898 1187 1186
1170 1187 1460 1459
1170 1187 1171 1460
623 605 622 334
623 605 606 334
623 640 622 334
623 605 606 895
623 605 895 894
623 605 622 894
623 911 640 622
623 896 912 895
623 606 896 895
623 911 622 894
623 911 912 929
623 911 640 929
623 912 895 894
623 911 912 894
623 896 912 913
623 930 912 913
623 930 912 929
623 640 930 929
1183 1472 1166 893
1183 1473 1472 1166
1183 1473 1472 1489
1183 877 893 894
1183 877 1166 893
1183 1473 1201 1489
1183 877 895 894
1183 912 895 894
1183 912 1184 895
1183 1201 912 1184
1183 1473 1201 1184
1183 878 877 1166
1183 878 877 895
1183 878 1184 895
1185 1202 914 913
1185 897 914 913
1185 1202 1184 913
1185 1202 1186 914
1185 897 1186 914
1185 896 1184 913
1185 897 896 913
1185 879 896 1184
1185 897 879 896
1185 879 1184 1168
1185 1458 1457 1168
1185 897 879 880
1185 1202 1186 1475
1185 1458 1186 1475
1185 897 898 1186
61 351 62 45
61 60 349 43
333 316 334 45
333 351 334 45
333 44 316 45
333 622 316 334
333 351 622 334
333 61 44 45
333 61 351 45
333 351 622 350
333 61 351 350
333 61 349 350
333 622 350 621
333 349 350 621
333 622 316 621
333 61 44 43
333 61 349 43
333 349 332 621
333 349 332 43
333 332 315 621
333 316 315 621
333 44 316 26
333 44 26 43
333 26 332 43
333 26 332 315
333 316 26 315
655 366 656 350
655 366 638 350
655 639 656 350
655 639 638 350
655 366 654 638
655 639 638 928
655 943 654 638
655 366 672 656
655 366 672 654
655 945 944 928
655 945 639 928
655 945 639 656
655 943 944 961
655 672 654 961
655 943 654 961
655 927 944 928
655 927 943 944
655 927 638 928
655 927 943 638
655 945 962 944
655 945 962 656
655 962 944 961
655 962 672 961
655 962 672 656
619 313 602 314
619 313 331 314
619 602 314 603
619 331 314 603
619 620 602 603
619 620 331 603
619 618 601 602
619 313 601 602
619 313 618 601
619 313 331 330
619 908 618 602
619 908 620 602
619 908 636 618
619 908 620 636
619 620 331 637
619 620 636 637
619 618 330 347
619 636 618 347
619 636 347 637
619 330 347 637
619 331 330 637
329 619 618 330
329 619 313 330
329 619 313 618
329 618 617 601
329 313 618 601
329 618 617 635
329 313 330 40
329 634 328 346
329 617 634 328
329 347 635 346
329 330 347 346
329 618 347 635
329 618 330 347
329 634 635 346
329 617 634 635
329 57 330 40
329 57 330 346
329 39 57 40
329 39 57 346
329 39 328 346
312 584 294 295
312 584 601 295
312 584 294 583
312 294 6 295
312 23 6 295
312 313 601 295
312 313 23 295
312 311 294 583
312 294 5 6
312 23 5 6
312 329 313 601
312 311 294 22
312 23 22 5
312 294 22 5
312 313 23 40
312 329 313 40
312 329 617 601
312 23 22 40
312 311 328 22
312 617 311 328
312 329 617 328
312 39 22 40
312 329 39 40
312 39 328 22
312 329 39 328
600 312 617 601
600 312 584 583
600 312 584 601
600 312 311 583
600 312 617 311
600 584 872 583
600 617 311 616
600 617 906 616
600 871 872 583
600 871 872 889
600 907 906 889
600 907 617 906
600 599 311 616
600 888 906 616
600 888 906 889
600 599 888 616
600 871 888 889
600 311 582 583
600 599 311 582
600 599 871 888
600 871 582 583
600 599 871 582
472 183 456 473
472 455 183 456
472 762 778 473
472 455 456 744
472 777 488 471
472 488 182 471
472 183 488 182
472 455 182 471
472 455 183 182
472 762 456 473
472 762 456 744
472 762 761 778
472 762 761 744
472 777 761 778
472 761 744 743
472 471 743 454
472 455 471 454
472 744 743 454
472 455 744 454
472 471 760 743
472 777 471 760
472 761 760 743
472 777 761 760
457 439 440 728
457 439 456 728
457 439 440 151
457 167 439 456
457 440 151 441
457 167 151 168
457 169 151 168
457 167 151 150
457 439 151 150
457 167 439 150
457 169 441 152
457 169 151 152
457 151 441 152
474 780 764 475
474 780 764 763
474 762 780 763
474 185 491 475
474 780 491 475
474 185 491 473
474 780 491 473
474 185 168 186
474 185 186 475
474 762 780 473
474 169 186 475
474 169 168 186
474 185 168 184
474 457 167 168
474 457 167 456
474 762 456 473
474 167 168 184
474 167 456 184
474 185 184 473
474 456 184 473
115 387 114 98
115 387 404 98
115 403 132 114
115 387 403 114
115 387 403 404
389 678 406 695
389 677 678 695
389 677 678 660
389 390 100 372
389 390 100 406
389 390 678 372
389 390 678 406
389 371 661 660
389 371 372 661
389 100 83 372
389 371 83 372
389 371 82 83
389 678 661 660
389 678 372 661
405 694 406 423
405 406 423 117
405 694 406 695
405 389 406 695
405 100 406 117
405 389 100 406
405 694 677 695
405 389 677 695
405 694 677 404
421 115 403 132
421 115 403 404
421 694 693 710
421 694 404 693
421 438 437 710
421 438 437 132
421 693 710 692
421 404 693 692
421 437 132 131
421 403 132 131
421 403 437 131
421 403 404 692
421 437 420 710
421 403 437 420
421 420 710 692
421 403 420 692
711 694 423 712
711 440 423 712
711 439 440 423
711 694 1000 712
711 729 1000 712
711 729 440 712
711 439 440 728
711 727 1000 710
711 694 1000 710
711 421 694 710
711 421 438 710
711 729 440 728
711 1017 727 728
711 1017 727 1000
711 438 727 728
711 438 439 728
711 438 727 710
711 1017 729 728
711 1017 729 1000
1560 1272 1577 1288
1560 1271 1272 1288
1560 1272 1577 1561
1560 1577 1561 1850
1560 1832 1561 1850
1613 1885 1902 1903
1613 1886 1597 1903
1613 1886 1885 1903
1613 1612 1902 1630
1613 1612 1901 1902
1613 1885 1901 1902
1613 1324 1325 1630
1613 1612 1901 1595
1613 1325 1597 1307
1613 1324 1325 1307
1613 1612 1595 1306
1613 1324 1306 1307
609 592 304 593
609 321 304 593
609 610 321 593
609 592 610 593
609 321 304 320
609 303 592 304
609 303 304 320
609 592 610 608
609 303 592 608
609 303 319 608
609 303 319 320
609 319 337 608
609 319 320 337
609 337 608 626
609 915 608 626
609 610 915 626
609 610 915 608
627 610 611 628
627 610 321 611
627 609 610 321
627 609 610 626
627 338 321 320
627 609 321 320
627 916 644 626
627 916 610 626
627 916 644 628
627 916 610 628
627 645 644 628
627 609 337 626
627 338 320 337
627 609 320 337
627 338 356 355
627 645 356 355
627 645 644 355
322 33 338 50
322 338 321 32
322 33 338 32
322 305 321 611
322 33 32 15
322 321 32 15
322 305 321 15
322 305 15 16
322 33 15 16
1291 1290 984 1273
1291 1002 984 1273
1291 1002 1290 984
1291 1579 1290 1273
1291 1579 1273 1274
1291 1002 1273 1274
1291 1579 1290 1307
1291 1001 1290 1307
1291 1002 1001 1290
1291 1579 1580 1307
1291 1579 1563 1274
1291 1579 1563 1580
1291 1002 1001 1019
1291 1597 1580 1307
950 662 968 679
950 678 968 679
950 662 678 679
950 1239 968 967
950 678 968 967
950 662 968 951
950 1239 968 951
950 1239 949 967
950 678 949 967
950 1239 933 951
950 1239 933 949
950 662 678 661
950 933 949 661
950 678 949 661
950 644 933 661
950 645 644 661
950 662 645 661
1546 1240 1545 1529
1546 1257 1240 1545
1546 1835 1545 1529
1546 1257 1256 1545
1546 1835 1834 1545
1546 1256 1545 1562
1546 1257 1256 1274
1546 1834 1545 1562
1546 1834 1563 1562
1546 1834 1563 1852
1546 1835 1834 1852
1546 1563 1274 1562
1546 1256 1274 1562
1767 1783 1784 1495
1767 1783 1478 1495
1767 1783 2056 1784
1767 1766 2056 1750
1767 1766 1783 2056
1767 1766 1749 1750
1767 1783 1477 1478
1767 1766 1783 1477
1767 1749 1461 1750
1767 1766 1749 1477
1767 1749 1461 1460
1767 1461 1478 1460
1767 1477 1478 1460
1767 1749 1477 1460
2072 1766 2071 1782
2072 1766 1783 1782
2072 1783 1782 1800
2072 1799 1782 1800
2072 1799 2071 1782
2072 2071 2055 2361
2072 1766 2071 2055
2072 1799 2089 1800
2072 1799 2071 2089
2072 2073 2089 2361
2072 2071 2089 2361
2072 1766 1783 2056
2072 2089 2090 1800
2072 2073 2089 2090
2072 1783 1784 1800
2072 2056 2055 2361
2072 2073 2056 2361
2072 1766 2056 2055
2072 2073 2056 1784
2072 1783 2056 1784
2072 2073 1801 2090
2072 1801 2090 1800
2072 2073 1801 1784
2072 1801 1784 1800
1493 1476 1492 1782
1493 1492 1782 1510
1493 1476 1477 1782
1493 1476 1492 1186
1493 1492 1203 1510
1493 1476 1187 1477
1493 1186 1203 1204
1493 1492 1186 1203
1493 1187 1186 1204
1493 1476 1187 1186
1493 1205 1221 1204
1493 1205 1221 1510
1493 1782 1510 1494
1493 1205 1510 1494
1493 1203 1221 1204
1493 1203 1221 1510
1493 1205 1188 1204
1493 1205 1477 1188
1493 1477 1782 1494
1493 1205 1477 1494
1493 1187 1188 1204
1493 1187 1477 1188
1308 1325 1597 1307
1308 1291 1597 1307
1308 1291 1001 1307
1308 1291 1001 1019
1308 1018 1001 1307
1308 1018 1001 1019
1308 1324 1325 1307
1308 1018 1324 1307
2157 2141 1868 2140
2157 2141 2158 1868
2157 2158 1868 2174
2157 1868 2140 1851
2157 2446 2158 2174
2157 2141 2140 2429
2157 2141 2158 2447
2157 2446 2158 2447
2157 2446 2447 2735
2157 2428 2429 2735
2157 2428 2446 2735
2157 2430 2429 2735
2157 2141 2430 2429
2157 2141 2430 2447
2157 2430 2447 2735
2157 2428 2446 2445
2156 2173 2446 2174
2156 2173 2446 2445
2156 2157 2446 2174
2156 2157 2446 2445
2156 1884 2173 2174
2156 1884 1868 2174
2156 2157 1868 2174
2156 2157 1868 1851
2156 1867 1850 1866
2156 1884 1867 1866
2156 1867 1868 1851
2156 1884 1867 1868
2156 1867 1850 1851
2172 2478 2189 2461
2172 2173 2478 2189
2172 2462 2478 2461
2172 2462 2173 2478
2172 2462 2445 2461
2172 2462 2173 2445
2172 2156 2155 1866
2172 2155 2445 2461
2172 1884 1883 1866
2172 2156 1884 1866
2172 2156 1884 2173
2172 2156 2155 2445
2172 2156 2173 2445
2172 1901 1883 2189
2172 1884 1901 1883
2172 2173 1901 2189
2172 1884 2173 1901
1053 764 1069 763
1053 1069 781 1070
1053 764 1069 781
2995 2977 2706 2978
2995 3284 2994 3012
2995 2977 2978 3266
2995 3284 2994 3266
2995 2977 2994 3266
2995 2705 2977 2994
2995 2705 2977 2706
2995 2994 3012 2723
2995 3267 2978 3266
2995 3284 3267 3266
2995 2705 2994 2723
2995 2705 2706 2723
2960 2959 2653 2687
2960 2959 2942 2653
2960 2977 2687 2688
2960 2959 2942 3248
2960 2977 2976 2687
2960 2977 3248 2976
2960 2959 2976 2687
2960 2959 3248 2976
2960 3249 2942 3248
2960 3249 2943 2942
2960 2977 3248 3250
2960 3249 3248 3250
2741 2757 3046 2740
2741 3029 3046 2740
2741 3029 3046 3030
2741 3029 2724 2740
2741 3029 2724 3030
2741 2742 3030 2759
2741 2742 2724 3030
2741 2758 2759 2469
2741 2757 2758 2469
2741 2757 2451 2469
2741 2757 2740 2451
2741 2742 2453 2759
2741 2742 2453 2724
2741 2452 2759 2469
2741 2453 2452 2759
3047 2757 2775 2758
3047 2741 2757 2758
3047 2741 3030 2759
3047 2741 2758 2759
3047 2741 3046 3030
3047 2741 2757 3046
3047 3046 3336 3030
3047 2757 3063 3046
3047 2757 3063 2775
3047 3063 3046 3336
3047 3065 2775 3064
3047 3063 3336 3064
3047 3063 2775 3064
2397 2686 2398 2380
2397 2381 2398 2380
2397 2381 2109 2398
2397 2091 2108 2109
2397 2126 2109 2398
2397 2108 2126 2109
2397 2686 2415 2414
2397 2686 2415 2398
2397 2091 2381 2380
2397 2091 2381 2109
2397 2126 2415 2414
2397 2126 2415 2398
2397 2125 2126 2414
2397 2125 2108 2126
2975 2993 2704 2992
2975 2703 2704 2992
2975 2703 2686 2704
2975 2686 2687 2958
2975 2686 2704 2687
2975 2993 2704 2976
2975 2704 2976 2687
2975 2993 3264 2976
2975 2959 2687 2958
2975 2959 2976 2687
2975 2959 3264 2958
2975 2959 3264 2976
3247 2959 3264 2958
3247 2959 2958 2941
3247 3230 3231 2941
3247 2959 3231 2941
3247 3536 3231 3519
3247 3230 3231 3519
2635 2363 2364 2346
2635 2364 2347 2346
2635 2636 2364 2347
2635 2329 2347 2346
2635 2329 2347 2618
2449 2431 2720 2448
2449 2738 2720 2721
2449 2431 2720 2721
2449 2737 2720 2448
2449 2737 2738 2720
2449 2466 2177 2448
2449 2450 2466 2177
2449 2737 2466 2448
2449 2737 2738 2466
2449 2160 2450 2177
2449 2431 2142 2448
2449 2160 2450 2433
2449 2159 2177 2448
2449 2160 2159 2177
2449 2142 2159 2448
2449 2142 2160 2159
3051 2762 3033 3050
3051 3323 3033 3050
3051 3034 3323 3033
3051 2762 3034 3033
3051 2779 2762 3052
3051 3323 3340 3050
3051 3034 3052 2746
3051 2762 3052 2746
3051 2762 3034 2746
3051 2762 3067 3050
3051 2779 2762 3067
3051 3323 3340 3341
3051 3035 3052 3341
3051 3034 3035 3052
3051 3323 3324 3341
3051 3034 3323 3324
3051 3035 3324 3341
3051 3034 3035 3324
3337 3354 3355 3338
3337 3065 3354 3355
3337 3065 3049 3355
3337 3321 3355 3338
3337 3321 3049 3355
3337 3354 3626 3338
3337 3321 3031 3049
3337 3626 3338 3608
3337 3336 3626 3608
3337 3047 3336 3030
3337 3321 3320 3338
3337 3321 3031 3320
3337 3031 3320 3030
3337 3320 3338 3608
3337 3336 3319 3608
3337 3336 3030 3319
3337 3320 3319 3608
3337 3320 3030 3319
3353 3370 3081 3064
3353 3371 3370 3081
3353 3371 3354 3660
3353 3371 3370 3660
3353 3047 3336 3064
3353 3047 3065 3064
3353 3337 3065 3354
3353 3370 3642 3352
3353 3370 3064 3352
3353 3370 3660 3642
3353 3336 3642 3352
3353 3336 3064 3352
3353 3336 3626 3642
3353 3337 3047 3336
3353 3337 3047 3065
3353 3337 3336 3626
3353 3337 3354 3626
3353 3660 3642 3643
3353 3354 3660 3643
3353 3626 3642 3643
3353 3354 3626 3643
3082 3371 3066 3083
3082 2793 3066 3083
3082 3371 3354 3066
3082 3065 3354 3066
3082 2793 3066 2777
3082 3065 3066 2777
3082 3371 3099 3083
3082 2793 3099 3083
3082 3353 3371 3354
3082 3353 3065 3354
3082 2793 2776 2777
3082 3065 2776 2777
3082 3371 3099 3081
3082 3353 3371 3081
3082 3065 2775 2776
3082 3353 3081 3064
3082 3353 3065 3064
3082 2775 3081 3064
3082 3065 2775 3064
3577 3287 3288 3576
3577 3560 3288 3576
3577 3560 3288 3578
3594 3883 3899 3882
3594 3577 3883 3882
3594 3883 3595 3867
3594 3577 3883 3867
3594 3595 3867 3578
3594 3577 3867 3578
2164 2453 2452 2454
2164 2452 2454 2181
2164 1876 1875 2181
2164 2163 1875 2181
2164 2163 2452 2181
2164 2454 2165 2181
2164 1876 2165 2181
2164 1876 1858 2148
2164 1876 1858 1875
2164 2437 2436 2454
2164 2453 2436 2454
2164 2437 2454 2165
2164 1876 2165 2148
2164 2437 2165 2148
2146 2145 2162 1856
2146 2162 1874 1856
2146 2163 2162 1874
2146 2163 1874 1875
2146 1839 1856 1857
2146 2164 2163 1875
2146 1874 1856 1857
2146 1874 1875 1857
2146 1858 1875 1857
2418 2419 2708 2402
2418 2708 2402 2690
2418 2401 2402 2690
2418 2419 2708 2725
2418 2453 2724 2725
2418 2453 2436 2725
2418 2419 2436 2725
2420 2132 2148 2131
2420 2421 2132 2438
2420 2437 2132 2148
2420 2419 2437 2148
2420 2437 2132 2438
2420 2421 2727 2438
2420 2709 2421 2727
2420 2709 2419 2437
2420 2437 2727 2438
2420 2709 2437 2727
3014 2742 2726 2725
3014 2742 3031 2726
3014 2742 3031 3030
3014 2997 2726 2725
3014 3031 3015 3303
3014 3031 3015 2726
3014 2742 2724 2725
3014 2742 2724 3030
3014 2997 3015 3303
3014 2997 3015 2726
3014 3031 3030 3319
3014 3320 3303 3319
3014 3031 3320 3319
3014 3031 3320 3303
2369 2368 2097 2386
2369 2352 2370 2658
2369 2386 2370 2658
2369 2063 2062 2080
2369 2063 2352 2062
2369 2079 2062 2080
2369 2079 2097 2080
2369 2368 2079 2062
2369 2368 2079 2097
2369 2063 2080 2064
2369 2063 2352 2064
2369 2352 2370 2064
2369 2081 2097 2080
2369 2081 2080 2064
2369 2081 2370 2064
2387 2081 2097 2098
2387 2369 2097 2386
2387 2369 2081 2097
2387 2369 2386 2370
2387 2369 2081 2370
2387 2386 2370 2675
2387 2676 2370 2675
2387 2404 2676 2675
4885 4595 4867 4868
4579 4595 4578 4868
4579 4595 4290 4578
4579 4562 4290 4578
4579 4885 4595 4868
4579 4578 4851 4868
4579 4562 4578 4851
4579 4885 4886 4868
4579 4869 4886 4868
4579 4869 4886 4597
4612 4306 4611 4323
4612 4306 4323 4307
4612 4595 4306 4307
4612 4885 4901 4902
4612 4324 4323 4307
4594 4595 4306 4577
4594 4305 4306 4577
4594 4305 4306 4611
4594 4612 4306 4611
4594 4612 4595 4306
4594 4305 4576 4577
4594 4305 4611 4610
4594 4612 4901 4611
4594 4866 4576 4577
4594 4866 4883 4577
4594 4866 4883 4576
4594 4305 4576 4593
4594 4611 4610 4900
4594 4305 4610 4593
4594 4901 4611 4900
4594 4576 4882 4593
4594 4883 4576 4882
4594 4899 4610 4900
4594 4899 4883 4900
4594 4882 4610 4593
4594 4899 4883 4882
4594 4899 4882 4610
4561 4562 4578 4851
4561 4850 4833 4851
4561 4850 4578 4851
4021 4311 4310 4293
4021 4294 4311 4293
4021 4294 4004 4293
4021 4327 4020 4310
4021 4022 4294 4311
4021 4327 4311 4310
4021 4022 4327 4311
3696 3678 3389 3679
3696 3406 3678 3389
4816 4544 4815 4832
4816 4544 4833 4832
4816 4799 4526 4815
4816 4544 4526 4815
4816 4799 4526 4527
4816 4544 4526 4527
4238 4544 4255 4527
4238 4544 4526 4527
4238 4544 4254 4255
4238 4526 4221 4527
4238 4254 4526 4237
4238 4544 4254 4526
4238 3965 4254 4237
4238 3965 4254 4255
4238 4526 4220 4237
4238 4526 4220 4221
4238 3965 3966 4255
4238 4221 4239 4527
4238 4220 3948 4237
4238 4220 3948 4221
4238 3948 4221 3949
4238 3965 3966 3949
4238 4221 4239 3949
4238 3966 4239 3949
4238 3965 3948 3949
4238 3965 3948 4237
4560 4866 4849 4865
4560 4866 4576 4865
4560 4848 4849 4865
4560 4866 4576 4577
4560 4576 4558 4865
4560 4848 4558 4865
4560 4866 4850 4849
4560 4559 4576 4558
4560 4848 4559 4558
4560 4848 4849 4542
4560 4848 4559 4542
4560 4288 4576 4577
4560 4288 4559 4576
4560 4866 4850 4867
4560 4866 4867 4577
4560 4288 4577 4272
4560 4578 4577 4272
4560 4867 4578 4577
4560 4850 4867 4578
4560 4288 4271 4272
4560 4288 4559 4271
4560 4561 4578 4272
4560 4561 4850 4578
4262 4261 4551 4245
4262 4261 3956 4245
4568 4552 4857 4840
4568 4552 4569 4857
4568 4552 4551 4840
4568 4262 4552 4569
4568 4262 4552 4551
4568 4585 4569 4857
4568 4584 4585 4857
4568 4585 4569 4296
4568 4584 4585 4296
4553 4570 4860 4859
4553 4570 4571 4860
4553 4843 4860 4859
4553 4843 4859 4842
4553 4554 4843 4860
4553 4554 4571 4860
4553 4552 4859 4842
4553 4570 4552 4859
4553 4843 4536 4842
4553 4554 4843 4536
4553 4535 4536 4842
4553 4535 4552 4842
4553 4570 4571 4281
4553 4264 4571 4281
4789 4805 4500 4788
4789 4806 4805 4500
4789 4499 4788 4772
4789 4499 4500 4772
4789 4499 4500 4788
4789 4501 4500 4772
4789 4501 4500 4790
4789 4773 4501 4772
4789 4773 4501 4790
4259 4548 4531 4532
4259 4531 4243 4532
4259 4260 4243 4532
4259 4548 4549 4532
4259 4260 4549 4532
4259 4531 4243 4242
4259 4260 4243 4242
4259 4260 4276 4549
4259 4530 4531 4242
4259 4548 4530 4531
4259 4565 4276 4549
4259 4565 4548 4549
4259 4530 4242 4241
4259 4275 4547 4548
4259 4275 4565 4276
4259 4275 4565 4548
4259 4547 4530 4241
4259 4547 4548 4530
4259 4260 3970 4242
4326 4327 4020 4310
4326 4327 4020 4037
4326 4327 4616 4310
4613 4612 4885 4902
4613 4612 4885 4595
4613 4612 4324 4307
4613 4612 4595 4307
4615 4887 4597 4904
4615 4598 4887 4904
4615 4598 4887 4597
4615 4903 4597 4904
4615 4614 4903 4597
4615 4326 4614 4597
4615 4598 4905 4904
4615 4598 4905 4616
4615 4598 4616 4310
4615 4326 4616 4310
4582 4599 4310 4293
4582 4599 4598 4310
4582 4599 4598 4871
4582 4871 4870 4564
4582 4598 4871 4870
4582 4566 4293 4583
4582 4599 4293 4583
4582 4565 4564 4293
4582 4565 4566 4293
4582 4871 4854 4564
4582 4566 4872 4583
4582 4599 4872 4583
4582 4599 4871 4872
4582 4854 4565 4564
4582 4854 4565 4566
4582 4871 4854 4872
4582 4854 4566 4872
3973 3956 4244 3955
3973 4261 3956 4244
3973 4262 4261 3956
4017 4306 4323 4307
4017 4306 4016 4323
4017 4289 4306 4307
4039 4022 4329 4328
4039 4022 4327 4328
4023 4022 4312 4006
4023 4022 4312 4329
4023 4312 4006 4007
4023 4313 4312 4329
4023 4313 4024 4007
4023 4313 4312 4007
4023 4330 4329 4041
4023 4313 4330 4329
4023 4330 4024 4041
4023 4313 4330 4024
4005 4022 4294 4006
4005 3988 4294 4006
4005 3988 4294 4004
4005 4021 4294 4004
4005 4021 4022 4294
4005 3988 3717 4006
3446 3428 3429 3157
3446 3428 3429 3718
4537 4827 4810 4521
4537 4827 4538 4521
4537 4827 4538 4826
4537 4519 4536 4826
4537 4554 4536 4826
4537 4554 4538 4826
4248 4537 4519 4536
4518 4807 4806 4534
4518 4806 4517 4534
4518 4806 4517 4500
4518 4789 4807 4806
4518 4789 4806 4500
4518 4228 4517 4534
4518 4228 4517 4500
4518 4212 4501 4500
4518 4501 4500 4790
4518 4789 4807 4790
4518 4789 4500 4790
4518 4212 4228 4500
4518 4502 4212 4501
4518 4502 4501 4790
4518 4535 4807 4534
4518 4519 4535 4807
4758 4775 4468 4774
4792 4775 4503 4776
4486 4502 4196 4485
4486 4179 4196 4485
4486 4179 4468 4485
4486 4468 4774 4485
4486 4775 4468 4774
4486 4792 4775 4503
4181 4163 3891 3875
4181 4163 4164 3875
3616 3906 3633 3634
3616 3906 3617 3634
3616 3633 3328 3634
3616 3617 3328 3634
3616 3633 3328 3327
3616 3905 3906 3633
3616 3888 3905 3906
3616 3906 3617 3889
3616 3888 3906 3889
3616 3328 3310 3327
3616 3617 3328 3310
3616 3617 3600 3310
3616 3617 3889 3600
3616 3888 3889 3600
3616 3598 3310 3327
3616 3598 3310 3599
3616 3888 3598 3599
3616 3600 3310 3599
3616 3888 3600 3599
3068 3067 2795 3084
3068 2779 3067 2795
3068 3085 2795 3084
3068 2779 3085 2795
3068 3067 3084 3356
3068 3085 3084 3374
3068 3084 3374 3356
3068 3051 2779 3067
3068 2779 3085 3069
3068 3067 3050 3356
3068 3051 3067 3050
3068 3085 3374 3086
3068 3085 3069 3086
3068 3357 3374 3356
3068 3340 3050 3356
3068 3051 3340 3050
3068 3358 3374 3086
3068 3358 3069 3086
3068 2779 3052 3069
3068 3051 2779 3052
3068 3357 3340 3356
3068 3357 3358 3374
3068 3052 3069 3341
3068 3051 3052 3341
3068 3357 3340 3341
3068 3051 3340 3341
3068 3358 3069 3341
3068 3357 3358 3341
2844 2538 2827 2537
2844 2556 2538 2827
2844 2861 2573 2572
2844 2861 2573 2845
2844 2556 2573 2845
2844 2556 2827 2845
2844 3133 2861 2845
2844 3133 2827 2845
2554 2844 2538 2537
2554 2248 2538 2537
2554 2248 2538 2265
2554 2570 2571 2281
2828 3100 3099 2811
2828 3099 2811 2810
2828 3100 3118 2811
2828 2811 2810 2539
2828 2827 2810 2539
2828 2829 3118 2811
2828 3133 2827 2845
2828 2829 2811 2539
2828 2829 3118 2845
2828 2556 2827 2539
2828 2556 2829 2539
2828 2556 2827 2845
2828 2556 2829 2845
2188 2204 1916 2205
2188 2204 1899 1916
2188 1899 1916 1900
2188 1916 1917 1900
2188 1916 1917 2205
2188 1899 2189 1900
2188 2495 2477 2189
2188 2477 2476 2494
2188 2204 2494 2205
2188 2204 2476 2494
2188 2495 2494 2205
2188 2495 2477 2494
4572 4588 4878 4589
4572 4588 4861 4878
4572 4588 4861 4860
4572 4588 4571 4860
4572 4554 4861 4860
4572 4554 4571 4860
4572 4554 4861 4844
3738 4045 4044 3756
3738 4045 4044 4028
3738 3449 3721 3722
3738 4010 3721 3722
4623 4622 4606 4912
4623 4622 4605 4606
4623 4317 4605 4606
4299 4588 4605 4589
4299 4588 4605 4587
4299 4605 4316 4587
4299 4298 4316 4587
4299 4572 4588 4589
4299 4572 4588 4571
4299 4588 4571 4587
4299 4572 4283 4589
4299 4572 4571 4283
4299 4571 4281 4587
4299 4298 4281 4587
4333 4623 4317 4334
4333 4622 4316 4621
4333 4332 4316 4621
4333 4622 4605 4316
4333 4317 4605 4316
4333 4623 4622 4605
4333 4623 4317 4605
3433 3449 3432 3722
3433 3450 3449 3722
3433 3416 3432 3722
3466 3160 3177 3178
3466 3160 3450 3449
3466 3160 3449 3159
3466 3160 3177 3159
3466 3448 3465 3159
3466 3448 3449 3159
3466 3465 3176 3159
3466 3177 3176 3159
2888 2887 3177 2871
2888 3160 2872 2871
2888 3160 3177 2871
2888 2889 3160 2872
2888 2889 3160 3177
3127 3433 3416 3432
3705 3416 3721 3722
3705 3416 3704 3721
3705 3416 3704 3688
3705 4011 3721 3722
3399 3416 3704 3688
3399 3382 3109 3110
3667 3684 3378 3668
3667 3684 3378 3683
3667 3378 3649 3650
3667 3378 3668 3650
3667 3973 3956 3955
3667 3973 3683 3955
3667 3973 3684 3683
3667 3649 3939 3955
3667 3956 3939 3955
3667 3649 3955 3666
3667 3683 3955 3666
3667 3378 3649 3666
3667 3378 3683 3666
3667 3649 3650 3939
3667 3956 3940 3939
3667 3940 3650 3939
3667 3668 3940 3650
3671 3670 3960 3654
3671 3670 3654 3365
3671 3670 3382 3365
3671 3687 3670 3960
3669 3670 3363 3380
3669 3670 3652 3363
3669 3958 3687 3686
3669 3687 3670 3959
3669 3958 3687 3959
3977 3671 3687 3688
3977 3671 3687 3960
3977 3687 3960 3959
3977 3960 3959 4266
3398 3687 3686 3704
3398 3669 3686 3380
3398 3669 3687 3686
3398 3108 3381 3380
3398 3670 3381 3380
3398 3669 3670 3380
3398 3669 3687 3670
3398 3108 3381 3109
3398 3670 3382 3381
3398 3687 3704 3688
3398 3399 3704 3688
3398 3671 3670 3382
3398 3671 3687 3670
3398 3382 3381 3109
3398 3399 3382 3109
3398 3399 3382 3688
3398 3671 3382 3688
3398 3671 3687 3688
3992 4298 4281 4009
3992 4010 4298 4009
3976 3958 3687 3686
3976 3958 3975 3686
3976 3992 3975 3686
3976 3958 3687 3959
3976 4264 3958 3975
3976 3977 3687 3959
3976 3977 3994 4266
3976 3977 3959 4266
4263 4264 3958 3975
4263 4535 4552 4551
4263 4262 4552 4551
4263 4553 4535 4536
4263 4553 4264 4536
4263 4553 4535 4552
3397 3398 3686 3704
3397 3398 3686 3380
3397 3108 3107 3396
3397 3413 3107 3396
3397 3108 3396 3380
3397 3398 3108 3380
3991 3992 4281 4009
3991 3992 3975 4281
3991 4297 4281 4009
3702 3990 3718 3701
3702 3684 3990 3701
3702 3992 3975 3686
3702 3991 3992 3975
3412 3107 3396 3395
3412 3413 3107 3396
3412 3123 3107 3395
3412 3124 3123 3107
3412 3124 3413 3107
3412 3394 3684 3395
3412 3394 3684 3701
3412 3702 3684 3701
3412 3702 3413 3701
3412 3394 3123 3395
3412 3429 3123 3701
3412 3413 3429 3701
3412 3124 3429 3123
3412 3413 3430 3429
3412 3124 3430 3429
3412 3124 3413 3430
4874 4873 4890 4601
4874 4875 4585 4857
4874 4584 4585 4601
4874 4873 4584 4601
4874 4584 4585 4857
4874 4873 4584 4857
4858 4570 4586 4569
4858 4875 4586 4569
4858 4875 4570 4586
4858 4570 4552 4859
4858 4570 4552 4569
4858 4570 4859 4876
4858 4875 4570 4876
4858 4552 4569 4857
4858 4875 4569 4857
4858 4552 4841 4859
4858 4552 4857 4841
4855 4567 4838 4549
4855 4567 4566 4549
4855 4565 4838 4549
4855 4565 4566 4549
4855 4854 4565 4838
4855 4854 4565 4566
4855 4854 4566 4872
4855 4584 4566 4872
4855 4567 4584 4566
4855 4873 4584 4872
4550 4261 4549 4532
4550 4567 4261 4549
4550 4261 4533 4532
4550 4533 4822 4532
4550 4551 4245 4533
4550 4261 4245 4533
4550 4261 4551 4245
4550 4568 4551 4840
4550 4262 4261 4551
4550 4568 4262 4551
4550 4551 4823 4840
4550 4823 4533 4822
4550 4551 4823 4533
4043 4333 4044 4316
4043 4333 4332 4316
3822 4111 3821 3804
3822 3804 3805 3533
3822 3821 3804 3533
3822 3804 3805 4094
3822 4111 3804 4094
3822 3821 3839 3533
3822 3805 4094 4095
3822 4111 4094 4095
3822 3534 3839 3533
3822 3534 3805 3533
3822 3823 3806 4095
3822 3805 3806 4095
3822 4112 3823 4095
3822 4112 4111 4095
3822 3534 3840 3839
3822 3534 3840 3823
3822 3534 3823 3806
3822 3534 3805 3806
3822 4112 3840 3823
4382 4094 4110 4093
4382 4111 4094 4110
4382 4111 4399 4110
4382 4111 4383 4094
4382 4111 4400 4383
4382 4111 4399 4400
4382 4076 4094 4093
4382 4381 4399 4671
4382 4109 4110 4093
4382 4381 4109 4093
4382 4399 4398 4110
4382 4381 4399 4398
4382 4400 4383 4672
4382 4399 4400 4672
4382 4381 4076 4093
4382 4381 4365 4076
4382 4381 4671 4365
4382 4077 4076 4094
4382 4077 4383 4094
4382 4077 4365 4076
4382 4077 4365 4383
4382 4399 4671 4672
4382 4398 4109 4110
4382 4381 4398 4109
4382 4365 4383 4672
4382 4671 4365 4672
4377 4071 4376 4360
4377 4071 4376 4088
4377 4394 4376 4088
4377 4089 4105 4088
4377 4394 4105 4088
4067 4051 4050 3761
4067 3779 4051 3761
4067 4050 4066 3761
4067 3779 4051 4068
4067 4356 4050 4066
4067 4356 4084 4068
4067 3796 4084 4068
4067 3779 3796 4068
3763 3780 3490 3491
3763 3780 3779 3490
3763 4052 3779 4069
3763 3780 3779 4069
3763 4052 4053 4069
3762 3779 4051 3761
3762 4052 3779 4051
3762 3763 4052 3779
3762 3763 3779 3490
4055 4056 3783 3766
4055 4056 3783 4073
4055 3782 3766 4054
4055 4344 4073 4345
4055 4056 4073 4345
2932 3221 2931 2915
2932 3221 2949 2931
2932 2931 2643 2915
2932 2949 2931 2643
2932 3221 3205 2915
2932 2950 3221 2949
2932 2627 2643 2915
2932 2627 2643 2644
2932 2661 2643 2644
2932 2661 2949 2643
2932 2916 2644 2933
2932 2661 2644 2933
2932 2916 3205 2915
2932 2916 3205 2933
2932 3222 3205 2933
2932 3222 3221 3205
2932 2950 2661 2933
2932 2950 2661 2949
2932 2950 3222 2933
2932 2950 3222 3221
2932 2916 2627 2915
2932 2916 2627 2644
4634 4363 4346 4345
4634 4363 4635 4346
4072 3783 4073 4090
4072 4089 4073 4090
4072 4055 3783 4073
4072 3782 3783 3766
4072 4055 3783 3766
4072 4055 3782 3766
4072 4377 4089 4088
4072 4071 3782 4054
4072 4055 3782 4054
4072 4071 3782 4088
4072 4377 4071 4088
3620 3347 3637 3331
3618 3617 3328 3634
3618 3617 3328 3619
3618 3906 3617 3634
3618 3907 3906 3617
3618 3890 3617 3619
3618 3890 3907 3617
3618 3328 3346 3634
3618 3328 3346 3619
3618 3635 3346 3634
3618 3635 3346 3619
3618 3923 3635 3634
3618 3923 3906 3634
3618 3923 3907 3906
4195 3907 4196 4213
4195 4179 3907 4196
4195 4179 4196 4485
4195 4196 4485 4213
4195 3907 3906 3889
4195 4179 3907 3889
4195 3923 4212 4213
4195 3923 3906 4212
4195 3923 3907 4213
4195 3923 3907 3906
4195 4211 3906 4212
4195 4501 4485 4213
4195 4212 4501 4213
4195 4179 3889 4178
4195 4211 4212 4501
4195 4179 4467 4178
4195 4179 4467 4485
4128 4146 3840 3857
4128 4146 4145 3857
4128 4112 4111 4417
4128 3822 3840 3839
4128 3822 4112 3840
4128 3822 4112 4111
4128 3838 3821 3839
4128 3822 3821 3839
4128 3822 4111 3821
3615 3888 3904 3598
3615 3888 3905 3904
3615 3614 3343 3631
3615 3614 3343 3598
3615 3614 3904 3631
3615 3614 3904 3598
3615 3632 3343 3631
3615 3343 3598 3327
3615 3343 3633 3327
3615 3616 3905 3633
3615 3632 3343 3633
3615 3632 3905 3633
3615 3616 3888 3598
3615 3616 3888 3905
3615 3905 3904 3921
3615 3632 3905 3921
3615 3904 3921 3631
3615 3632 3921 3631
3615 3616 3598 3327
3615 3616 3633 3327
4737 4755 4465 4754
4737 4449 4755 4465
4737 4449 4738 4755
4737 4465 4754 4736
4737 4431 4465 4736
4737 4449 4431 4465
4737 4431 4720 4736
4737 4449 4431 4721
4737 4449 4738 4721
4737 4431 4721 4720
3289 3000 2983 3288
3289 3290 3595 3306
3289 3271 3288 3578
3289 3271 3272 3578
3289 3271 2983 3288
3289 3271 2983 3272
3289 3579 3595 3578
3289 3290 3579 3595
3289 3272 3578 3562
3289 3273 2983 3272
3289 3579 3578 3562
3289 3290 3579 3562
3289 3273 3272 3562
3289 3290 3273 3562
3018 3290 3306 3307
3018 3324 3306 3307
3018 3034 3324 3306
3018 3034 3017 3306
3018 3290 3308 3307
3018 3325 3324 3307
3018 3325 3308 3307
3018 2712 3017 2729
3018 2712 3019 2729
3018 3034 3035 3324
3018 3034 3017 2729
3018 3019 3308 3036
3018 3325 3308 3036
3018 3325 3035 3036
3018 3325 3035 3324
3018 3034 3035 2729
3018 3035 2729 3036
3018 3019 2729 3036
3002 3290 3273 3291
3002 3290 3308 3291
3002 3273 3274 2984
3002 3273 3291 3274
3002 2713 2984 2985
3002 3274 2984 2985
3002 3308 3291 3292
3002 2713 3003 2985
3002 3019 2713 3003
3002 3019 3308 3003
3002 3018 3019 3308
3002 3018 3290 3308
3002 3274 3292 2985
3002 3291 3274 3292
3002 3003 3292 2985
3002 3308 3003 3292
3700 3394 3393 3683
3700 3717 3990 3701
3700 3394 3684 3683
3700 3394 3684 3701
3700 3682 3393 3683
3700 3684 3990 3701
3700 3973 3684 3683
3700 3973 3684 3990
2988 2717 3006 3005
2988 2717 2700 3006
2988 2700 3006 2989
2988 3006 2989 3295
2988 3006 3005 3295
2988 2971 2700 2989
2988 2716 2717 3005
2139 2411 2121 2122
2139 1833 2121 2122
2139 2427 2411 2121
2139 1833 1850 1851
2139 2156 1850 1851
2139 2411 2122 2429
2139 1833 2123 1851
2139 1833 2122 2123
2139 2122 2123 2429
2139 2427 2411 2428
2139 2156 2157 1851
2139 2411 2428 2429
2139 2140 2123 1851
2139 2140 2123 2429
2139 2427 2155 2445
2139 2156 2155 2445
2139 2427 2428 2445
2139 2157 2140 1851
2139 2157 2140 2429
2139 2157 2428 2429
2139 2157 2428 2445
2139 2156 2157 2445
3280 3279 3296 2991
3280 3297 3296 2991
3280 3279 3296 3585
3280 3297 3296 3585
3280 3279 3263 2991
3280 3569 3568 3585
3280 3279 3568 3585
3280 3569 3586 3585
3280 3297 3586 3585
3280 3279 3551 3263
3280 3552 3551 3263
3280 3552 3569 3568
3280 3279 3551 3568
3280 3552 3551 3568
3892 4181 3891 3875
3892 3891 3875 3874
3892 3603 3875 3874
3892 4181 4197 3891
3892 3602 3891 3874
3892 3603 3602 3874
3892 4197 3909 4198
3892 4181 4197 4198
3873 3890 3584 3891
3873 4163 3891 3874
3873 3584 3891 3874
3873 4163 3857 3874
3873 3584 3889 3872
3873 3890 3584 3889
3873 3567 3857 3874
3873 3584 3567 3874
3873 4145 4163 3857
3873 4144 4161 3872
3873 3583 3584 3872
3873 3583 3584 3567
3873 4144 3872 3855
3873 3583 3872 3855
3873 3583 3567 3855
3651 3923 3635 3634
3651 3635 3346 3634
3651 3635 3652 3363
3651 3923 3940 3941
3651 3923 3940 3634
3651 3634 3650 3345
3651 3362 3650 3345
3651 3940 3634 3650
3651 3362 3668 3650
3651 3346 3634 3345
3651 3346 3362 3345
3651 3346 3362 3363
3651 3635 3346 3363
3651 3668 3940 3650
3651 3362 3363 3380
3651 3362 3668 3380
3651 3669 3652 3363
3651 3669 3652 3941
3651 3669 3363 3380
3651 3669 3668 3380
3258 3259 3564 3547
3258 3259 3530 3547
3258 3546 3564 3547
3258 3546 3530 3547
3258 3257 3546 3530
3258 3259 3275 3564
3258 3259 3241 3530
3258 3563 3546 3564
3258 3563 3257 3546
3258 3275 3274 3564
3258 3257 3240 3530
3258 3241 3240 3530
3258 3563 3274 3564
3258 3563 3257 3274
3258 2968 3275 3274
3258 2968 3257 3274
3258 2968 3257 3240
3258 2969 2968 3275
3258 2968 3240 2952
3258 2969 2968 2952
3258 3241 3240 2952
3258 2969 3241 2952
2647 2953 2646 2935
2647 2646 2629 2935
2647 2918 2919 2630
2647 2648 2919 2630
2647 2918 2629 2935
2647 2918 2629 2630
2647 2648 2937 2919
2647 2648 2664 2937
2681 2392 2391 2680
2681 2953 2954 2664
2681 2682 2664 2375
2681 2392 2682 2375
2681 2682 2954 2664
2681 2682 2954 2971
2970 2969 2953 3241
2970 3258 3259 3241
2970 3258 2969 3241
2970 3258 3259 3275
2970 3258 2969 3275
2970 2681 2969 2953
2970 2681 2953 2954
2970 3259 3276 3260
2970 3259 3276 3275
2970 2954 2971 3260
2970 2681 2954 2971
2970 2987 3276 3260
2970 2987 3276 3275
2970 2969 3275 2986
2970 2987 3275 2986
2970 2987 2971 3260
2409 2697 2715 2408
2422 2711 2405 2695
2422 2423 2695 2406
2422 2405 2695 2406
2422 2712 2423 2695
2422 2712 2711 2695
2422 2712 2423 2440
2422 2712 2711 2440
2422 2439 2711 2440
2422 2439 2440 2150
2422 2151 2134 2150
2422 2151 2440 2150
2422 2151 2423 2134
2422 2151 2423 2440
2422 2405 2421 2710
2422 2711 2405 2710
2422 2439 2421 2710
2422 2439 2711 2710
2422 2439 2150 2438
2422 2439 2421 2438
2728 2712 3017 2729
2728 2712 2440 2729
2728 2440 2745 2729
2728 2439 2440 2745
2728 2439 2711 2440
2728 2712 2711 3017
2728 2712 2711 2440
2728 3034 2745 2729
2728 3034 3017 2729
2728 2439 2745 2744
2728 2439 2711 2710
2728 3034 2745 3033
2728 3034 3017 3033
2728 2745 3033 2744
2728 2711 3000 2710
2728 2711 3000 3017
2728 3033 2744 3016
2728 3017 3033 3016
2728 2727 2744 3016
2728 2439 2727 2744
2728 3000 3017 3016
2728 2439 2710 2727
2728 3000 2999 3016
2728 3000 2999 2710
2728 2999 2727 3016
2728 2999 2710 2727
2460 2749 2442 2443
2460 2459 2749 2442
2460 2749 2461 2443
2460 2477 2749 2461
2460 2477 2749 2766
2460 2459 2749 2766
2460 2477 2189 2461
2460 2188 2477 2476
2460 2477 2476 2766
2460 2459 2476 2766
2460 2188 2477 2189
2460 2188 1899 2189
2496 2495 2784 2768
2496 2513 2514 2802
2496 2513 2801 2802
2496 2512 2784 2801
2496 2512 2495 2784
2496 2512 2513 2801
2496 2803 2514 2802
2496 2803 2497 2514
2496 2479 2497 2768
2496 2495 2479 2768
2496 2208 2497 2514
2496 2208 2207 2497
2496 2207 2479 2497
2496 2495 2207 2479
1952 2242 1953 1936
1952 1664 1953 1936
1952 1664 1935 1936
1952 1646 1664 1935
1952 2242 1953 2258
1952 2241 2242 2258
1952 1664 1953 1663
1952 1646 1664 1663
1952 1969 1953 1663
1952 1969 1953 2258
1952 1646 1935 1934
2224 2496 2513 2514
2224 1918 2208 2207
2224 2496 2208 2514
2224 2496 2208 2207
2224 1918 2208 1919
2224 1918 1935 1919
2224 2241 2242 2513
2224 1952 2241 2242
2224 2208 2225 2514
2224 1952 1935 1936
2224 2242 2513 2514
2224 2208 1919 2225
2224 1952 2242 1936
2224 2531 2225 1936
2224 2531 2225 2514
2224 1919 2225 1936
2224 1935 1919 1936
2224 2242 2531 1936
2224 2242 2531 2514
2511 2512 2529 2801
2511 2512 2800 2801
2511 2800 2816 2510
2511 2800 2510 2494
2511 2512 2800 2494
2511 2816 2527 2510
2511 2527 2510 2238
2511 2222 2510 2238
2511 2510 2494 2205
2511 2512 2494 2205
2511 2222 2510 2205
2511 2512 2222 2205
2566 2277 2259 2260
2566 2549 2259 2260
2566 2549 2565 2259
1988 1970 1971 1682
1988 1970 2277 1971
2276 2259 2547 2258
2276 2565 2259 2547
2276 2564 2565 2547
2276 2566 2565 2259
2276 2566 2277 2259
3158 3174 2886 3175
3158 3174 2886 2868
3158 2886 2868 2869
3158 3174 2868 3157
3158 3141 2868 2869
3158 3141 2868 3157
3158 3174 3464 3175
3158 3174 3464 3463
3158 3174 3463 3157
3158 3464 3175 3159
3158 3446 3463 3157
3158 3446 3464 3463
3156 3173 2884 3172
3156 2867 3173 2884
3156 2867 2866 2884
3156 3462 3173 3172
3156 2867 3157 3139
3156 2867 2850 3139
3156 2867 2866 2850
3156 3462 3173 3157
3156 2868 3173 3157
3156 2867 2868 3157
3156 2867 2868 3173
2851 2850 2561 2834
2851 2867 2850 2561
2851 2867 2579 2561
2851 2867 2868 2579
2851 2562 2579 2561
2851 2562 2563 2579
2851 3141 2868 2869
2851 3141 2852 2869
2851 2868 2579 2869
2851 2563 2579 2869
2851 2852 2563 2869
2223 2512 2529 2513
2223 2241 2529 2513
2223 2224 2241 2513
2223 1933 1934 1917
2223 1933 2222 1917
2223 2224 1952 2241
2223 1918 1934 1917
2223 1952 1935 1934
2223 2224 1952 1935
2223 1918 1935 1934
2223 2224 1918 1935
2530 2241 2529 2513
2530 2818 2529 2513
2530 2546 2241 2529
2530 2241 2242 2547
2530 2241 2242 2513
2530 2546 2241 2547
2530 2818 2513 2802
2530 2820 2531 2514
2530 2242 2531 2514
2530 2242 2513 2514
2530 2820 2514 2802
2530 2513 2514 2802
1950 1660 1678 1661
1950 1933 1660 1661
1950 1967 1968 1678
1950 1677 1660 1678
1950 1677 1949 1660
1950 1932 1949 1660
1950 1933 1932 1660
1950 1966 1677 1678
1950 1966 1677 1949
1950 1966 1967 1678
1950 1932 1949 2238
1950 2255 1966 1949
1950 2255 1966 1967
1950 2255 1949 2238
1950 2255 1967 2238
1898 1608 1626 1609
1898 1608 1881 1897
1898 1608 1897 1625
1898 1608 1626 1625
1898 1610 1626 1609
1898 1897 1915 1625
1898 1626 1915 1625
1898 1610 1916 1626
1898 1899 1610 1916
1898 1916 1626 1915
1898 2204 1916 1915
1898 2204 1899 1916
1882 1575 1865 1593
1882 1881 1575 1865
1882 1610 1593 1609
1882 1898 1881 1609
1882 1898 1881 1899
1882 1898 1610 1609
1882 1898 1899 1610
1882 1610 1593 1611
1882 1899 1610 1611
1882 1899 1883 1611
1882 1594 1593 1611
1882 1594 1883 1611
1882 1594 1865 1593
1882 1594 1883 1865
1302 1030 1319 1012
1302 1320 1030 1319
1302 1301 1319 1012
1302 1030 1013 1012
1302 1608 1301 1319
1302 1320 1608 1319
1302 1030 1013 1014
1302 1320 1030 1014
1302 1301 1012 996
1302 1285 1301 996
1302 1013 1012 996
1302 997 1013 1014
1302 997 1013 996
1302 1285 997 996
2228 2262 2244 2534
2228 2227 2244 2516
2228 2227 1939 2211
2228 2227 2517 2516
2228 2227 2517 2211
2228 2518 2517 2211
2278 2295 2296 2584
2278 2585 2296 2584
2278 2585 2567 2584
1956 1939 1650 1938
1956 2227 1939 1938
1956 2228 2227 1939
1956 2227 2244 1938
1956 2228 2227 2244
2553 2554 2570 2842
2553 2554 2265 2281
2553 2554 2570 2281
1940 1923 1939 1651
1940 1939 1650 1651
2229 2246 2535 2534
2229 2518 2535 2534
2229 2228 2518 2534
2229 2228 2518 2211
2229 2518 2213 2211
2229 2228 1939 2211
2229 1923 1939 2211
2229 1923 2213 2211
2229 1940 1923 1939
2229 1940 1923 2213
3606 3622 3623 3334
3606 3316 3622 3334
3606 3316 3317 3334
3606 3316 3300 3317
3606 3588 3316 3300
3606 3317 3335 3334
3606 3623 3335 3334
3606 3623 3607 3335
3606 3300 3301 3317
3606 3607 3335 3318
3606 3317 3335 3318
3606 3301 3317 3318
3877 3859 3876 4148
3877 3859 4149 4148
3877 3859 3860 4149
3877 3859 3860 3571
3877 3588 3860 3571
3877 3587 3859 3876
3877 3587 3859 3571
3842 3843 4149 4131
3842 3859 4149 4131
3842 3843 3860 4149
3842 3859 3860 4149
3842 4114 3843 4131
3842 3843 3860 3554
3842 3859 3860 3554
3842 3554 3553 3537
3842 3843 3554 3537
3842 3554 3570 3553
3842 3859 3554 3570
3060 3043 2772 3061
3060 3043 2772 2754
3060 2772 3061 2789
3060 3061 2789 3077
3060 2788 2789 3077
3060 3349 3061 3077
3060 3043 3349 3061
4117 4116 3827 4134
4117 4116 4099 3827
4117 4099 3827 3811
4117 4101 4118 3811
4117 4406 4134 4118
4117 4406 4101 4118
4117 3828 3827 3811
4117 3828 3827 4134
4117 3828 4118 3811
4117 3828 4134 4118
3825 4114 3843 4115
3825 3826 3843 4115
3825 4114 4115 3808
3825 3826 4115 3808
3825 3826 3843 3537
3825 3842 3843 3537
3825 3842 4114 3843
3825 3826 3520 3537
3825 3826 3520 3808
3825 3536 3520 3537
3825 3536 3553 3537
3825 3842 3553 3537
3825 3520 3808 3519
3825 3536 3520 3519
3281 2975 2993 2992
3281 2975 2993 3264
3281 3282 3264 3570
3281 3282 2993 3264
3281 3298 3299 2992
3281 2993 3299 2992
3281 3282 2993 3299
3281 3298 3570 3571
3281 3298 3299 3571
3281 3282 3570 3571
3281 3282 3299 3571
3265 3554 3553 3537
3265 3282 3554 3553
3265 3282 3264 3553
3265 3555 3554 3537
3265 3282 3555 3554
3265 3264 3536 3553
3265 3536 3553 3537
3265 3247 3264 3536
3265 3282 3264 2976
3265 3555 3538 3537
3265 3555 3538 3248
3265 3555 3248 3266
3265 3282 3555 3266
3265 3536 3231 3537
3265 3247 3536 3231
3265 3247 2959 3264
3265 2959 3248 2976
3265 2959 3264 2976
3265 3248 2976 3266
3265 3282 2976 3266
3265 3538 3231 3537
3265 3538 3248 3231
3265 2959 3248 3231
3265 3247 2959 3231
2996 2995 3284 3012
2996 3284 3302 3285
2996 3286 3302 3285
2996 3268 3286 3285
2996 3284 3267 3285
2996 3268 3267 3285
2996 3268 3267 2978
2996 2995 3267 2978
2996 2995 3284 3267
2996 2706 2978 2690
2996 2995 2706 2978
3590 3897 3607 3591
3590 3897 3896 3607
3590 3607 3318 3591
3590 3302 3318 3591
3590 3302 3301 3318
3590 3606 3607 3318
3590 3606 3301 3318
3590 3574 3302 3591
3590 3574 3862 3573
3590 3302 3301 3573
3590 3574 3302 3573
3589 3879 3861 3862
3589 3572 3861 3862
3589 3572 3588 3861
3589 3590 3879 3862
3589 3572 3862 3573
3589 3590 3862 3573
3589 3572 3300 3573
3589 3572 3588 3300
3589 3606 3588 3300
3589 3300 3301 3573
3589 3590 3301 3573
3589 3606 3300 3301
3589 3590 3606 3301
4202 3914 3931 3913
4202 3914 3896 4185
4202 3914 3896 3913
4202 3930 4219 4201
4202 3931 3930 4219
4202 3931 3913 3930
4202 3912 3913 3930
4202 4491 4219 4201
4202 3931 4220 4219
4202 3912 3896 4185
4202 3912 3896 3913
4202 3912 3930 4201
4202 3912 4185 4201
3627 3339 3644 3338
3627 3626 3644 3338
3627 3609 3626 3338
3627 3339 3644 3628
4224 3918 3934 3935
4224 3918 4207 3935
4224 4208 4207 3935
4224 3951 3934 3935
4224 4208 4225 3935
4224 4208 4513 4225
4224 3951 3935 4241
4224 4225 3935 4241
4224 4530 4529 4241
4224 4513 4530 4529
4224 4225 4530 4241
4224 4513 4225 4530
4369 4081 4352 4063
4369 4081 4080 4063
4369 4081 4080 4098
4369 4080 4098 4386
4369 4353 4081 4352
4369 4353 4352 4658
3233 3523 3234 3522
3233 3523 3234 3251
3233 3216 3234 3522
3233 3523 3540 3522
3233 3523 3251 3540
3233 3540 3522 3539
3233 3251 3540 3539
3233 3521 3522 3539
3233 3521 3249 3539
3233 3251 3250 3539
3233 3249 3250 3539
3233 3521 3522 3232
3233 3521 3249 3232
3233 3216 2943 3232
3233 3249 2943 3232
4390 4085 4374 4391
4390 4085 4374 4084
4390 4085 4391 4102
4390 4085 4084 4102
4390 4101 4084 4102
4390 4391 4407 4102
4390 4374 4663 4391
4390 4662 4374 4663
4390 4118 4407 4102
4390 4101 4118 4102
4390 4406 4118 4407
4390 4406 4101 4118
3798 3508 3780 3491
3798 4070 4087 4088
3798 3508 3525 3797
3798 3508 3780 3797
3798 3525 3815 3797
3798 4087 3815 4088
3798 3799 3815 4088
3526 3799 3527 3510
3526 3237 3527 3510
3526 3544 3527 3833
3526 3237 3544 3527
3526 3798 3525 3815
3526 3798 3799 3815
3526 3832 3815 3833
3816 3527 3817 3834
3816 3526 3799 3527
3816 3527 3833 3834
3816 3526 3527 3833
3816 3799 3815 4105
3816 3526 3799 3815
3816 4122 3833 3834
3816 3526 3815 3833
3816 4122 4105 4104
3816 4121 3815 3833
3816 4122 4121 4104
3816 4122 4121 3833
3816 3815 4105 4104
3816 4121 3815 4104
3812 3524 3813 3796
3812 3524 3813 3523
3812 4101 4118 3811
3812 3813 4101 4118
3812 3794 3522 3811
3812 3523 3540 3522
3812 3813 3523 3540
3812 3828 4118 3811
3812 3828 3522 3811
3812 3828 3540 3522
3812 3828 4118 3829
3812 3813 4118 3829
3812 3828 3540 3829
3812 3813 3540 3829
4338 4339 4356 4050
4338 4356 4050 4066
4338 4049 4050 4066
4338 4065 4356 4066
4338 4065 4049 4066
4338 4065 4355 4356
4338 4339 4356 4645
4338 4355 4356 4645
4338 4065 4049 4337
4338 4065 4355 4337
4338 4339 4645 4628
4082 4065 4371 4064
4082 4099 3809 4098
4082 4081 3809 4098
4082 4099 4388 4098
4082 4371 4388 4098
3776 4065 4064 4048
3776 4064 3775 4048
3776 3759 3775 4048
3776 3759 3775 3487
3776 4082 4065 4064
3776 3759 3760 4048
3776 4065 4049 4048
3776 4065 4049 4066
3776 3759 3760 3487
3776 4049 3760 4048
3776 4049 3760 4066
3776 3777 3760 3487
3776 3777 3760 4066
3776 3794 3793 3487
3776 3794 3777 3487
3791 3486 3774 3485
3791 3502 3486 3485
3791 4081 4080 3774
3791 4081 4080 3809
3791 4080 3809 3808
3503 3791 3502 3486
3503 3502 3230 3519
3503 3230 3231 3519
3503 3520 3231 3232
3503 3504 3520 3232
3503 3520 3231 3519
3503 3809 3520 3808
3503 3791 3809 3808
3503 3791 3502 3519
3503 3791 3808 3519
3503 3520 3808 3519
3214 3196 3197 3486
3214 3196 3502 3213
3214 3503 3502 3486
3214 3196 3502 3485
3214 3502 3486 3485
3214 3196 3486 3485
3214 3230 3213 2925
3214 3503 3486 3504
3214 3215 2909 2925
3214 3197 3486 3198
3214 3502 3230 3213
3214 3503 3502 3230
3214 3230 3231 2925
3214 3503 3230 3231
3214 3503 3504 3232
3214 3215 2925 3232
3214 3504 3215 3232
3214 3504 3215 3198
3214 3486 3504 3198
3214 3215 2909 3198
3214 3197 2909 3198
3214 3231 2925 3232
3214 3503 3231 3232
2908 3197 2909 2891
2908 2907 3197 2891
2908 3214 3197 2909
2908 3214 2909 2925
2908 2635 2907 2618
2908 3214 3213 2925
2908 2907 3196 3213
2908 2907 3196 3197
2908 3214 3196 3213
2908 3214 3196 3197
2908 2635 2907 2924
2908 2635 2636 2924
2908 2636 2924 2925
2908 2907 2924 3213
2908 2924 3213 2925
2908 2926 2909 2925
2908 2926 2636 2925
3505 3794 3793 3522
3505 3521 3793 3522
3505 3521 3504 3793
3505 3504 3793 3487
3505 3794 3793 3487
3505 3521 3522 3232
3505 3521 3504 3232
3505 3233 3522 3232
3505 3233 3216 3232
3505 3233 3216 3522
3505 3504 3215 3232
3505 3216 3215 3232
3505 3504 3198 3487
3505 3504 3215 3198
3505 3216 3215 3198
3505 3488 3216 3198
3505 3488 3198 3487
3505 3794 3777 3487
3505 3488 3777 3487
3505 3488 3794 3777
2912 2929 2623 2911
2912 3217 2929 2911
2912 2895 2623 2911
2912 2895 3183 2911
2912 3217 3183 2911
2912 2929 2623 2913
2912 3217 3201 3184
2912 2895 3184 3183
2912 3217 3184 3183
2912 2896 2895 3184
2912 2896 2895 2623
2912 3219 2929 2913
2912 3219 3218 2929
2912 3217 3218 2929
2912 3219 3201 3218
2912 3217 3201 3218
2912 2896 2623 2913
2912 3202 3219 2913
2912 3202 3219 3201
2912 3202 2896 2913
3506 3523 3234 3218
3506 3217 3234 3218
3506 3523 3234 3522
3506 3524 3523 3218
3506 3216 3234 3522
3506 3812 3523 3522
3506 3812 3794 3522
3506 3217 3216 3234
3506 3488 3217 3216
3506 3812 3524 3796
3506 3812 3524 3523
3506 3505 3794 3522
3506 3505 3216 3522
3506 3505 3488 3794
3506 3505 3488 3216
3489 3473 3184 3183
3489 3217 3184 3183
3489 3488 3217 3183
3489 3473 3201 3184
3489 3217 3201 3184
3489 3506 3488 3217
3489 3473 3201 3490
3489 3762 3473 3761
3489 3762 3779 3761
3489 3762 3779 3490
3489 3762 3473 3490
3810 3521 3504 3520
3810 3521 3504 3793
3810 3503 3504 3520
3810 3503 3809 3520
3810 3826 3809 3520
3810 3521 3826 3520
3810 3826 4099 3809
3810 4082 4099 3809
3810 3521 3793 3811
3810 3826 4099 3827
3810 3521 3826 3827
3810 4082 3793 3811
3810 4082 4099 3811
3810 4099 3827 3811
3810 3521 3827 3811
2673 2672 2384 2367
2673 2656 2672 2367
2673 2963 2691 2674
2673 2963 2946 2674
2673 2385 2402 2384
2673 2385 2402 2674
2673 2691 2402 2674
2673 2402 2384 2690
2673 2691 2402 2690
2945 2673 2962 2672
2945 2673 2656 2672
2945 2656 2640 2928
2945 2656 2946 2640
2945 3234 2929 2928
2945 2929 2640 2928
2945 2946 2929 2640
2945 2673 2963 2946
2945 2673 2962 2963
2945 2946 2929 3235
2945 3234 2929 3235
2945 2963 2946 3235
2945 3234 3251 3235
2945 2963 3251 3235
2945 2962 2963 3251
4190 3900 4207 3901
4190 3900 3884 3901
4190 4207 4191 3901
4190 3884 4191 3901
4190 4480 4207 4191
4142 4125 3836 4126
4142 3836 3837 4126
4142 4125 4415 4126
4142 4125 3836 4124
4142 3837 4126 4143
4142 3836 3853 3837
4142 4415 4126 4143
4142 4159 4415 4143
4142 4125 4415 4414
4142 4159 4415 4414
4142 3836 3853 4124
4142 4125 4124 4414
4142 3854 3837 4143
4142 4159 3854 4143
4142 3854 3853 3837
4142 4141 3853 4124
4142 3854 3853 3870
4142 4159 3854 3870
4142 4141 3853 3870
4142 4159 4141 3870
4194 3888 4177 4193
4194 4177 4193 4483
4194 4211 4193 4483
4194 4211 3905 4193
4194 3888 3905 4193
4194 3888 4177 4178
4194 4211 3905 3906
4194 3888 3905 3906
4194 4195 4211 3906
4194 3888 3889 4178
4194 3888 3906 3889
4194 4195 3889 4178
4194 4195 3906 3889
2619 2602 2601 2891
2619 2601 2618 2891
2619 2602 2601 2618
2619 2602 2330 2618
2619 2907 2618 2891
2619 2908 2907 2891
2619 2908 2907 2618
2619 2908 2909 2891
2619 2908 2926 2909
2619 2330 2347 2618
2619 2908 2635 2618
2619 2908 2635 2636
2619 2908 2926 2636
2619 2635 2347 2618
2619 2635 2636 2347
2313 2602 2330 2312
2313 2329 2330 2312
2313 2602 2330 2314
2313 2331 2330 2314
2313 2331 2025 2314
2313 2331 2025 2024
2041 2329 2330 2347
2041 2331 2330 2347
2041 2313 2329 2330
2041 2313 2331 2330
2041 2329 2040 2346
2041 2329 2347 2346
2041 2059 2331 2347
2041 2057 2040 2346
2041 2059 2058 2347
2041 2059 2331 1753
2041 2329 2040 2312
2041 2313 2329 2312
2041 2313 2331 2024
2041 2058 2347 2346
2041 2057 2058 2346
2041 2057 2058 2040
2041 2058 1752 2040
2041 2059 2058 1752
2041 2331 2024 1753
2041 2059 1752 1753
2041 2023 2040 2312
2041 2313 2023 2312
2041 2313 2023 2024
2041 2023 2024 2040
2041 1752 2024 1753
2041 1752 2024 2040
2638 2910 2639 2928
2638 2621 2910 2639
2638 2366 2349 2348
2607 2914 2624 2913
2607 2896 2624 2913
2607 2896 2914 2913
2607 2914 2624 2625
2607 2914 2608 2625
2607 2896 2624 2606
2607 2897 2914 2608
2607 2897 2896 2914
2607 2624 2318 2625
2607 2624 2606 2318
2607 2319 2318 2625
2607 2608 2319 2625
3471 3777 3760 3761
3471 3488 3777 3487
3471 3488 3182 3198
3471 3760 3470 3487
3471 3777 3760 3487
3471 3198 3470 3487
3471 3488 3198 3487
3471 3181 3198 3470
3471 3181 3182 3198
2620 3199 2892 2893
2620 3199 2910 2893
2620 3199 2892 2909
2620 2892 2909 2891
2620 2619 2909 2891
2620 2619 2926 2909
2620 2638 2621 2910
2927 2926 3215 2909
2927 3199 3215 2909
2927 2620 2926 2909
2927 2620 3199 2909
2927 3199 3216 3215
2927 2620 3199 2910
2927 3216 2943 3215
2927 2926 2943 3215
2927 2620 2638 2910
2927 2620 2638 2926
2927 3216 3200 2928
2927 3199 3216 3200
2927 2638 2910 2928
2927 2910 3200 2928
2927 3199 2910 3200
4694 4693 4422 4710
4694 4711 4422 4710
4694 4404 4693 4422
4456 4440 4150 4167
4456 4440 4439 4150
4456 4439 4150 4438
4456 4440 4167 4168
4456 4473 4167 4168
4456 4440 4439 4728
4456 4727 4455 4438
4456 4727 4439 4438
4456 4440 4745 4728
4456 4473 4455 4744
4456 4473 4745 4744
4456 4727 4439 4728
4456 4745 4744 4728
4456 4727 4744 4728
4456 4727 4455 4744
4151 4440 4167 4168
4151 4440 4150 4167
4151 4441 4169 4168
4151 4440 4441 4168
4151 3879 4167 4168
4151 3879 4169 4168
4151 3861 4150 4167
4151 4152 4441 4169
4151 3879 3862 4169
4151 3861 3862 3845
4151 3861 4133 3845
4151 3861 4150 4133
4151 4152 3863 4169
4151 4134 4133 3845
4151 3879 3861 4167
4151 3879 3861 3862
4151 3862 3863 3845
4151 3862 3863 4169
4151 3846 3863 3845
4151 4152 3846 3863
4151 3846 4134 3845
4151 4152 4441 4135
4151 3846 4135 4134
4151 4152 3846 4135
4387 4675 4386 4692
4387 4675 4693 4692
4387 4403 4386 4692
4387 4693 4403 4692
4387 4404 4693 4403
4387 4404 4115 4403
4387 4403 4386 4097
4387 4115 4403 4097
4387 4388 4115 4098
4387 4404 4388 4115
4387 4098 4386 4097
4387 4115 4098 4097
4625 4353 4335 4624
4625 4353 4335 4336
4625 4353 4642 4624
4625 4353 4642 4336
4625 4336 4626 4354
4625 4642 4336 4354
4625 4643 4626 4354
4625 4642 4643 4354
4430 4412 4719 4702
4430 4412 4413 4702
4430 4413 4702 4414
4430 4412 4429 4719
4430 4719 4720 4702
4430 4720 4702 4414
4430 4412 4413 4124
4430 4431 4720 4414
4430 4431 4719 4720
4430 4413 4124 4414
4430 4412 4124 4140
4430 4412 4429 4140
4430 4431 4719 4447
4430 4429 4719 4447
4430 4141 4124 4140
4430 4429 4141 4140
4430 4159 4431 4414
4430 4159 4431 4141
4430 4431 4141 4447
4430 4429 4141 4447
4430 4142 4124 4414
4430 4142 4141 4124
4430 4142 4159 4414
4430 4142 4159 4141
4173 4463 4462 4480
4173 4190 3884 4191
4173 4190 4480 4191
4173 4462 4479 4480
4173 4190 4479 4480
4173 4155 4156 3884
4173 3884 3885 4191
4173 4156 3884 3885
4425 4714 4442 4408
4425 4152 4441 4153
4425 4152 4441 4135
4425 4442 4153 4136
4425 4152 4153 4136
4425 4135 4136 4408
4425 4152 4135 4136
4425 4442 4136 4408
4172 4173 4462 4479
4172 4155 3883 4171
4172 4173 4190 4479
4172 4155 3883 3884
4172 4173 4155 3884
4172 4173 4190 3884
4172 3883 3900 3884
4172 4190 3900 3884
4731 4460 4748 4749
4731 4460 4732 4749
4731 4460 4732 4442
4731 4732 4714 4442
4731 4425 4714 4442
4170 4460 4171 4153
4170 3864 4153 4169
4170 4171 3864 3882
4170 4171 3864 4153
4170 3864 3881 4169
4170 3864 3881 3882
4445 4716 4427 4443
4445 4733 4716 4443
4445 4733 4462 4734
4445 4733 4716 4734
4445 4446 4428 4734
4445 4717 4716 4734
4445 4717 4716 4427
4445 4139 4428 4427
4445 4446 4139 4428
4445 4463 4462 4734
4445 4446 4463 4734
4445 4717 4428 4427
4445 4717 4428 4734
4445 4173 4463 4462
4445 4173 4446 4463
4445 4155 4156 4139
4445 4446 4156 4139
4445 4172 4173 4462
4445 4172 4173 4155
4445 4173 4155 4156
4445 4173 4446 4156
4409 4699 4410 4426
4409 4103 4410 4393
4409 4410 4393 4682
4409 4699 4410 4682
4409 4699 4681 4682
4409 4681 4393 4682
4409 4103 4119 4391
4409 4119 4391 4408
4409 4119 4426 4408
4409 4681 4680 4391
4409 4681 4393 4392
4409 4103 4393 4392
4409 4681 4391 4392
4409 4103 4391 4392
4409 4697 4391 4408
4458 4747 4746 4764
4458 4747 4476 4764
4458 4747 4441 4746
4458 4186 4185 4168
4458 4441 4169 4168
4458 4186 4169 4168
4458 4170 4186 4169
4458 4170 4187 4476
4458 4170 4186 4187
3880 4186 3897 3896
3880 4186 3879 3896
3880 3590 3897 3896
3880 3590 3879 3896
3880 3590 3897 3591
3880 4186 3879 4169
3880 3590 3879 3862
3880 4170 3881 4169
3880 4170 4186 4169
3880 3574 3881 3591
3880 3590 3574 3591
3880 3879 3862 4169
3880 3590 3574 3862
3880 3862 3863 4169
3880 3881 3863 4169
3880 3574 3862 3863
3880 3574 3881 3863
4781 4492 4765 4764
4781 4492 4765 4782
4781 4509 4798 4782
4781 4509 4492 4782
4781 4509 4491 4492
4781 4491 4780 4798
4781 4509 4491 4798
4493 4494 4782 4510
4493 4492 4782 4510
4493 4492 4765 4782
4493 4205 4478 4494
4493 4492 4187 4476
4493 4492 4765 4476
3545 3544 3833 3834
3545 3544 3561 3833
3545 3851 3833 3834
3545 3851 3561 3833
3545 3851 3561 3562
3545 3561 3272 3562
3545 3544 3561 3272
3545 3852 3851 3562
3545 3852 3851 3834
3545 3272 3256 3562
3545 3544 3272 3256
3545 3544 3256 3528
3545 3563 3256 3562
3545 3852 3563 3562
3545 3527 3834 3528
3545 3544 3527 3528
3545 3544 3527 3834
3545 3852 3563 3546
3545 3852 3835 3546
3545 3852 3835 3834
3545 3257 3256 3528
3545 3257 3546 3528
3545 3817 3546 3528
3545 3817 3834 3528
3545 3563 3257 3256
3545 3563 3257 3546
3545 3835 3817 3546
3545 3835 3817 3834
3559 3560 3270 3576
3559 3269 3270 3576
3559 3560 3271 3270
3559 3558 3269 3576
3559 3558 3269 3541
3559 3269 3541 3252
3559 3542 3541 3252
3850 3868 3867 3562
3850 3851 3868 3562
3850 3851 3561 3562
3850 4156 3868 3867
3850 3851 4156 3868
3850 3867 3578 3562
3850 3561 3578 3562
3850 4155 4156 3867
3850 3560 3561 3578
3850 3851 4156 4139
3850 4155 4156 4139
4123 4122 4412 4140
4123 4412 4124 4140
4123 4122 3851 4140
4123 4122 3851 3834
4123 3852 3851 4140
4123 3852 3851 3834
4123 4412 4395 4411
4123 4122 4412 4411
4123 3852 4124 4140
4123 3852 3835 4124
4123 3852 3835 3834
4123 3835 4107 4124
4123 4107 4413 4124
4123 4412 4413 4124
4123 4395 4107 4413
4123 4412 4395 4413
4123 3835 3817 3834
4123 3835 4107 3817
3543 3560 3561 3271
3543 3832 3560 3561
3543 3544 3561 3271
3543 3559 3560 3271
3543 3559 3832 3560
3543 3544 3271 3254
3543 3544 3561 3833
3543 3832 3561 3833
3543 3526 3544 3833
3543 3526 3832 3833
3543 3559 3832 3542
3543 3237 3544 3254
3543 3526 3237 3544
3543 3526 3832 3542
3543 3526 3525 3542
3543 3526 3237 3525
3831 4137 3847 4136
3831 3830 3847 4136
3831 3847 3541 3829
3831 3830 3541 3829
3831 3830 3847 3829
3831 3558 3847 3541
3831 3559 3558 3541
3831 3559 3542 3541
3831 3559 3832 3542
4120 3830 4119 4136
4120 4119 4136 4426
4120 4137 4136 4426
4120 3831 4137 4136
4120 3831 3830 4136
4120 4103 3830 4119
4120 4409 4119 4426
4120 4409 4103 4119
4120 4103 4121 4410
4120 4409 4410 4426
4120 4409 4103 4410
4563 4547 4548 4836
4563 4275 4547 4548
4563 4275 4548 4564
4563 4853 4548 4836
4563 4853 4548 4564
4274 4563 4275 4547
3950 3966 4239 3949
3950 3933 3661 3934
3950 3933 3661 3949
3950 3933 4239 3949
3950 3661 3662 3934
3950 3951 3662 3934
4767 4462 4479 4768
4767 4751 4462 4768
4767 4751 4462 4750
4461 4766 4749 4750
4461 4767 4766 4750
4461 4767 4478 4766
4461 4749 4750 4443
4461 4460 4749 4443
4461 4767 4478 4479
4461 4767 4462 4750
4461 4767 4462 4479
4461 4172 4462 4479
3866 4155 4154 4171
3866 4155 4137 4154
3866 3883 4171 3882
3866 4155 3883 4171
3866 3577 3883 3882
3866 4155 3883 3867
3866 3577 3883 3867
3866 3577 3560 3576
3866 3850 4155 3867
3866 3577 3560 3578
3866 3850 3560 3578
3866 3577 3867 3578
3866 3850 3867 3578
4158 4448 4176 3870
4158 4448 4141 3870
4158 3887 4176 3870
4158 3887 4175 4176
4158 3887 3886 4175
4158 4448 4141 4447
4158 4157 4141 4447
4158 4465 4175 4176
4158 4448 4465 4176
4158 4448 4465 4447
4158 4465 4447 4464
4158 4465 4175 4464
4669 4652 4380 4670
4669 4686 4380 4670
4669 4396 4686 4380
4669 4363 4652 4380
4378 4396 4089 4395
4378 4396 4684 4395
4378 4377 4089 4105
4378 4377 4394 4105
4378 4684 4683 4395
4378 4394 4683 4395
3765 4071 4053 4054
3765 4071 3782 4054
3765 3782 3766 4054
4433 4144 4145 4161
4433 4144 4161 4143
4433 4161 4450 4432
4433 4416 4432 4143
4433 4161 4432 4143
4433 4722 4450 4432
4433 4722 4416 4432
4433 4722 4450 4723
4433 4722 4416 4723
4436 4418 4419 4708
4436 4418 4435 4724
4436 4435 4742 4453
4436 4435 4164 4453
4436 4435 4164 4147
4129 4419 4147 4130
4129 4146 4147 4130
4129 4112 4419 4130
4129 4436 4419 4147
4129 4436 4418 4419
4129 4146 4435 4147
4129 4112 4419 4401
4129 4418 4419 4401
4129 4436 4435 4147
4129 4436 4418 4435
4129 4112 3840 4130
4129 4146 3840 4130
4129 4146 4435 4145
4129 4112 4417 4401
4129 4418 4417 4401
4129 4128 4112 3840
4129 4128 4146 3840
4129 4128 4112 4417
4129 4128 4145 4417
4129 4128 4146 4145
4762 4473 4745 4744
4166 4473 4184 4167
4166 4473 4183 4184
4166 4456 4473 4167
4166 4456 4473 4455
4166 4456 4455 4438
4166 4473 4455 4472
4166 4473 4183 4472
4166 4456 4150 4438
4166 4456 4150 4167
4166 4150 4149 4438
4166 4149 4148 4438
4166 4455 4148 4438
4166 3877 4149 4148
4166 3861 4150 4167
4166 3861 4150 4149
4783 4800 4494 4782
4783 4493 4494 4782
4783 4800 4801 4494
4783 4493 4765 4782
4783 4493 4765 4766
4783 4493 4478 4766
4783 4493 4478 4494
3984 3966 3983 4255
3388 3371 3099 3081
3388 3387 3371 3081
3388 3371 3099 3083
3388 3100 3099 3083
3388 3371 3389 3083
3388 3100 3389 3083
3388 3371 3677 3389
3388 3387 3371 3677
3388 3100 3406 3389
3388 3406 3677 3389
3388 3387 3694 3677
3111 3417 3401 3400
3111 3417 3401 3128
3111 3401 3384 3400
2823 2518 2517 2807
2823 2518 2535 2807
2823 2518 2535 2534
2823 2228 2518 2534
2823 2228 2518 2517
2823 2805 2517 2516
2823 2228 2517 2516
2806 2789 3077 3078
2806 2788 2805 3077
2806 2788 2789 3077
2806 3079 2789 3078
2806 3095 3079 3078
2806 2788 2517 2789
2806 2788 2805 2517
2806 3095 3079 2807
2806 2823 2805 2517
2806 3079 2501 2807
2806 3079 2501 2789
2806 2517 2501 2807
2806 2517 2501 2789
2806 2823 2517 2807
2806 2823 3095 2807
3658 3641 3947 3946
3658 3641 3640 3352
3658 3369 3370 3352
3658 3370 3642 3352
3658 3641 3642 3352
3658 3659 3370 3676
3658 3947 3659 3676
3658 3659 3370 3642
3658 3947 3659 3948
3658 3641 3947 3948
3658 3659 3948 3642
3658 3641 3948 3642
2551 2567 2856 2550
2551 2567 2856 2857
2551 2840 2856 2857
2551 2278 2567 2550
2551 2262 2534 2550
2551 2840 2534 2550
3129 3146 3147 2857
3129 3146 2840 2857
3129 3146 3147 3418
3129 3146 3128 3418
3129 3401 3128 3418
2841 2842 2825 3130
2841 3113 2825 3130
2841 3129 3113 3130
2841 2842 2535 2825
2841 3129 3147 3130
2841 3129 3147 2857
2841 3129 2840 2857
2841 2553 2842 2535
2841 2859 2570 2842
2841 2553 2570 2842
3434 3417 3418 3724
3434 3417 3723 3724
3434 3435 3418 3724
3434 3723 3451 3724
3434 3435 3451 3724
3434 3128 3418 3145
3434 3417 3128 3418
3434 3435 3418 3145
3434 3435 3162 3145
3434 3435 3451 3162
2008 2007 1718 1990
2008 1992 1991 2009
3419 3435 3147 3418
3419 3420 3147 3130
3419 3129 3147 3130
3419 3129 3147 3418
3419 3401 3418 3707
3419 3129 3113 3130
3419 3129 3401 3418
3419 3129 3113 3401
3436 3452 3435 3741
3436 3741 4013 3742
3436 3741 3724 4013
3436 3435 3741 3724
3436 3419 3435 3147
3436 3725 4013 3742
3436 3708 3725 4013
3436 3708 4013 3707
3436 3419 3708 3707
3436 3724 4013 3707
3436 3419 3708 3420
3436 3420 3147 3437
3436 3419 3420 3147
3436 3418 3724 3707
3436 3435 3418 3724
3436 3419 3418 3707
3436 3419 3435 3418
3436 3725 3743 3742
3436 3708 3725 3726
3436 3420 3437 3726
3436 3708 3420 3726
3436 3725 3743 3726
3436 3437 3743 3726
3407 3696 3712 3406
3407 3424 3119 3135
3407 3118 3119 3135
2864 2880 3152 2863
2864 2880 3169 3170
2864 2880 3169 3152
2864 2865 3136 2847
2864 3152 2846 2863
2864 2847 2846 2863
2864 3136 3152 2846
2864 3136 2847 2846
2864 2847 2575 2863
2864 2865 2847 2575
3154 2864 2865 3136
3154 2865 3136 2848
3154 2864 2882 3170
3154 2864 2865 2882
4268 3995 3978 4284
4268 3996 3995 4284
4268 3996 3995 3978
4268 4267 3978 4284
4268 4267 3978 3979
4268 3996 3978 3979
4268 4556 4267 4284
4268 4251 4267 3979
4268 4574 4269 4286
4268 4557 4251 4267
4268 4556 4573 4284
4268 4556 4573 4574
4268 4557 4556 4574
4268 4557 4556 4267
4268 4251 3980 3979
4268 3997 3980 4286
4268 3996 3997 4286
4268 3997 3980 3979
4268 3996 3997 3979
4268 3980 4269 4286
4268 4251 3980 4269
4268 4557 4574 4269
4268 4557 4251 4269
4014 3996 3997 4286
4014 3996 4302 4013
4014 4287 3997 4286
4014 4287 4303 4286
4014 3996 3997 4013
4014 3997 3725 4013
4014 4030 4302 4013
4014 4031 4030 4013
4014 4031 3725 4013
4014 4303 4319 4302
4014 4031 4030 4319
4014 4030 4319 4302
4014 4031 4319 4320
4014 4303 4319 4320
4253 4236 3947 3946
4253 4252 4235 3946
4253 4236 4235 3946
4253 3947 4254 3964
4253 3947 4254 4237
4253 4236 3947 4237
4253 4525 4236 4235
4253 4254 4270 3964
4253 4252 4270 3964
4253 4525 4254 4237
4253 4525 4236 4237
4253 4252 4235 4541
4253 4559 4254 4270
4253 4252 4559 4270
4253 4235 4524 4541
4253 4525 4235 4524
4253 4252 4559 4541
4253 4525 4254 4542
4253 4542 4524 4541
4253 4525 4542 4524
4253 4559 4542 4541
4253 4559 4254 4542
3638 3655 3656 3366
3638 3349 3367 3366
3638 3656 3367 3366
3638 3350 3349 3367
3638 3350 3656 3367
3638 3350 3656 3639
3638 3656 3639 3927
3638 3655 3656 3927
3638 3350 3349 3332
3638 3350 3639 3332
3638 3639 3621 3927
3638 3639 3621 3332
3963 3673 3691 3979
3963 3673 3962 3979
3963 3980 3691 3979
3963 3980 3691 3981
3963 3962 3945 3946
3963 3673 3962 3945
3963 4252 3980 3981
3963 4251 3962 3979
3963 4251 3962 4252
3963 4251 3980 3979
3963 4251 4252 3980
3963 4252 3981 3964
3963 4253 3947 3964
3963 4253 4252 3964
3963 4253 3947 3946
3963 4253 4252 3946
3657 3673 3656 3367
3657 3673 3385 3367
3657 3385 3368 3367
3657 3351 3368 3367
3657 3656 3351 3367
3657 3656 3351 3640
3657 3656 3640 3946
3657 3656 3945 3946
3657 3673 3656 3945
3657 3351 3368 3352
3657 3351 3640 3352
3657 3658 3640 3352
3657 3385 3369 3368
3657 3641 3640 3946
3657 3658 3641 3946
3657 3658 3641 3640
3657 3963 3945 3946
3657 3963 3673 3945
3657 3369 3368 3352
3657 3658 3369 3352
4250 4540 4539 4522
4250 4233 4540 4522
4250 4557 4540 4539
4250 4557 4251 4540
4250 4557 4267 4539
4250 4557 4251 4267
4250 4251 4267 3961
4250 4251 3962 3961
4250 3962 3961 3944
4234 4540 4523 4522
4234 4233 4523 4522
4234 4233 4540 4522
4234 4540 4523 4235
4234 4218 4523 4235
4234 4233 4523 4217
4234 4250 4233 4540
4234 4218 4235 3946
4234 4218 3928 3946
4234 4218 4217 3928
4234 4218 4523 4217
4234 4233 3928 3944
4234 4251 3962 4252
4234 4540 4252 4235
4234 4251 4540 4252
4234 4250 4251 3962
4234 4250 4251 4540
4234 4250 4233 3944
4234 4250 3962 3944
4234 3928 3945 3946
4234 3962 3945 3946
4234 3928 3945 3944
4234 3962 3945 3944
4234 4252 4235 3946
4234 3963 4252 3946
4234 3963 3962 3946
4234 3963 3962 4252
4216 3928 3944 3927
4216 4233 3928 3944
4216 3910 3928 3927
4216 3910 4217 3928
4216 4234 4217 3928
4216 4234 4233 3928
4216 4234 4233 4217
4216 3910 4217 4199
4216 4506 4217 4199
4216 4506 4505 4199
4216 4506 4505 4217
4216 4505 4523 4217
4216 4233 4523 4217
4216 4233 4505 4523
3456 3438 3745 3744
3456 3455 3438 3744
3456 3455 3150 3438
3456 3455 3150 3166
3999 3710 3728 3711
3999 4015 4288 4016
3999 3710 3709 3726
3999 4017 3728 3711
3999 4017 3728 4016
3999 3710 3727 3726
3999 4015 3727 3726
3999 3727 3728 4016
3999 4015 3727 4016
3999 3710 3727 3728
4285 4591 4303 4286
4285 4591 4303 4302
4285 4014 4303 4286
4285 4014 4303 4302
4285 4014 3996 4286
4285 4014 3996 4302
4285 4591 4574 4286
4285 4268 3996 4286
4285 4268 3996 4284
4285 3996 4301 4302
4285 4268 4574 4286
4285 4591 4573 4574
4285 4301 4590 4284
4285 4301 4302 4590
4285 4591 4302 4590
4285 4301 3995 4284
4285 3996 3995 4284
4285 3996 4301 3995
4285 4268 4573 4284
4285 4268 4573 4574
4285 4573 4590 4284
4285 4591 4573 4590
4575 4881 4863 4864
4575 4591 4881 4863
4575 4863 4574 4864
4575 4591 4863 4574
4575 4591 4881 4592
4575 4591 4574 4286
4575 4591 4303 4592
4575 4558 4574 4286
4575 4558 4574 4864
4575 4591 4303 4286
4575 4303 4592 4593
4575 4881 4592 4593
4575 4881 4865 4864
4575 4287 4558 4286
4575 4287 4303 4286
4575 4287 4303 4593
4575 4881 4882 4865
4575 4881 4882 4593
4575 4558 4865 4864
4575 4576 4558 4865
4575 4287 4576 4593
4575 4287 4576 4558
4575 4576 4882 4865
4575 4576 4882 4593
4304 4031 4321 4032
4304 4015 4321 4032
4304 4031 3725 4032
4304 4015 3725 4032
4304 4014 4031 3725
4304 4031 4321 4320
4304 4014 4031 4320
4304 4014 4303 4320
4304 4305 4015 4321
4304 4014 4287 4303
4304 4321 4593 4320
4304 4303 4593 4320
4304 4305 4321 4593
4304 4287 4303 4593
4304 4305 4015 4288
4304 4305 4287 4288
4304 4287 4576 4593
4304 4305 4576 4593
4304 4305 4287 4576
3998 4287 4288 4270
3998 3980 4270 3981
3998 4287 3980 4270
3998 3997 3980 3981
3998 4287 3997 3980
3998 3999 4015 4288
3998 4304 4015 4288
3998 4304 4287 4288
3998 3708 3997 3981
3998 3708 3997 3725
3998 4304 4015 3725
3998 4015 3725 3726
3998 3999 4015 3726
3998 3708 3709 3981
3998 4014 3997 3725
3998 4304 4014 3725
3998 4014 4287 3997
3998 4304 4014 4287
3998 3999 3709 3726
3998 3708 3725 3726
3998 3708 3709 3726
4322 4305 4611 4610
4322 4305 4321 4610
4322 4306 4611 4323
4322 4305 4306 4611
4322 4306 4016 4323
4322 4305 4306 4016
4322 4305 4015 4016
4322 4305 4015 4321
4322 4015 4033 4016
4322 4015 4321 4032
4322 4015 4033 4032
4778 4506 4777 4795
4778 4506 4777 4488
4489 4200 4184 4201
4489 4200 4217 4201
4489 4473 4183 4184
4489 4200 4183 4184
4489 4200 4217 4199
4489 4506 4217 4199
4489 4473 4183 4472
4489 4778 4506 4488
4489 4183 4182 4472
4489 4200 4183 4182
4489 4200 4182 4199
4489 4506 4488 4199
2792 2504 2810 2520
2792 2809 2810 2520
2792 2809 2791 2520
2792 2791 2503 2520
2792 2504 2503 2520
2792 2504 2793 2810
2792 2809 2791 3081
2792 2504 2503 2486
2792 2809 3099 3081
2792 2809 3099 2810
2792 2503 2486 2774
2792 2791 2503 2774
2792 2793 3099 2810
2792 2504 2793 2776
2792 3082 2793 2776
2792 2775 2486 2774
2792 3082 3099 3081
2792 3082 2793 3099
2792 3082 2775 3081
2792 3082 2775 2776
2792 2775 2776 2486
2792 2504 2776 2486
2792 3080 2791 2774
2792 3080 2775 2774
2792 3080 2791 3081
2792 3080 2775 3081
2231 2214 2503 2197
2231 2504 2503 2197
2231 2504 2503 2520
2231 1925 2214 2197
2231 2504 2197 2215
2231 2504 2232 2215
2231 1925 2197 2215
2231 1925 2232 2215
2231 1925 1943 2232
2231 2504 2521 2520
2231 2504 2521 2232
2231 2248 2521 2520
2264 2553 2265 2281
2264 1992 1991 2281
2264 1992 1991 1974
2267 2538 2250 2539
2267 2556 2538 2539
2267 2556 2557 2573
2267 2250 2540 2539
2267 2556 2540 2539
2267 2268 2250 1978
2267 2284 2268 1978
2267 2284 2268 2574
2267 2284 2573 2574
2267 2556 2557 2540
2267 2557 2268 2574
2267 2557 2573 2574
2267 2250 2540 2251
2267 2268 2250 2251
2267 2557 2540 2251
2267 2557 2268 2251
1509 1816 1815 1798
1509 1491 1798 1508
1509 1816 1798 1510
1509 1491 1219 1508
1509 1491 1219 1203
1509 1491 1492 1798
1509 1491 1492 1203
1509 1219 1508 1236
1509 1219 1203 1220
1509 1203 1221 1510
1509 1203 1221 1220
1509 1237 1221 1220
1509 1492 1798 1510
1509 1492 1203 1510
1509 1219 1220 1236
1509 1237 1220 1236
266 554 282 283
266 554 282 265
266 554 265 248
266 554 249 248
266 554 249 538
572 554 571 283
572 266 554 283
860 859 571 553
860 859 842 553
535 842 536 552
535 841 842 552
535 841 552 551
535 841 842 824
535 246 552 551
535 246 536 552
535 825 842 824
535 825 842 536
535 246 534 551
535 246 534 536
535 841 840 551
535 841 840 824
535 825 824 807
535 825 536 807
535 534 536 807
858 841 857 569
858 841 859 569
1113 1385 1403 1097
1113 1096 1385 1097
1113 1420 1403 1402
1113 1385 1403 1402
1113 1095 1096 807
1113 1095 1096 1385
1113 1385 1402 1691
808 825 1098 809
808 1098 809 1081
808 1098 1097 1081
808 1080 1097 1081
808 1096 1080 1097
808 809 1081 791
808 1080 1081 791
808 1096 790 1080
808 825 519 809
808 1096 790 807
808 790 1080 791
808 519 809 502
808 825 519 807
808 809 791 502
808 790 791 502
808 519 502 518
808 790 502 518
808 519 807 518
808 790 807 518
1629 1645 1628 1340
1629 1918 1612 1628
1629 1646 1645 1935
1629 1918 1645 1628
1629 1918 1645 1935
1629 1918 1935 1919
1629 1919 1902 1630
1629 1612 1902 1630
1629 1918 1919 1902
1629 1918 1612 1902
1647 1358 1359 1375
1647 1646 1664 1375
1647 1664 1665 1375
1647 1648 1664 1665
1647 1648 1359 1665
1647 1359 1665 1375
1647 1646 1664 1935
1647 1629 1646 1935
1647 1648 1664 1919
1647 1664 1935 1919
1647 1629 1935 1919
1647 1629 1340 1630
1647 1629 1919 1630
1647 1648 1359 1631
1647 1631 1919 1630
1647 1648 1631 1919
1647 1359 1631 1342
1647 1631 1342 1630
1376 1358 1375 1086
1376 1358 1087 1086
1376 1103 1375 1086
1376 1087 1103 1086
1376 1358 1359 1375
1376 1104 1087 1103
1376 1359 1665 1375
1376 1358 1359 1070
1376 1358 1087 1070
1376 1393 1103 1375
1376 1104 1393 1103
1376 1393 1665 1375
1085 1102 1103 1086
1085 1102 1391 1103
1085 1103 1375 1086
1085 1391 1103 1375
1085 1102 796 1086
1085 1068 796 1086
1085 1068 1084 796
1085 1373 1068 1084
212 500 194 195
212 211 500 194
212 500 195 501
212 500 501 518
212 211 500 518
212 196 195 501
212 196 213 501
212 213 501 518
212 229 213 518
212 211 229 518
517 534 807 518
517 789 500 518
517 822 516 534
517 534 228 518
517 227 516 499
517 227 516 534
517 211 228 518
517 211 500 518
517 227 534 228
517 211 500 499
517 211 227 228
517 210 211 227
517 210 227 499
517 210 211 499
250 539 232 233
250 539 249 232
218 490 201 217
218 490 201 219
218 508 490 219
218 508 236 219
507 490 795 796
507 812 795 796
507 812 795 506
507 508 490 796
507 218 508 490
507 218 490 217
489 488 506 217
489 507 506 217
489 507 490 217
489 200 488 217
489 490 200 217
489 507 795 506
489 507 490 795
489 795 505 506
489 488 505 506
489 490 795 778
489 490 778 473
489 200 201 473
489 490 201 473
489 490 200 201
489 777 795 505
489 777 488 505
489 777 795 778
489 472 778 473
489 183 200 473
489 472 183 473
489 183 200 488
489 472 183 488
489 472 777 778
489 472 777 488
487 793 504 503
487 486 198 503
487 504 198 503
487 486 776 503
487 793 776 503
487 488 504 505
487 793 504 505
487 504 198 199
487 488 504 199
487 777 793 776
487 777 488 505
487 777 793 505
487 486 198 181
487 777 488 471
487 198 199 181
487 470 471 181
487 470 486 181
487 777 759 776
487 777 759 471
487 470 759 471
487 182 199 181
487 182 471 181
487 488 182 199
487 488 182 471
487 469 759 776
487 486 469 776
487 470 469 759
487 470 486 469
1050 1033 1340 1339
1050 1049 1033 1339
1050 761 1049 1033
1050 761 1067 778
1050 1068 1067 778
1050 1049 1066 1339
1050 1049 1067 1066
1050 1049 1067 760
1050 761 1067 760
1050 761 1049 760
1374 1085 1373 1068
1374 1373 1662 1390
1374 1085 1373 1390
1374 1662 1390 1663
1374 1646 1663 1375
1374 1646 1662 1663
1374 1391 1390 1663
1374 1085 1391 1390
1374 1358 1375 1086
1374 1085 1375 1086
1374 1068 1358 1086
1374 1085 1068 1086
1374 1391 1663 1375
1374 1085 1391 1375
567 550 278 566
567 549 550 566
567 549 856 550
567 550 279 568
567 550 279 278
567 840 550 568
567 856 840 568
567 856 840 550
823 533 822 534
823 533 534 551
823 533 840 551
823 533 840 839
823 533 822 839
823 535 840 824
823 1129 840 824
823 535 534 551
823 535 840 551
823 1129 840 839
823 535 824 807
823 535 534 807
823 822 839 1111
823 1129 839 1111
245 533 262 261
245 227 534 228
245 533 534 551
245 533 262 551
245 246 534 228
245 246 534 551
245 262 246 551
244 245 533 261
244 516 226 243
244 227 516 226
244 227 516 534
244 533 516 534
244 245 227 534
244 245 533 534
1434 1418 1435 1723
1707 1979 1691 1690
1707 1979 1689 1690
1707 1979 1980 1691
1707 1708 1980 1691
1330 1329 1618 1346
1330 1329 1619 1618
1330 1312 1619 1313
1330 1312 1329 1619
772 1045 756 773
772 1062 1045 773
772 467 756 773
772 467 483 773
772 789 483 773
772 789 1062 773
1350 1061 1349 1333
1350 1061 1351 1333
1350 1657 1368 1351
1350 1368 1062 1351
1350 1061 1062 1351
1350 1351 1640 1333
1350 1657 1351 1640
1350 1657 1639 1640
1078 1368 1062 1079
1078 772 1061 1062
1078 1095 1368 1079
1078 1350 1368 1062
1078 1350 1061 1062
1078 789 1062 1079
1078 772 789 1062
1303 1304 1287 1014
1303 997 1287 1014
1303 1302 997 1014
1303 1320 1304 1014
1303 1302 1320 1014
1303 997 1286 1287
1303 1304 1287 1593
1303 1285 997 1286
1303 1302 1285 997
1303 1304 1593 1609
1303 1320 1304 1609
1303 1287 1593 1576
1303 1286 1287 1576
1303 1575 1593 1576
1303 1286 1575 1576
1303 1286 1575 1574
1303 1285 1286 1574
237 236 525 220
237 525 220 509
237 526 525 509
237 543 525 254
237 543 526 525
745 1034 1033 1016
745 1034 728 1016
745 761 1033 1016
745 744 728 1016
745 761 744 1016
745 762 761 744
745 456 744 728
745 762 456 744
847 848 542 831
847 1120 830 831
847 1120 848 831
847 1120 1119 830
847 829 540 557
847 829 846 557
847 829 830 540
541 847 540 557
541 847 542 831
541 847 830 540
541 847 830 831
251 268 540 557
251 541 540 557
251 541 252 557
253 543 525 254
253 543 542 254
253 543 542 525
253 237 525 254
253 237 236 525
1117 1100 1116 828
1117 1134 1116 828
1117 1118 1100 828
1117 1118 1134 828
1117 1100 1116 1405
1117 1389 1100 1405
1117 1389 1405 1406
1117 1389 1407 1406
1117 1424 1407 1406
1117 1118 1424 1407
1117 1118 1135 1424
1117 1118 1135 1134
1423 1439 1151 1150
1423 1134 1151 1150
1423 1439 1151 1440
1423 1135 1134 1151
1423 1439 1712 1422
1423 1439 1712 1440
1423 1151 1441 1440
1423 1135 1151 1441
1423 1712 1422 1406
1423 1135 1424 1441
1423 1117 1135 1424
1423 1117 1135 1134
1423 1712 1713 1406
1423 1712 1440 1713
1423 1117 1424 1406
1423 1441 1440 1713
1423 1424 1441 1713
1423 1424 1713 1406
1152 1135 862 863
1152 1135 1151 862
1152 1135 846 863
1152 1135 1151 1441
1152 864 846 863
1152 864 1153 846
1425 1154 1153 1137
1425 1152 1153 1441
1425 1135 1424 1441
1425 1152 1135 1441
1425 1714 1424 1441
1425 1119 1424 1407
1101 1102 1119 830
1101 1118 1119 830
1101 812 1102 830
1101 1118 812 830
1101 1118 1119 1407
1101 812 1084 796
1101 812 1102 796
1101 812 1084 1100
1101 1118 812 1100
1101 1119 1391 1407
1101 1102 1119 1391
1101 1085 1102 1391
1101 1085 1084 796
1101 1085 1102 796
1101 1084 1389 1100
1101 1391 1390 1407
1101 1085 1391 1390
1101 1117 1389 1100
1101 1117 1118 1100
1101 1389 1390 1407
1101 1117 1389 1407
1101 1117 1118 1407
1101 1085 1373 1390
1101 1085 1373 1084
1101 1373 1389 1390
1101 1373 1084 1389
2309 2291 2019 2308
2309 2291 2020 2019
2275 2546 2563 2274
2275 2546 2564 2563
2275 2546 2564 2547
2275 2291 1985 2274
2275 2291 1985 1986
2275 2276 2564 2547
2275 2546 2547 2258
2275 2276 1986 2258
2275 2276 2547 2258
2275 1969 1986 2258
2275 1985 1969 1986
1121 1120 815 832
1121 1104 1410 1103
1121 1104 1103 815
1121 1120 1103 815
1409 1120 1138 1137
1409 1410 1138 1427
1409 1120 1119 1137
1409 1121 1410 1138
1409 1121 1120 1138
1409 1425 1119 1137
1409 1120 1119 1103
1409 1121 1410 1103
1409 1121 1120 1103
1409 1392 1410 1103
1409 1410 1698 1427
1409 1119 1391 1103
1409 1392 1391 1103
1409 1392 1410 1698
1408 1714 1715 1697
1408 1714 1696 1697
1408 1425 1714 1715
1408 1715 1698 1697
1408 1696 1424 1407
1408 1714 1696 1424
1408 1425 1119 1407
1408 1425 1424 1407
1408 1425 1714 1424
1408 1391 1390 1407
1408 1391 1680 1390
1408 1680 1698 1697
1408 1119 1391 1407
1408 1409 1119 1391
1408 1409 1715 1698
1408 1696 1390 1407
1408 1680 1679 1697
1408 1696 1679 1697
1408 1409 1425 1715
1408 1409 1425 1119
1408 1392 1680 1698
1408 1392 1391 1680
1408 1409 1392 1698
1408 1409 1392 1391
1408 1680 1679 1390
1408 1696 1679 1390
1426 1155 1444 1427
1426 1154 1155 1137
1426 1155 1138 1427
1426 1155 1138 1137
1426 1425 1154 1137
1426 1409 1425 1715
1426 1409 1138 1427
1426 1409 1138 1137
1426 1409 1425 1137
1426 1409 1698 1427
1426 1409 1715 1698
1730 1714 2002 1713
1730 2002 2001 1713
1730 2002 2019 2001
1730 1714 1441 1713
1730 2001 1713 1729
1730 2019 2001 1729
1730 1440 1713 1729
1730 1441 1440 1713
3149 3455 3165 3166
3149 3455 3150 3166
3149 3421 3437 3131
3149 3455 3165 3454
3149 3165 3454 3437
3149 3455 3454 3437
3149 3455 3438 3437
3149 3455 3150 3438
3149 3421 3438 3437
3149 3421 3150 3438
3148 3165 2875 3164
3148 3147 2875 3164
3148 3147 3437 3164
3148 3165 3437 3164
3148 2841 3147 3130
3148 3149 3165 3437
3148 3149 2859 3165
3148 3149 3437 3131
3148 3149 2859 3131
3148 2842 3131 3130
3148 2841 2842 3130
3148 2859 2842 3131
3148 2841 2859 2842
3148 3420 3131 3130
3148 3420 3437 3131
3148 3420 3147 3130
3148 3420 3147 3437
2588 2570 2571 2281
2588 2859 2570 2571
2298 1992 1991 2281
2298 1992 1991 2009
2298 2008 1991 2009
2839 3146 2856 3145
2839 3146 3128 3145
2839 3146 2840 2856
2839 3129 3146 3128
2839 3129 3146 2840
2839 2551 2856 2550
2839 2551 2840 2550
2839 2551 2840 2856
3114 3113 2825 3130
3114 3113 2825 3096
3114 3386 3097 3096
3114 2842 2825 3130
3114 2842 3115 2825
3114 3097 2825 3096
3114 2842 3131 3130
3114 2842 3115 3131
3114 2809 3097 2825
3114 2809 3115 2825
3692 3708 3691 3981
3692 3708 3709 3981
3692 3386 3693 3676
3098 2809 3097 3081
3098 3097 3369 3081
3098 3386 3097 3369
3098 3114 3386 3097
3098 3114 2809 3097
3098 3369 3370 3081
3098 3386 3369 3370
3098 3387 3370 3081
3098 3386 3387 3370
3098 3388 3387 3081
3098 3114 2809 3115
3098 2809 3099 3081
3098 3388 3099 3081
3098 3386 3387 3693
2826 2827 2537 2810
2826 2809 2537 2810
2826 2844 2827 2537
2826 2809 3115 2825
2826 2554 2844 2537
2826 2842 3115 2825
2826 2809 2808 2825
2826 2809 2808 2537
3441 3168 3169 3152
3441 3135 3134 3152
3441 3136 3135 3152
3441 3424 3136 3135
3441 3440 3424 3730
3403 3421 3709 3693
3403 3421 3420 3709
3403 3692 3709 3693
3403 3421 3420 3131
3403 3692 3386 3693
3403 3098 3114 3115
3403 3421 3115 3131
3403 3114 3115 3131
3403 3420 3131 3130
3403 3114 3131 3130
3403 3098 3386 3693
3403 3098 3114 3386
3151 3133 2861 3134
3151 3133 3150 2861
3151 2861 3134 2862
3151 3168 2861 2862
3151 3134 3152 2862
3151 3168 3152 2862
3151 3441 3134 3152
3151 3441 3168 3152
3151 3441 3168 3457
3151 3441 3440 3457
3423 3151 3133 3134
3423 3407 3712 3406
3423 3151 3441 3134
3423 3151 3441 3440
3423 3407 3424 3135
3423 3440 3712 3730
3423 3440 3424 3730
3423 3441 3440 3424
3423 3441 3135 3134
3423 3441 3424 3135
3404 3403 3421 3693
3404 3403 3421 3115
3404 3421 3710 3693
3404 3403 3098 3693
3404 3403 3098 3115
3404 3098 3387 3693
3404 3098 3388 3387
3404 3710 3694 3693
3404 3387 3694 3693
2266 2248 2538 2265
2266 1961 1977 1978
2266 1961 2250 1978
2266 2267 2250 1978
2266 2267 2538 2250
1975 2264 1992 1974
1975 2246 1974 1957
1975 2264 2246 1974
1114 825 842 824
1114 1420 1403 1115
1114 1113 1420 1403
1114 1098 826 1115
1114 825 1098 826
1114 1403 1097 1115
1114 1113 1403 1097
1114 1098 1097 1115
1114 1113 1096 1097
1114 825 824 807
1114 1113 824 807
1114 1113 1096 807
1114 808 1098 1097
1114 808 825 1098
1114 808 1096 1097
1114 808 825 807
1114 808 1096 807
1148 1437 1421 1149
1148 1420 1437 1421
2253 2254 1964 2270
2253 1947 1964 1965
2253 2254 1964 1965
2253 2252 2270 1963
2253 1964 2270 1963
2253 1947 2252 1963
2253 1947 1964 1963
2253 2559 2252 2270
2253 2254 2559 2270
2253 1947 1965 1948
2253 1947 2236 2235
2253 1947 2252 2235
2253 1947 2236 1948
2253 2559 2542 2252
2253 2236 2235 2525
2253 2252 2235 2525
2253 2542 2252 2525
2253 2526 2236 2525
2253 2526 2542 2525
2543 2254 2560 2559
2543 2560 2559 2849
2543 2253 2254 2559
2543 2559 2849 2542
2543 2560 2849 2544
2543 2253 2559 2542
2543 2253 2526 2542
2543 2255 2560 2544
2543 2255 2254 2560
2543 2849 2544 2833
2543 2255 2544 2527
2543 2544 2527 2833
2543 2526 2527 2833
3104 3120 2814 3103
3104 2814 3103 2815
3104 3120 3409 3103
3104 3087 3105 2815
3104 3087 3103 2815
3104 3409 3392 3103
3104 3087 3392 3105
3104 3087 3392 3103
3104 3393 3392 3105
3104 3393 3409 3392
3104 2833 3105 3122
3104 2833 3105 2815
3698 3681 3409 3408
3698 3426 3409 3408
3698 3681 3393 3409
3121 3104 3393 3409
3121 2850 3139 3122
3121 3104 3105 3122
3121 3104 3393 3105
3121 3104 3120 3409
2257 2256 2273 2274
2257 1985 1969 1968
2257 1985 2273 1968
2257 1985 2273 2274
2257 2273 1967 1968
2257 2256 2273 1967
2257 2256 2546 2529
2257 2546 2241 2258
2257 2275 2546 2258
2257 2275 2546 2274
2257 2275 1985 2274
2257 2275 1969 2258
2257 2275 1985 1969
2545 2562 2563 2274
2545 2256 2562 2274
2545 2546 2563 2274
2545 2851 2562 2563
2545 2257 2546 2274
2545 2257 2256 2274
2545 2257 2256 2546
2545 2546 2852 2563
2545 2851 2852 2834
2545 2851 2852 2563
2545 2256 2562 2544
2545 2256 2546 2529
2545 2544 2561 2834
2545 2851 2561 2834
2545 2562 2544 2561
2545 2851 2562 2561
2272 2255 2560 2544
2272 2562 2544 2561
2272 2560 2544 2561
2272 2256 2562 2544
2272 2255 2256 2544
2272 2562 2561 2578
2272 2560 2561 2578
2272 2255 2256 1967
2272 2255 2254 1983
2272 2255 2254 2560
2272 2289 2562 2578
2272 2256 2273 1967
2272 2256 2562 2273
2272 2289 2562 2273
2272 2273 1967 1983
2272 2255 1967 1983
2272 2254 2271 1983
2272 2254 2560 2271
2272 2289 2288 2578
2272 2560 2288 2578
2272 2273 2000 1983
2272 2289 2273 2000
2272 2289 2000 2288
2272 2560 2271 2288
2272 2271 2000 2288
2272 2271 2000 1983
2290 2307 2001 2308
2290 2307 2289 2001
2290 2291 2001 2308
2290 2289 2273 2001
2290 2291 2273 2001
2290 2291 2273 2274
2290 2289 2562 2579
2290 2562 2273 2274
2290 2289 2562 2273
2290 2562 2563 2274
2290 2562 2563 2579
1997 1708 1981 1980
1997 1708 1981 1998
1997 1981 1980 2286
1997 1981 1998 2286
1997 1707 1708 1980
1997 1707 1979 1980
1997 1707 1708 1725
1997 2269 1980 2286
1997 1979 2269 1980
1997 2269 2285 2286
1997 2285 2303 2302
1997 2285 2303 2286
1436 1708 1725 1437
1436 1708 1420 1437
1436 1148 1420 1147
1436 1148 1420 1437
1091 1075 802 785
1091 1073 785 801
1091 802 785 801
2282 2588 2571 2281
2282 2588 2299 2281
2282 2588 2299 2589
2282 2588 2589 2571
2282 2589 2571 2572
2282 2299 2589 2300
2282 2589 2300 2572
2282 2554 2571 2281
2282 2554 2265 2281
2853 2854 2564 2871
2853 2854 3142 2871
2853 3142 2871 3159
2853 3141 3142 3159
2853 2564 2852 2869
2853 3141 2852 2869
2853 3141 3142 3430
2853 3141 3124 2852
2853 3141 3124 3430
3126 2853 2854 3142
1384 1095 1385 1368
1384 1673 1385 1368
1384 1113 1095 1385
1384 1673 1385 1691
1384 1113 1385 1691
1384 1673 1691 1690
716 699 717 427
716 717 428 427
716 734 717 428
716 699 715 427
716 699 1005 715
716 1006 699 1005
716 1006 699 717
716 1006 734 717
716 1006 1022 1005
716 732 1005 715
716 734 1022 733
716 732 1022 733
716 732 1022 1005
1023 1006 1311 1022
1023 1006 1312 1311
1023 1329 1311 1022
1023 1312 1329 1311
1023 716 734 1022
1023 716 1006 1022
1023 716 1006 734
1023 1006 1312 1024
1023 734 750 1022
1023 751 734 750
1023 751 734 735
1023 717 1024 735
1023 1006 717 1024
1023 734 717 735
1023 1006 734 717
1023 750 1022 1039
1023 1329 1022 1039
1003 986 1004 697
1003 714 1004 697
1003 986 1292 1293
1003 986 1004 1293
1003 1292 1293 1020
1003 731 1004 1020
1003 714 731 1004
1003 1021 1293 1020
1003 1021 1004 1020
1003 1021 1004 1293
749 1038 731 748
749 732 1038 731
749 732 1038 733
749 443 732 733
749 443 459 460
749 476 459 748
749 476 459 460
749 1038 748 1055
749 766 748 1055
749 766 476 748
749 766 476 460
749 443 461 733
749 443 460 461
700 699 410 411
700 684 701 411
700 683 684 701
700 683 989 701
700 717 701 411
700 699 717 411
700 989 717 701
700 699 989 717
2670 2365 2381 2382
2670 2381 2382 2398
2670 2365 2381 2364
2670 2960 2653 2687
2670 2363 2364 2653
2670 2363 2381 2364
2670 2669 2398 2687
2670 2669 2653 2687
2670 2398 2687 2688
2670 2382 2398 2688
2670 2669 2398 2380
2670 2381 2398 2380
2670 2960 2687 2688
2670 2363 2381 2380
2670 2363 2669 2380
2670 2363 2669 2653
2637 2365 2364 2348
2637 2364 2347 2348
2637 2636 2364 2347
2637 2619 2636 2347
2637 2619 2926 2636
2637 2365 2366 2348
2637 2638 2366 2348
2637 2619 2330 2347
2637 2331 2347 2348
2637 2331 2330 2347
2637 2638 2621 2348
2637 2620 2638 2926
2637 2620 2619 2330
2637 2620 2619 2926
2637 2331 2621 2348
2637 2331 2621 2330
2637 2620 2621 2330
2637 2620 2638 2621
1802 1820 2109 1819
1802 2108 2109 1819
1802 2091 2108 2109
1802 1820 1514 1819
1802 1820 1803 1514
1802 1785 1803 1513
1802 1785 1803 2075
1802 2091 1803 2075
1802 2091 1785 2075
1802 1514 1513 1819
1802 1803 1514 1513
1853 1871 1564 1854
1853 2160 2159 1870
1853 2142 2160 2159
1853 1871 2160 1870
1853 1871 1854 2160
1853 2142 2160 2143
1853 1854 2160 2143
1853 1871 1870 1581
1853 1871 1564 1581
1636 1620 1619 1909
1636 1330 1620 1619
1636 1908 1619 1909
1636 1908 1619 1618
1636 1908 1925 1909
1636 1908 1924 1618
1636 1908 1925 1924
1636 1330 1619 1618
1636 1635 1924 1618
1636 1635 1618 1346
1636 1330 1618 1346
1637 1925 1943 1926
1637 1655 1943 1926
1637 1655 1943 1654
1637 1925 1909 1926
1637 1636 1925 1909
1637 1620 1909 1926
1637 1636 1620 1909
1652 1635 1363 1651
1652 1363 1362 1651
174 464 463 480
174 175 464 463
174 192 464 480
174 175 192 464
174 192 191 480
174 191 480 190
174 175 157 463
174 156 157 463
174 156 173 463
1622 1350 1640 1333
1622 1350 1639 1333
1622 1350 1639 1640
1622 1640 1333 1623
1622 1639 1640 1928
1622 1605 1333 1623
1622 1621 1605 1333
1622 1640 1928 1912
1622 1640 1623 1912
1927 1620 1910 1926
1927 1621 1620 1910
1927 1910 2216 1926
1927 1622 1639 1928
1927 2216 1944 1926
1927 2216 1944 1928
1927 2216 1928 2199
1927 1910 2216 2199
1927 1639 1944 1928
1927 1655 1944 1926
1927 1655 1639 1944
1911 2182 2200 2199
1911 2182 1894 1893
1911 1621 1894 1893
1911 2183 2200 1895
1911 2182 2183 2200
1911 2183 1894 1895
1911 2182 2183 1894
1911 1605 1894 1895
1911 1621 1605 1894
1911 2182 1910 2199
1911 2182 1910 1893
1911 1621 1910 1893
1911 2200 1895 1912
1911 1622 1621 1605
1911 1927 1622 1621
1911 2200 1928 2199
1911 1927 1928 2199
1911 1927 1910 2199
1911 1927 1621 1910
1911 1895 1623 1912
1911 1622 1623 1912
1911 2200 1928 1912
1911 1622 1928 1912
1911 1605 1895 1623
1911 1622 1605 1623
1911 1927 1622 1928
1672 1961 1962 1944
1672 1961 1655 1944
1672 1673 1962 1690
1672 1961 1962 1978
1672 1979 1962 1690
1672 1979 1962 1978
1672 1689 1400 1690
1672 1979 1689 1690
1672 1979 1689 1978
1672 1977 1689 1978
1672 1961 1977 1978
1960 2266 1961 1977
852 547 564 563
852 853 547 564
530 547 837 548
530 531 837 548
530 547 258 548
530 242 258 548
530 531 242 548
530 547 546 258
530 531 242 513
530 529 818 513
530 529 546 818
514 531 225 513
514 531 515 225
514 497 225 513
514 497 515 225
514 802 497 513
514 530 531 513
514 498 497 515
514 498 515 804
514 821 515 804
514 531 821 515
514 786 498 497
514 786 802 497
855 567 549 566
855 567 549 856
855 549 856 839
855 549 838 839
855 549 837 566
855 838 854 837
855 549 838 837
855 837 565 566
855 854 837 565
1032 1322 1321 1339
1032 1322 1033 1339
1032 1049 1321 1339
1032 1049 1033 1339
1032 1322 1304 1321
1032 1322 1305 1033
1032 1322 1305 1304
1032 1031 1049 1321
1032 1031 1304 1321
1032 1305 1033 1016
1032 1031 1049 743
1032 761 1033 1016
1032 761 1049 1033
1032 1305 1015 1016
1032 1305 1304 1015
1032 1031 743 1015
1032 1031 1304 1015
1032 761 743 1016
1032 761 1049 743
1032 743 1015 1016
1323 1628 1340 1339
1323 1322 1628 1339
1323 1033 1340 1339
1323 1322 1033 1339
1323 1322 1612 1628
1323 1629 1628 1340
1323 1629 1612 1628
1323 1629 1340 1630
1323 1629 1612 1630
1323 1322 1034 1033
1323 1322 1612 1306
1323 1613 1612 1630
1323 1613 1324 1630
1323 1324 1034 1306
1323 1322 1034 1306
1323 1613 1612 1306
1323 1613 1324 1306
2170 1864 2152 2153
2170 1880 1864 2152
2170 1880 1864 1881
2170 2442 2153 2443
2170 2460 2442 2443
2170 2460 2459 2442
2170 2441 2442 2153
2170 2152 2441 2153
1591 1285 1573 1574
1591 1863 1573 1574
1591 1880 1863 1574
1591 1285 1301 1573
1591 1590 1301 1573
1591 1863 1573 1862
1591 1880 1879 1862
1591 1880 1863 1862
1591 1302 1608 1301
1591 1302 1285 1301
1591 1880 1608 1879
1591 1590 1573 1862
1591 1590 1879 1862
1591 1608 1879 1607
1591 1608 1301 1607
1591 1590 1879 1607
1591 1590 1301 1607
93 92 399 110
93 399 110 94
93 399 382 94
93 381 399 382
93 381 92 399
93 381 92 75
93 77 382 94
93 76 77 382
93 76 365 382
93 381 365 382
93 76 75 365
93 381 75 365
924 617 923 906
924 907 617 906
924 923 906 1212
924 907 906 1212
924 617 923 635
924 923 1213 1212
924 618 617 635
924 907 618 617
924 1196 1213 1212
924 907 1196 1212
924 941 923 635
924 941 923 1213
924 941 925 635
924 941 925 1213
924 636 925 635
924 636 618 635
924 908 907 618
924 908 636 925
924 908 636 618
890 618 617 601
890 907 618 617
890 600 617 601
890 600 907 617
890 618 601 602
890 600 584 601
890 908 618 602
890 908 907 618
890 601 602 585
890 874 602 585
890 584 873 874
890 584 873 872
890 600 584 872
890 600 907 889
890 584 874 585
890 584 601 585
890 1180 873 874
890 873 872 889
890 600 872 889
890 873 1179 889
890 907 1179 889
890 1180 873 1179
890 907 1180 1179
687 958 670 669
687 686 958 669
687 686 398 669
687 958 959 670
687 381 670 669
687 381 398 669
687 959 671 670
687 958 959 975
687 686 958 975
687 381 671 670
687 704 686 398
687 381 399 671
687 381 398 399
687 704 398 688
687 686 975 993
687 704 686 993
687 399 671 688
687 398 399 688
687 977 671 688
687 704 977 688
1251 945 946 963
1251 945 1235 946
1251 1252 946 963
1251 1252 1235 946
1251 945 1235 1234
1251 1252 1268 963
1251 1235 1234 1523
1251 1235 1541 1523
1251 1252 1235 1541
1251 1268 963 979
1251 1268 1250 979
1251 945 962 963
1251 945 962 1250
1251 945 1250 944
1251 945 1234 944
1251 1252 1268 1541
1251 962 963 979
1251 962 1250 979
1251 1234 1523 1233
1251 1268 1539 1250
1251 1250 944 1233
1251 1234 944 1233
1251 1540 1541 1523
1251 1540 1268 1541
1251 1539 1523 1233
1251 1539 1250 1233
1251 1540 1539 1523
1251 1540 1268 1539
974 1263 975 1247
974 957 1263 1247
974 958 975 1247
974 957 958 1247
974 686 958 975
974 1281 1263 975
974 992 1281 975
974 686 992 975
974 686 958 685
974 957 958 685
974 992 991 1281
974 957 1263 1262
974 1281 1263 1280
974 991 1281 1280
974 686 685 702
974 686 992 702
974 973 957 685
974 1263 1280 1262
974 991 1280 1262
974 973 991 1262
974 973 957 1262
974 992 991 702
974 973 991 702
974 973 685 702
1315 1314 1298 1009
1315 1314 1298 1604
449 161 160 143
449 161 160 466
449 448 160 143
449 448 160 466
449 448 738 466
449 161 143 144
449 161 433 144
449 738 466 450
449 738 433 450
449 161 466 450
449 161 433 450
449 432 431 143
449 448 431 143
449 721 448 738
449 432 143 144
449 432 433 144
449 722 738 433
449 722 432 433
449 721 432 431
449 721 448 431
449 721 722 738
449 721 722 432
755 467 738 466
755 448 465 466
755 448 737 465
755 448 738 466
755 448 737 738
755 465 483 466
755 467 483 466
755 467 738 756
755 738 1027 756
755 737 738 1027
755 772 465 483
755 772 467 483
755 772 467 756
753 465 464 447
753 737 465 447
753 752 464 447
753 736 752 447
753 736 737 447
753 736 752 1025
1010 1028 1011 1299
1010 722 1028 1011
1010 994 1011 1299
1010 1028 1027 1299
1010 994 1299 993
1010 738 1028 1027
1010 722 738 1028
1010 704 994 993
1010 1027 1009 1299
1010 721 1027 1009
1010 721 738 1027
1010 721 722 738
1010 1009 1299 993
1010 703 1009 993
1010 721 703 1009
1010 704 703 993
1010 704 721 703
1010 721 722 432
1010 704 722 432
1010 704 721 432
705 723 1011 995
705 722 723 1011
705 994 1011 995
705 706 723 995
705 1010 994 1011
705 1010 722 1011
705 417 706 723
705 722 417 723
705 994 977 995
705 704 994 977
705 1010 704 994
705 1010 704 722
705 704 977 688
705 706 688 689
705 706 995 689
705 417 706 688
705 722 432 417
705 704 722 432
705 977 688 689
705 977 995 689
705 417 416 688
705 704 416 688
705 432 417 416
705 704 432 416
394 88 393 377
394 666 393 377
394 88 378 395
394 88 377 378
394 88 105 395
394 88 393 105
394 666 377 378
394 393 410 105
394 667 378 395
394 666 667 378
394 105 411 395
394 410 105 411
394 666 683 667
394 700 410 411
394 700 683 684
394 684 667 395
394 683 684 667
394 684 411 395
394 700 684 411
86 375 85 102
86 103 375 102
86 375 69 85
86 359 87 69
86 359 375 69
86 359 375 87
86 375 393 87
86 393 87 104
86 375 393 392
86 103 375 392
86 393 392 104
86 103 392 104
444 138 428 427
444 716 428 427
444 445 156 428
444 138 156 428
444 734 445 428
444 716 734 428
444 734 445 733
444 716 734 733
444 445 461 733
444 443 461 733
444 426 715 427
444 716 715 427
444 716 732 733
444 443 732 733
444 443 732 426
444 732 426 715
444 716 732 715
137 409 121 427
137 138 121 427
137 409 426 427
137 409 120 121
137 444 426 427
137 444 138 427
137 409 120 136
137 409 426 136
462 751 463 480
462 751 445 463
462 445 173 463
462 751 479 480
462 174 463 480
462 174 173 463
462 174 173 190
462 174 480 190
462 479 480 190
462 478 479 750
462 751 479 750
462 751 445 750
462 478 479 190
462 445 173 461
462 445 750 461
462 478 750 461
462 189 173 190
462 478 189 190
462 189 173 461
462 478 189 461
768 751 479 750
768 479 784 785
768 1057 784 785
768 478 479 750
768 478 479 784
768 1057 784 1056
768 1057 1039 1056
159 448 142 160
159 448 142 430
159 465 160 176
159 448 465 160
159 430 141 158
159 142 430 141
159 430 447 158
159 448 430 447
159 175 447 158
159 175 447 176
159 465 447 176
159 448 465 447
1535 1841 1534 1552
1535 1841 1553 1552
1535 1263 1534 1552
1535 1263 1553 1552
1535 1536 1263 1553
1535 1841 1823 1534
1535 1825 1841 1553
1535 1263 1534 1246
1535 1536 1263 1246
1535 1825 1536 1807
1535 1825 1536 1553
1535 1823 1517 1807
1535 1823 1534 1517
1535 1534 1517 1246
1535 1536 1518 1246
1535 1536 1807 1518
1535 1517 1518 1246
1535 1517 1807 1518
1537 1825 1536 1553
1537 1264 1554 1553
1537 1264 1536 1553
1537 1264 1536 1248
1537 1554 1842 1826
1537 1554 1553 1842
1537 1825 1842 1826
1537 1825 1553 1842
1537 1264 1265 1248
1537 1264 1265 1554
1537 1825 1536 1519
1537 1265 1538 1248
1537 1538 1248 1520
1537 1555 1538 1826
1537 1555 1554 1826
1537 1248 1519 1520
1537 1536 1248 1519
1537 1555 1265 1538
1537 1555 1265 1554
1266 1555 1572 1556
1266 1555 1572 1283
1266 1572 1573 1556
1266 1572 1573 1283
1266 1555 1249 1556
1266 1284 1573 1283
1266 1555 1265 1249
1266 1573 1556 1267
1266 1284 1573 1267
1266 1249 1556 1267
1266 1555 1282 1283
1266 1555 1265 1282
1266 1249 978 1267
1266 1284 978 1267
1266 1284 994 1283
1266 1284 994 978
1266 1249 978 960
1266 1265 1249 960
1266 1282 994 1283
1266 994 978 977
1266 978 977 960
2739 2434 2450 2433
2739 2434 2722 2433
2739 2449 2450 2433
2739 2434 2722 2740
2739 2722 2721 2433
2739 2449 2721 2433
2739 2434 2740 2451
2739 2434 2450 2451
2739 2722 2738 2721
2739 2449 2738 2721
2739 2449 2450 2466
2739 2449 2738 2466
2739 2740 2451 2756
2739 2450 2451 2756
2739 2740 2756 3028
2739 2722 2740 3028
2739 2450 2466 2756
2739 2738 2466 2756
2739 2738 2756 3028
2739 2722 2738 3028
1822 1821 1532 1549
1822 1532 1549 1533
1822 1516 1805 1533
1822 1532 1516 1533
1822 1838 1549 1839
1822 1821 1838 1549
1822 1823 1805 1533
1822 1840 1549 1533
1822 1840 1549 1839
1822 2094 2112 1805
1822 1838 1839 2127
1822 1821 1838 2127
1822 1823 1840 1533
1822 1823 1840 1839
1822 2112 1823 1805
1822 2112 1823 1839
2110 1821 2109 2127
2110 1822 1821 2127
2110 2126 2109 2127
2110 2381 2382 2093
2110 2382 2383 2093
2110 2094 2383 2093
2110 2126 2109 2398
2110 2381 2109 2398
2110 2381 2382 2398
2110 2400 2382 2383
2092 1821 1820 2109
2092 1821 1820 1803
2092 1802 1820 2109
2092 1802 1820 1803
2092 2110 1821 2109
2092 1802 2091 2109
2092 1802 2091 1803
2092 2091 1803 2075
2092 2110 2381 2093
2092 2110 2381 2109
2092 2091 2381 2075
2092 2091 2381 2109
2092 2381 2075 2093
2092 2076 1787 2093
2092 2076 1787 1803
2092 2076 2075 2093
2092 2076 1803 2075
676 387 404 692
676 404 693 692
676 387 675 692
676 693 692 981
676 965 693 981
676 677 965 693
676 677 404 693
676 675 692 981
676 965 675 981
676 965 658 675
676 677 965 660
676 386 658 675
676 386 387 675
676 659 965 660
676 659 370 660
676 386 370 658
676 386 387 370
676 659 965 658
676 659 370 658
79 386 97 80
79 386 97 96
79 62 369 80
79 386 369 80
79 386 385 96
79 62 368 369
79 386 368 369
79 385 78 96
79 386 385 368
112 95 96 401
112 113 96 401
112 113 419 401
112 129 113 419
112 95 383 94
112 95 401 383
112 400 383 94
112 400 401 383
418 706 435 434
418 129 435 434
418 417 706 434
418 129 419 435
418 417 400 706
418 706 435 707
418 419 435 707
418 690 706 707
418 690 419 707
418 690 419 401
418 112 419 401
418 112 129 419
418 112 400 401
418 690 400 706
418 400 384 401
418 690 384 401
418 690 400 384
730 729 713 1019
730 729 440 713
730 440 713 441
746 729 440 728
746 457 440 728
746 730 747 440
746 730 729 440
746 730 729 747
746 457 456 728
746 474 457 456
746 747 764 763
746 474 764 763
746 474 762 456
746 474 764 475
746 474 762 763
746 745 762 763
746 745 456 728
746 745 762 456
1035 729 1018 1019
1035 730 729 1019
1035 730 729 747
1035 746 729 747
1035 746 747 763
1035 729 1018 1034
1035 1053 747 764
1035 747 764 763
1035 1053 764 763
1035 1018 1324 1034
1035 746 745 763
1035 729 1034 728
1035 745 1034 728
1035 746 729 728
1035 746 745 728
1090 1089 1073 800
1090 1089 817 800
1090 1073 800 801
1090 817 818 800
1090 1107 817 818
1090 818 800 801
1090 1091 1073 801
528 816 817 511
528 817 511 818
528 529 511 818
528 529 546 818
528 529 511 239
527 510 511 238
527 816 510 511
527 528 816 511
527 511 238 239
527 528 511 239
527 528 816 544
527 255 238 239
561 562 255 272
561 562 255 544
783 766 782 1072
783 766 494 782
783 782 1072 800
783 494 782 800
783 494 800 495
783 494 477 495
783 766 494 477
783 800 801 495
783 784 801 495
783 1072 1073 800
783 1073 800 801
783 784 1073 801
783 1072 1073 1056
783 784 1073 1056
783 1072 1055 1056
783 766 1072 1055
767 478 477 460
767 766 477 460
767 478 460 461
767 783 766 477
767 749 460 461
767 749 766 460
767 478 750 461
767 478 477 495
767 783 477 495
767 478 784 495
767 783 784 495
767 783 784 1056
767 750 461 733
767 749 461 733
767 749 766 1055
767 768 478 750
767 768 478 784
767 783 1055 1056
767 783 766 1055
767 1038 750 733
767 749 1038 733
767 749 1038 1055
767 768 784 1056
767 1055 1039 1056
767 1038 1055 1039
767 1038 750 1039
767 768 1039 1056
767 768 750 1039
171 172 460 461
171 443 460 461
171 443 172 461
171 172 460 188
171 443 459 460
442 749 443 459
442 425 714 426
442 443 732 426
442 749 731 748
442 749 459 748
442 749 732 731
442 749 443 732
442 732 714 426
442 732 714 731
241 529 224 513
241 240 529 224
241 530 529 513
241 242 224 513
241 530 242 513
241 240 529 546
241 530 529 546
241 530 242 258
241 530 546 258
241 546 257 258
241 240 546 257
2622 2639 2640 2911
2622 2623 2640 2911
2622 2334 2639 2640
2622 2334 2623 2640
2622 2910 2639 2911
2622 2334 2623 2606
2622 2334 2317 2606
2622 2334 2316 2317
2622 2621 2910 2639
2351 2334 2639 2640
2351 2334 2350 2639
2351 2656 2639 2640
2351 2656 2350 2639
2351 2334 2641 2640
2351 2334 2352 2641
2351 2656 2350 2368
2351 2334 2352 2062
2351 2334 2350 2062
2351 2641 2946 2658
2351 2641 2946 2640
2351 2656 2946 2640
2351 2352 2641 2658
2351 2350 2368 2062
2351 2369 2352 2658
2351 2369 2352 2062
2351 2369 2368 2062
2930 2931 3220 2913
2930 2948 2931 3220
2930 3219 3220 2913
2930 2642 2931 2913
2930 3219 2947 3220
2930 2948 2947 3220
2930 2659 2642 2931
2930 2948 2659 2931
2930 3219 2929 2913
2930 3219 2947 2929
2930 2642 2641 2913
2930 2641 2929 2913
2930 2642 2641 2658
2930 2659 2642 2658
2930 2948 2964 2947
2930 2948 2659 2964
2930 2641 2946 2929
2930 2947 2946 2929
2930 2641 2946 2658
2930 2659 2964 2658
2930 2964 2946 2658
2930 2964 2947 2946
1522 1794 1504 1521
1522 1794 1505 1504
1522 1504 1521 1233
1522 1216 1504 1233
1522 1216 1505 1504
1522 1539 1523 1233
1522 1539 1521 1233
1522 1794 1811 1521
1522 1794 1505 1795
1522 1234 1523 1233
1522 1216 1234 1233
1522 1506 1216 1505
1522 1539 1811 1523
1522 1539 1811 1521
1522 1794 1811 1795
1522 1506 1505 1795
1522 1506 1234 1523
1522 1506 1216 1234
1522 1811 1523 1812
1522 1811 1795 1812
1522 1506 1523 1812
1522 1506 1795 1812
1200 1216 1217 928
1200 1216 1489 1217
1200 911 1217 928
1200 911 910 928
1200 927 910 928
1200 1216 927 928
1200 1216 1489 1199
1200 927 910 1199
1200 1216 927 1199
1200 910 893 1199
1200 911 912 1217
1200 911 910 894
1200 1472 893 1199
1200 1472 1489 1199
1200 1201 912 1217
1200 1201 1489 1217
1200 1183 1201 912
1200 1183 1201 1489
1200 911 912 894
1200 1183 912 894
1200 910 893 894
1200 1183 893 894
1200 1183 1472 893
1200 1183 1472 1489
1456 1473 1455 1166
1456 1761 1455 1744
1456 1473 1761 1455
1456 1457 1745 1763
1474 1185 1202 1184
1474 1201 1202 1184
1474 1473 1201 1184
1474 1185 1184 1168
1474 1185 1457 1168
1474 1185 1202 1475
1474 1491 1201 1202
1474 1457 1475 1763
1474 1456 1457 1763
1474 1458 1457 1475
1474 1185 1458 1475
1474 1185 1458 1457
1474 1491 1202 1475
1474 1475 1780 1763
1474 1491 1475 1780
2067 1777 2066 1760
2067 1778 1777 1760
2067 2049 2066 1760
2067 1777 2083 2066
2067 1778 1777 2083
2067 2049 2050 1760
2067 1778 2050 1760
2067 2049 2339 2050
2067 2049 2066 2338
2067 2049 2339 2338
2067 2083 2355 2066
2067 2355 2066 2338
2067 2356 2339 2338
2067 2356 2355 2338
1775 1774 1757 1485
1775 1486 1757 1485
1775 1486 1774 1485
1775 1758 1757 2047
1775 1758 1776 2047
1775 1758 1757 1469
1775 1486 1757 1469
1775 1758 1776 1469
1775 1486 1776 1469
1775 1776 1793 2065
1775 1486 1776 1793
1775 2064 2047 2065
1775 1776 2047 2065
1775 2063 1774 1757
1775 2063 2064 2047
1775 2063 1757 2047
1775 2063 2080 2064
1775 2063 1774 2080
1775 1791 1486 1774
891 1163 874 875
891 1163 1180 874
891 1163 1180 1181
891 892 602 875
891 874 602 875
891 1163 875 1164
891 1163 1181 1164
891 908 892 602
891 892 875 1182
891 890 1180 874
891 875 1182 1164
891 1181 1182 1164
891 890 874 602
891 890 908 602
891 909 892 1182
891 909 1181 1182
891 909 908 892
891 890 907 1180
891 890 908 907
2340 2341 2323 2630
2340 2051 2341 2323
2340 2323 2630 2612
2340 2629 2630 2612
2340 2356 2629 2628
2340 2356 2339 2628
2340 2611 2323 2612
2340 2629 2611 2612
2340 2051 2323 2322
2340 2051 2339 2322
2340 2629 2611 2628
2340 2339 2322 2628
2340 2611 2323 2322
2340 2611 2322 2628
2898 2914 3203 2915
2898 2897 2914 3203
2898 3203 3187 2915
2898 2914 2608 2915
2898 2897 2914 2608
2898 2899 3187 2915
2898 2608 2609 2915
2898 2899 2609 2915
3236 3219 2947 3218
3236 2947 3218 3235
3236 3524 3218 3235
3236 3508 3524 3218
3236 3508 3524 3525
3236 3524 3525 3542
3236 3508 3219 3218
3236 3508 3219 3525
3236 3237 2947 3254
3236 3219 2947 3220
3236 3237 2947 3220
3236 3219 3525 3220
3236 3237 3525 3220
3236 2947 3252 3235
3236 3524 3252 3235
3236 3524 3542 3252
3236 3543 3542 3254
3236 3543 3237 3254
3236 3543 3525 3542
3236 3543 3237 3525
3253 2981 2982 3270
3253 2981 2982 2965
3253 2982 3271 3270
3253 2982 2965 3271
3253 2965 3271 3254
3253 2964 2965 3254
3253 2981 2964 2965
3253 3559 3271 3270
3253 2981 2980 3270
3253 2964 2947 3254
3253 3543 3271 3254
3253 3543 3559 3271
3253 3559 3542 3252
3253 3559 3269 3252
3253 3559 3269 3270
3253 3236 2947 3254
3253 3236 2947 3252
3253 2963 2947 3252
3253 3269 2980 3252
3253 3269 2980 3270
3253 2963 2980 3252
3253 2981 2963 2980
3253 2964 2963 2947
3253 2981 2964 2963
3253 3543 3542 3254
3253 3543 3559 3542
3253 3236 3542 3254
3253 3236 3542 3252
2689 2706 2978 2688
2689 2400 2706 2688
2689 2706 2978 2690
2689 2672 2383 2384
2689 2400 2383 2384
2689 2673 2672 2384
2689 2673 2384 2690
2689 2401 2384 2690
2689 2400 2401 2384
2689 2706 2401 2690
2689 2400 2706 2401
2689 2673 2962 2672
2129 2112 1823 1839
2129 2113 2112 1823
2129 2113 1841 1823
2129 1823 1840 1839
2129 1841 1823 1840
2129 2113 2112 2401
2129 2146 1839 1857
2129 1840 1839 1857
2129 1841 1840 1857
2129 1841 1858 1857
2129 2146 1858 1857
2129 2113 2401 2402
2129 2418 2401 2402
2114 2113 2402 2131
2114 2113 2385 2402
2114 2113 2385 2096
2114 2097 2386 2385
2114 2097 2385 2096
2114 2387 2097 2386
2114 2387 2097 2098
1824 2113 1841 1823
1824 1535 1823 1807
1824 1535 1841 1823
1824 1535 1825 1807
1824 1535 1825 1841
1824 1806 2096 1807
1824 1806 1823 1807
1824 1806 2113 2096
1824 1806 2113 1823
1824 2114 2113 2096
1824 1841 1842 2131
1824 1825 1842 2131
1824 1825 1841 1842
1824 2114 1825 2131
1824 2114 2113 2131
1808 1791 1503 1519
1808 1825 1807 1519
1808 1791 1807 1519
1808 2114 2097 2098
1808 2114 1825 2098
1808 2097 2098 2080
1808 1791 1790 1807
1808 2114 2097 2096
1808 2097 1790 2080
1808 1791 1790 2080
1808 1790 2096 1807
1808 2097 1790 2096
1808 1824 2096 1807
1808 1824 1825 1807
1808 1824 2114 2096
1808 1824 2114 1825
2133 2132 2150 2438
2133 2421 2132 2438
2133 2422 2150 2438
2133 2422 2421 2438
2133 2132 2150 1843
2133 1844 2150 1843
2133 1844 2134 2150
2133 2116 2132 1826
2133 2116 1844 1826
2133 2422 2134 2150
2133 2116 2405 2421
2133 2422 2405 2421
2133 2132 1843 1826
2133 1844 1843 1826
2133 1827 1844 2134
2133 2116 1827 1844
1804 1821 1803 1514
1804 1515 1803 1514
1804 1821 1532 1514
1804 1515 1532 1514
1804 2092 1821 1803
1804 1822 1821 1532
1804 1515 1787 1803
1804 2092 1787 1803
1804 1515 1532 1516
1804 1822 1532 1516
1804 1515 1787 1516
1804 2094 1787 2093
1804 2092 1787 2093
1804 2092 2110 1821
1804 2110 1822 1821
1804 2110 1822 2094
1804 2110 2094 2093
1804 2092 2110 2093
1804 1788 1787 1516
1804 2094 1788 1787
1804 1822 1516 1805
1804 1822 2094 1805
1804 1788 1516 1805
1804 2094 1788 1805
2077 2095 2383 2367
2077 2094 2095 2383
2077 2094 2383 2093
2077 2094 1788 1787
2077 2366 2383 2367
2077 2366 2349 2367
2077 2094 1787 2093
2077 1788 1771 1787
2077 2060 1771 1787
2077 2060 2349 2348
2077 2366 2349 2348
2077 2365 2383 2093
2077 2365 2366 2383
2077 2076 1787 2093
2077 2060 2076 1787
2077 2365 2366 2348
2077 2365 2076 2093
2077 2060 2076 2348
2077 2365 2076 2348
1789 1806 1790 1500
1789 1806 1788 1500
1789 1806 2079 1790
1789 2079 1790 1773
1789 1483 1772 1484
1789 1483 1500 1484
1789 1772 1773 1484
1789 1790 1773 1484
1789 1500 1484 1501
1789 1790 1484 1501
1789 1790 1500 1501
1789 2061 1772 1773
1789 2079 2061 1773
1789 1482 1771 1772
1789 1482 1788 1500
1789 1482 1788 1771
1789 1771 2061 1772
1789 1482 1483 1772
1789 1482 1483 1500
1779 1797 1491 1507
1779 1797 1796 1507
1779 1797 1491 1780
1779 2069 2052 1780
1779 2069 1797 1780
1779 2052 1780 1763
1527 1817 1544 1528
1527 1816 1817 1528
1527 1817 1833 1544
1527 1816 1817 1833
1527 1255 1544 1528
1527 1816 1815 1833
1527 1255 1238 1528
1527 1255 1237 1238
1527 1509 1237 1221
1527 1509 1816 1815
1527 1832 1833 1544
1527 1832 1815 1833
1527 1238 1221 1528
1527 1237 1238 1221
1527 1221 1510 1528
1527 1816 1510 1528
1527 1509 1221 1510
1527 1509 1816 1510
2376 2104 2088 2087
2376 2104 2086 2087
2376 2104 2393 2088
2376 2069 2086 2087
2376 2104 2086 2375
2376 2104 2393 2375
2376 2360 2088 2359
2376 2682 2393 2375
2376 2682 2665 2375
917 916 900 628
917 916 900 1188
917 1205 1206 1223
917 916 1205 1223
917 1206 1188 1189
917 900 1188 1189
917 1205 1206 1188
917 916 1205 1188
934 917 916 1223
934 933 1222 951
934 1223 1222 951
934 916 933 1222
934 916 1223 1222
934 950 933 951
934 916 644 933
934 917 916 628
934 950 662 951
934 950 662 645
934 950 644 933
934 950 645 644
934 645 644 628
934 916 644 628
2395 2106 2088 2089
2395 2378 2088 2089
2395 2379 2106 2089
2395 2378 2379 2089
2395 2379 2106 2396
2395 2106 2122 2105
2395 2106 2088 2105
2395 2379 2396 2685
2395 2379 2668 2685
2395 2378 2379 2668
2667 2378 2650 2651
2667 2378 2668 2651
2667 2939 2650 2651
2667 2939 2668 2651
2667 2378 2360 2650
2667 2939 2955 2956
2667 2395 2378 2668
2667 2939 2957 2956
2667 2939 2668 2957
2667 2395 2668 2685
3772 3500 3482 3771
3772 3500 3482 3483
3772 3500 3483 3484
3772 3500 3773 3484
3772 3500 3789 3771
3772 3789 4060 4061
3772 3789 4060 3771
3772 3789 4078 4061
3772 3773 4078 4061
3772 3500 3789 3790
3772 3500 3773 3790
3772 3789 3790 4078
3772 3773 3790 4078
3512 3801 3495 3785
3512 3496 3495 3207
3512 3496 3495 3785
3512 3495 3206 3207
3512 2934 3206 3207
3512 3223 2934 3206
3869 3563 3581 3853
3869 3580 3563 3581
3869 3581 3853 3870
3869 3852 3563 3853
3869 3852 3580 3563
3869 4141 3853 3870
3869 3852 4141 3853
3869 3852 4157 4141
3869 3887 3581 3870
3869 3580 3581 3597
3869 3580 3886 3597
3869 3852 3580 3868
3869 3852 4157 3868
3869 4158 4141 3870
3869 4158 4157 4141
3869 4158 3887 3870
3869 4158 3887 3886
3869 3887 3581 3597
3869 3887 3886 3597
3869 4158 4157 3886
3869 3580 3886 3868
3869 4157 3886 3868
2119 2392 2391 2697
2119 2697 2407 2408
2119 2391 2697 2407
2119 2409 2697 2408
2119 2409 2392 2697
2119 2118 2407 2408
2119 2409 2137 2408
2119 2136 2137 2408
2119 2136 2118 2408
2119 1830 1813 2118
2119 1830 2136 2118
2119 2118 2407 2101
2119 1813 2118 2101
2902 2918 2613 2919
2902 3192 3208 3191
2902 2918 3208 3191
2902 2918 3208 2919
2902 2918 3191 3190
2902 2918 2901 3190
2902 2918 2613 2612
2902 2918 2901 2612
2920 3192 3193 2904
2920 3210 3193 2904
2920 3210 3192 3193
2920 3210 2921 2904
2920 3210 3192 3209
2920 2631 2937 2921
2920 2631 2937 2919
2920 2937 2921 2938
2920 3210 2921 2938
2920 3192 3209 3208
2920 3226 3210 3209
2920 2902 3208 2919
2920 2902 3192 3208
2920 3226 2937 2938
2920 3226 3210 2938
2920 3226 3209 3208
3225 2953 3241 2935
3225 3226 3208 3514
3225 2918 3207 2935
3225 2918 3208 3207
3225 3496 3208 3207
3225 3496 3208 3514
2102 2119 1813 2101
2102 2390 2407 2101
2102 2390 2391 2407
2102 2119 2407 2101
2102 2119 2391 2407
2102 2119 1813 2103
2102 1814 1813 2103
2102 2119 2392 2103
2102 2119 2392 2391
2102 2086 2375 2103
2102 2392 2375 2103
2102 2392 2391 2375
2084 1778 1796 1795
2084 1778 2083 1795
2084 2067 1778 2083
2084 2083 1795 2101
2084 2390 2083 2101
2084 2102 2390 2101
2084 1795 1812 2101
2084 1796 1795 1812
2084 2102 1813 2101
2084 1813 1812 2101
2084 1796 1813 1812
1490 1506 1489 1488
1490 1506 1778 1488
1490 1761 1489 1488
1490 1778 1761 1488
1490 1506 1217 1507
1490 1506 1489 1217
1490 1506 1796 1507
1490 1506 1778 1796
1490 1473 1761 1489
1490 1779 1796 1507
1490 1779 1778 1796
1490 1201 1217 1507
1490 1201 1489 1217
1490 1473 1201 1489
1490 1491 1201 1507
1490 1779 1491 1507
1490 1474 1473 1201
1490 1474 1491 1201
2070 2376 2069 2359
2070 2376 2069 2087
2070 2053 2359 2342
2070 2069 2359 2342
2070 2069 2053 2342
2070 2069 2053 1764
2070 2376 2088 2359
2070 2376 2088 2087
2070 2069 2087 1780
2070 2069 1764 1780
2070 1799 2087 1781
2070 1799 2071 1781
2070 2071 2088 2359
2070 2071 1765 1781
2070 2071 2054 2359
2070 2053 2054 2359
2070 2087 1780 1781
2070 1764 1780 1781
2070 1764 1765 1781
2070 2053 1764 1765
2070 1799 2088 2087
2070 1799 2071 2088
2070 2071 1765 2054
2070 2053 1765 2054
2357 2051 2341 2052
2357 2069 2341 2052
2357 2340 2051 2341
2357 2340 2341 2630
2357 2340 2051 2339
2357 2340 2356 2339
2357 2340 2629 2630
2357 2356 2646 2629
2357 2340 2356 2629
2357 2647 2629 2630
2357 2647 2646 2629
2082 1794 2100 1810
2082 2081 2371 2065
2082 1794 1810 1793
2082 1794 2083 2100
2082 2083 2371 2065
2082 2083 2100 2371
2082 1777 1793 2065
2082 1794 1777 1793
2082 1777 2083 2065
2082 1794 1777 2083
2115 2116 2405 2421
2115 2404 2405 2421
2115 2114 2387 2098
2115 2420 2132 2131
2115 2420 2421 2132
2115 2116 2132 1826
2115 2133 2421 2132
2115 2133 2116 2132
2115 2133 2116 2421
2115 2114 1825 2131
2115 2114 1825 2098
2115 2132 1842 1826
2115 2132 1842 2131
2115 1825 1842 1826
2115 1825 1842 2131
3001 2711 3000 3017
3001 2712 2711 3017
3001 2711 3000 2694
3001 2712 2694 2984
3001 2712 2711 2694
3001 2712 2713 2984
3001 3002 2713 2984
3001 3018 2712 3017
3001 2694 2983 2984
3001 3000 2694 2983
3001 3002 3273 2984
3001 3002 3290 3273
3001 3002 3018 3290
3001 3273 2983 2984
3001 3289 3290 3273
3001 3000 3017 3306
3001 3289 3000 3306
3001 3289 3290 3306
3001 2712 3019 2713
3001 3002 3019 2713
3001 3018 2712 3019
3001 3002 3018 3019
3001 3018 3017 3306
3001 3018 3290 3306
3001 3289 3273 2983
3001 3289 3000 2983
1253 1237 1254 1236
1253 1252 1525 1236
1253 1542 1252 1525
1253 1542 1252 1270
1253 1271 1542 1270
1253 964 1254 1236
1253 1271 964 1254
1253 964 946 1236
1253 1252 946 1236
1253 1252 964 946
1253 1252 964 1270
1253 1271 964 1270
1848 2119 2136 2137
1848 2119 1830 2136
1848 2154 2136 2137
1848 2154 2136 1847
1848 1830 2136 1847
1848 1830 1542 1847
591 303 319 608
591 303 319 302
591 607 319 608
591 607 319 302
591 303 592 608
591 592 880 608
591 607 590 302
591 897 880 608
591 607 897 608
591 897 880 590
591 607 897 590
624 606 334 335
624 623 606 334
624 352 334 335
624 640 352 334
624 623 640 334
624 607 625 335
624 607 606 335
624 623 606 896
624 642 625 335
624 642 352 335
624 623 640 930
624 607 896 625
624 607 606 896
624 642 930 625
624 640 641 352
624 640 641 930
624 896 625 913
624 930 625 913
624 623 896 913
624 623 930 913
624 642 641 352
624 642 641 930
1169 1185 1458 1168
1169 1185 879 1168
1169 1185 879 880
1169 1170 1458 1186
1169 1185 1458 1186
1169 898 880 881
1169 1170 898 881
1169 897 898 880
1169 1185 897 880
1169 1185 897 898
1169 1170 898 1186
1169 1185 898 1186
367 61 78 62
367 61 351 62
367 351 62 368
367 61 351 350
367 79 78 62
367 79 62 368
367 351 350 368
367 61 60 78
367 79 385 368
367 79 385 78
367 656 350 368
367 61 349 350
367 61 60 349
367 385 656 368
367 366 656 350
367 366 349 350
367 366 60 349
367 60 78 77
367 366 60 77
367 385 656 383
367 385 78 383
367 366 656 383
367 78 77 383
367 366 77 383
388 389 677 660
388 676 677 660
388 676 677 404
388 405 677 404
388 405 389 677
388 676 370 660
388 389 371 660
388 676 387 404
388 676 387 370
388 371 370 660
388 387 404 98
388 387 370 98
388 405 116 404
388 370 81 98
388 371 370 81
388 371 82 81
388 115 116 98
388 115 404 98
388 115 116 404
99 405 100 117
99 405 116 117
99 405 389 100
99 388 405 116
99 388 405 389
99 388 116 98
99 389 100 83
99 389 82 83
99 389 371 82
99 388 371 82
99 388 389 371
99 388 81 98
99 388 82 81
422 115 116 132
422 421 115 132
422 711 439 423
422 405 694 423
422 711 694 423
422 711 421 694
422 115 116 404
422 421 115 404
422 711 438 439
422 711 421 438
422 421 438 132
422 438 439 150
422 405 423 117
422 405 116 117
422 405 116 404
422 405 694 404
422 421 694 404
422 438 149 150
422 438 132 149
1559 1577 1288 1576
1559 1560 1577 1288
1559 1560 1271 1288
1559 1577 1865 1576
1559 1288 998 1576
1559 1271 1288 998
1559 1271 1270 998
1559 1271 1542 1270
1559 1560 1271 1542
1559 1575 1865 1576
1559 1847 1575 1865
1559 1286 998 1576
1559 1286 1270 998
1559 1542 1270 1558
1559 1286 1575 1576
1559 1542 1847 1558
1559 1286 1270 1558
1559 1847 1575 1558
1559 1286 1575 1558
1614 1613 1597 1903
1614 1613 1325 1597
1614 1325 1631 1630
1614 1613 1325 1630
1614 1631 1902 1630
1614 1613 1902 1903
1614 1613 1902 1630
1614 1920 1902 1903
1614 1920 1631 1902
1596 1886 1868 1580
1596 1613 1597 1307
1596 1613 1886 1597
1596 1886 1885 1868
1596 1613 1886 1885
1596 1579 1580 1307
1596 1579 1868 1580
1596 1886 1597 1580
1596 1597 1580 1307
1596 1579 1867 1868
1596 1884 1885 1868
1596 1578 1579 1307
1596 1578 1579 1867
1596 1578 1867 1595
1596 1613 1306 1307
1596 1613 1595 1306
1596 1884 1867 1595
1596 1884 1867 1868
1596 1578 1306 1307
1596 1578 1595 1306
1596 1884 1901 1595
1596 1884 1885 1901
1596 1613 1901 1595
1596 1613 1885 1901
354 627 338 355
354 627 338 337
354 627 337 626
354 371 355 65
354 66 355 65
354 338 66 355
354 338 48 337
354 627 644 626
354 627 644 355
354 66 49 65
354 338 66 49
354 48 336 65
354 48 336 337
354 48 49 65
354 338 48 49
354 644 643 626
354 642 337 626
354 642 643 626
354 336 353 65
354 371 353 65
354 371 355 661
354 371 643 661
354 644 355 661
354 644 643 661
354 642 336 337
354 371 643 353
354 642 643 353
354 642 336 353
339 627 645 628
339 627 645 356
339 627 338 356
339 338 356 50
339 322 338 50
339 627 611 628
339 627 338 321
339 322 338 321
339 627 321 611
339 322 321 611
1341 1053 1069 763
1341 1358 1069 1070
1341 1053 1069 1070
1341 1053 1342 1070
1341 1647 1340 1630
1341 1647 1358 1340
1341 1647 1342 1630
1341 1359 1342 1070
1341 1358 1359 1070
1341 1323 1340 1630
1341 1323 1324 1630
1341 1325 1342 1630
1341 1324 1325 1630
1341 1647 1359 1342
1341 1647 1358 1359
2961 2960 3249 3250
2961 2960 3249 2943
2961 3233 3249 3250
2961 3233 3249 2943
2961 2962 3251 3250
2961 3233 3251 3250
2961 2962 2978 3250
2961 2977 2978 3250
2961 2960 2977 3250
2961 2689 2962 2978
2961 2689 2962 2672
3048 3065 2775 2776
3048 3047 3065 2775
3048 2776 2758 2759
3048 2775 2776 2758
3048 3047 2758 2759
3048 3047 2775 2758
3048 2776 2759 2777
3048 3065 2776 2777
3048 3047 3030 2759
3048 3065 3049 2777
3048 3337 3047 3030
3048 3337 3047 3065
3048 2760 2759 2777
3048 3049 2760 2777
3048 3337 3065 3049
3048 2742 2760 2759
3048 2742 3049 2760
3048 2742 3030 2759
3048 3337 3031 3030
3048 3337 3031 3049
3048 2742 3031 3030
3048 2742 3031 3049
2652 2635 2636 2364
2652 2635 2363 2364
2652 2636 2364 2653
2652 2363 2364 2653
2652 2636 2653 2941
2652 2636 2924 2941
2652 2635 2636 2924
2652 2669 2653 2941
2652 2363 2669 2653
2432 2449 2721 2433
2432 2449 2431 2721
2432 2431 2721 2414
2432 2160 2143 2433
2432 2449 2160 2433
2432 2449 2431 2142
2432 2126 2143 2433
2432 2415 2721 2433
2432 2126 2415 2433
2432 2415 2721 2414
2432 2126 2415 2414
2432 2431 2142 2414
2432 2142 2160 2143
2432 2449 2142 2160
2432 2125 2126 2414
2432 2125 2126 2143
2432 2125 2142 2414
2432 2125 2142 2143
3305 3577 3287 3288
3305 3577 3304 3287
3305 3287 3015 3288
3305 3304 3287 3015
3305 3594 3577 3304
3305 3304 3015 3016
3305 3577 3288 3578
3305 3594 3577 3578
3305 2999 3015 3016
3305 2999 3015 3288
3305 3289 3288 3578
3305 3000 2999 3016
3305 3000 2999 3288
3305 3000 3306 3016
3305 3594 3595 3578
3305 3289 3595 3578
3305 3289 3000 3288
3305 3289 3000 3306
3305 3289 3595 3306
3322 3323 3612 3340
3322 3339 3612 3340
3322 3595 3323 3612
3322 3323 3340 3050
3322 3339 3340 3050
3322 3305 3594 3595
3322 3305 3594 3304
3322 3321 3339 3050
3322 3595 3323 3306
3322 3305 3595 3306
3322 3321 3304 3032
3322 3321 3032 3050
3322 3305 3306 3016
3322 3304 3032 3016
3322 3305 3304 3016
3322 3033 3032 3050
3322 3323 3033 3050
3322 3033 3306 3016
3322 3323 3033 3306
3322 3033 3032 3016
3610 3627 3609 3899
3610 3304 3320 3592
3610 3609 3320 3592
3610 3322 3594 3304
3610 3609 3320 3338
3610 3627 3609 3338
3610 3322 3321 3339
3610 3322 3321 3304
3610 3321 3339 3338
3610 3627 3339 3338
3610 3321 3320 3338
3610 3321 3304 3320
2435 2145 2162 2451
2435 2146 2145 2162
2435 2146 2163 2162
2435 2434 2145 2451
2435 2162 2451 2469
2435 2163 2162 2469
2435 2163 2452 2469
2435 2164 2163 2452
2435 2146 2164 2163
2435 2164 2453 2452
2435 2741 2453 2724
2435 2434 2740 2451
2435 2434 2724 2740
2435 2418 2453 2724
2435 2741 2451 2469
2435 2741 2452 2469
2435 2741 2453 2452
2435 2741 2740 2451
2435 2741 2724 2740
2128 2145 2416 2127
2128 1839 1855 2127
2128 2145 1855 2127
2128 2129 2112 1839
2128 2129 2112 2401
2128 2129 2146 1839
2128 1839 1856 1855
2128 2145 1856 1855
2128 2146 1839 1856
2128 2146 2145 1856
2403 2404 2675 2692
2403 2387 2404 2675
2403 2387 2386 2675
2403 2115 2387 2404
2403 2675 2674 2692
2403 2386 2675 2674
2403 2114 2387 2386
2403 2404 2421 2692
2403 2115 2404 2421
2403 2115 2114 2387
2403 2115 2420 2421
2403 2115 2114 2131
2403 2386 2385 2674
2403 2114 2386 2385
2403 2709 2421 2692
2403 2420 2709 2421
2403 2115 2420 2131
2403 2114 2402 2131
2403 2691 2674 2692
2403 2691 2402 2674
2403 2385 2402 2674
2403 2114 2385 2402
2403 2420 2709 2419
2403 2691 2708 2692
2403 2691 2708 2402
2403 2419 2402 2131
2403 2420 2419 2131
2403 2709 2708 2692
2403 2419 2708 2402
2403 2709 2419 2708
4884 4885 4595 4867
4884 4883 4867 4577
4884 4595 4867 4577
4884 4594 4883 4577
4884 4594 4595 4577
4884 4612 4885 4901
4884 4612 4885 4595
4884 4594 4901 4900
4884 4594 4883 4900
4884 4594 4612 4901
4884 4594 4612 4595
4596 4579 4290 4597
4596 4579 4595 4290
4596 4579 4885 4595
4596 4613 4885 4595
4596 4595 4290 4307
4596 4613 4595 4307
4596 4579 4886 4597
4596 4579 4885 4886
4596 4613 4324 4307
4596 4613 4614 4324
4596 4614 4886 4597
4596 4885 4886 4902
4596 4613 4885 4902
4596 4613 4614 4903
4596 4614 4903 4886
4596 4903 4886 4902
4596 4613 4903 4902
4852 4579 4851 4868
4852 4579 4869 4868
4852 4579 4562 4851
4309 4582 4310 4293
4309 4582 4598 4310
4309 4615 4598 4310
4309 4615 4598 4597
4309 4021 4310 4293
4309 4021 4020 4310
4309 4326 4020 4310
4309 4615 4326 4310
4309 4615 4326 4597
4543 4850 4849 4832
4543 4850 4833 4832
4543 4561 4850 4833
4543 4560 4850 4849
4543 4560 4561 4850
4543 4544 4833 4832
4543 4561 4544 4833
4543 4849 4542 4832
4543 4560 4849 4542
4543 4544 4542 4832
4543 4560 4561 4272
4543 4544 4254 4542
4543 4561 4255 4272
4543 4561 4544 4255
4543 4559 4254 4542
4543 4560 4559 4542
4543 4544 4254 4255
4543 4560 4271 4272
4543 4559 4254 4271
4543 4560 4559 4271
4543 4255 4271 4272
4543 4254 4255 4271
4545 4834 4833 4851
4545 4561 4833 4851
4545 4561 4562 4851
4545 4834 4562 4851
4545 4561 4544 4833
4545 4816 4834 4833
4545 4816 4544 4527
4545 4816 4544 4833
4545 4544 4255 4527
4545 4561 4544 4255
4545 4816 4834 4817
4546 4563 4547 4836
4546 4240 4547 4529
4546 4545 4834 4562
4546 4274 4563 4547
4546 4274 4563 4562
4003 4309 4021 4020
4003 4021 4004 4293
4003 4309 4021 4293
3969 3970 3680 3987
3969 3970 3680 3952
4278 4295 4584 4296
4278 4568 4584 4296
4278 3973 4262 4261
4278 4567 4295 4584
4278 4568 4567 4584
4278 4550 4262 4261
4278 4550 4568 4262
4278 4567 4261 4277
4278 4567 4295 4277
4278 4550 4567 4261
4278 4550 4568 4567
4258 4259 4547 4241
4258 4259 4275 4547
4258 4274 4275 4547
4258 4242 3952 4241
4258 4259 4242 4241
4258 4274 4275 3986
4258 3969 4274 3986
4258 3970 4242 3952
4258 4259 3970 4242
4258 3969 3970 3952
4258 4275 3986 4276
4258 4259 3970 4276
4258 4259 4275 4276
4258 3986 4276 3987
4258 3969 3986 3987
4258 3970 4276 3987
4258 3969 3970 3987
4325 4326 4020 4037
4325 4326 4614 4597
4325 4596 4614 4324
4034 4035 4323 4307
4034 4017 4323 4307
4034 4017 4035 4307
4034 4017 4016 4323
4034 4322 4016 4323
4034 4322 4033 4016
4034 3728 4033 4016
4034 4017 3728 4016
4034 3728 4033 3745
3729 4017 3728 3711
3729 3440 3712 3730
3729 3746 3440 3730
3729 3746 4035 3745
3729 4034 4017 3728
3729 4034 4017 4035
3729 4034 4035 3745
3729 4034 3728 3745
4001 3729 3712 3711
4001 3729 4017 3711
4001 4017 4289 4307
4001 4289 4290 4307
4040 4023 4329 4041
4040 4039 4022 4329
4040 4023 4022 4329
4040 4039 4022 3750
3735 3752 4024 4041
3735 4023 4024 4041
3735 4040 3752 4041
3735 4040 4023 4041
3735 3718 4024 4007
3735 4023 4024 4007
3735 3446 3428 3718
3719 3446 3429 3718
3719 3429 3718 3701
3719 3413 3429 3701
3719 3413 3430 3429
3719 3413 3430 3431
3719 3702 3718 3701
3719 3702 3413 3701
4229 4518 4228 4534
4229 4518 4212 4228
4229 4212 4228 3940
4229 4230 3941 4213
4229 3923 3940 3941
4229 3923 4212 3940
4229 4518 4535 4534
4229 4518 4519 4535
4229 4518 4519 4502
4229 4230 4519 4502
4229 4502 4212 4213
4229 4518 4502 4212
4229 4230 4502 4213
4229 3923 3941 4213
4229 3923 4212 4213
4741 4758 4468 4740
4741 4435 4742 4453
4757 4758 4468 4740
4757 4758 4468 4774
4757 4467 4468 4740
4757 4467 4739 4740
4757 4756 4467 4739
4757 4468 4774 4485
4757 4467 4468 4485
4757 4756 4467 4773
4757 4773 4774 4485
4757 4467 4773 4485
4452 4181 4470 4453
4452 4741 4758 4468
4452 4741 4435 4453
4452 4181 4164 4453
4452 4181 4163 4164
4452 4435 4164 4453
4452 4435 4163 4164
4793 4792 4503 4776
4793 4792 4503 4810
4793 4503 4810 4521
4793 4504 4503 4521
4809 4537 4519 4826
4809 4537 4827 4826
4809 4537 4827 4810
4809 4537 4810 4521
4809 4792 4502 4503
4809 4503 4810 4521
4809 4792 4503 4810
4487 4775 4503 4776
4487 4486 4775 4503
4487 4793 4503 4776
4487 4793 4504 4503
4180 4179 4197 4196
4180 4486 4179 4196
4180 4181 4470 4198
4180 4181 4197 4198
4180 4487 4470 4198
4180 4486 4179 4468
4180 4452 4181 4470
4180 4181 4197 3891
4180 4179 4197 3891
4180 4181 4163 3891
4180 4452 4181 4163
4791 4486 4775 4774
4791 4486 4792 4775
4791 4486 4774 4485
4791 4486 4502 4485
4791 4792 4502 4503
4791 4486 4502 4503
4791 4486 4792 4503
4791 4773 4774 4485
4791 4502 4501 4790
4791 4502 4501 4485
4791 4773 4501 4790
4791 4773 4501 4485
3925 4215 3909 4198
3925 4197 3909 4198
3925 3907 4197 4196
3117 2828 3118 2845
3117 2828 3133 2845
3117 3118 3135 2845
3117 2828 3100 3118
3117 3135 3134 2845
3117 3133 3134 2845
3117 3423 3135 3134
3117 3423 3133 3134
3117 3388 3100 3406
3117 3407 3118 3135
3117 3423 3407 3135
3117 3423 3407 3406
2206 2188 2495 2205
2206 2512 2495 2205
2206 2188 1917 2205
2206 2495 2189 2207
2206 2188 2495 2189
2206 2496 2495 2207
2206 2496 2512 2495
2206 2188 1917 1900
2206 2189 2207 1900
2206 2188 2189 1900
2206 2224 2496 2207
2206 1918 1917 1900
2206 1918 2207 1900
2206 2222 1917 2205
2206 2223 2222 1917
2206 2512 2222 2205
2206 2223 2512 2222
2206 2223 1918 1917
2206 2496 2512 2513
2206 2224 2496 2513
2206 2224 1918 2207
2206 2223 2224 1918
2206 2223 2512 2513
2206 2223 2224 2513
4555 4572 4571 4283
4555 4572 4554 4571
4555 4572 4554 4844
4555 4554 4538 4844
3755 3466 3450 3449
3755 3738 3448 3449
3755 3466 3448 3449
3755 3738 4044 3756
3755 3738 3754 3448
3755 4043 3738 4044
3755 4043 3738 3754
3755 3754 3448 3465
3755 3466 3448 3465
3739 4010 4028 3722
3739 3738 4010 3722
3739 3738 4010 4028
3739 3450 3449 3722
3739 3738 3449 3722
3739 3755 3450 3449
3739 3755 3738 3449
3739 3738 4045 3756
3739 3738 4045 4028
3739 3755 3450 3756
3739 3755 3738 3756
4300 4317 4605 4589
4300 4299 4605 4589
4300 4299 4317 4605
4300 4299 4283 4589
4300 4010 4011 4028
4027 4317 4605 4316
4027 4299 4605 4316
4027 4299 4317 4605
4027 4299 4298 4316
4027 4299 4010 4298
4027 4300 4299 4317
4027 4300 4299 4010
4027 3738 4010 4028
4027 4300 4317 4028
4027 4300 4010 4028
4027 3738 4044 4028
4027 4045 4317 4028
4027 4045 4044 4028
4027 4333 4044 4316
4027 4333 4317 4316
4027 4045 4317 4334
4027 4045 4044 4334
4027 4333 4044 4334
4027 4333 4317 4334
3143 3433 3449 3432
3143 3142 3449 3432
3143 3142 3160 3449
3143 3160 3450 3449
3143 3433 3450 3449
3143 3127 3433 3144
3143 3127 3433 3432
3143 3433 3144 3161
3143 3433 3450 3161
3143 3160 3450 3161
3143 3126 3142 3432
3143 3126 3127 3432
3143 3126 3127 3144
3143 3126 2854 3144
3143 3126 2854 3142
3143 3142 3160 2871
3143 2854 3160 2871
3143 2854 3142 2871
3143 3144 2872 3161
3143 2854 3144 2872
3143 3160 2872 3161
3143 2854 3160 2872
3467 3755 3450 3756
3467 3755 3466 3450
3467 3466 3160 3178
3467 3466 3160 3450
3467 3160 3178 3161
3467 3160 3450 3161
2580 2564 2563 2869
2580 2275 2564 2563
2580 2309 2291 2308
2580 2290 2291 2308
2580 2275 2563 2274
2580 2275 2291 2274
2580 2563 2579 2869
2580 2290 2563 2579
2580 2290 2563 2274
2580 2290 2291 2274
4282 3992 4298 4281
4282 3992 4010 4298
4282 4299 4298 4281
4282 4299 4010 4298
4282 4299 4571 4281
4282 3992 3975 4281
4282 3976 3992 3975
4282 4264 4571 4281
4282 4299 4571 4283
4282 4264 3975 4281
4282 3976 4264 3975
4282 4300 4011 3994
4282 4300 4010 4011
4282 4300 4299 4010
4282 4300 3994 4283
4282 4300 4299 4283
4282 3994 4283 4266
4282 3976 3994 4266
3993 3705 3704 3721
3993 3705 4011 3721
3993 3992 4010 3721
3993 4282 3992 4010
3993 4282 3976 3992
3993 3976 3992 3686
3993 4010 4011 3721
3993 4282 4010 4011
3993 3705 4011 3994
3993 4282 4011 3994
3993 4282 3976 3994
3993 3687 3704 3688
3993 3705 3704 3688
3993 3687 3686 3704
3993 3976 3687 3686
3993 3976 3977 3687
3993 3977 3705 3994
3993 3976 3977 3994
3993 3977 3705 3688
3993 3977 3687 3688
3974 3973 4262 3956
3974 3667 3973 3956
3974 3667 3973 3684
3974 3702 3991 3975
3974 3702 3991 3990
3974 3973 3684 3990
3974 3702 3684 3990
4280 4264 3975 4281
4280 4263 4264 3975
4280 3991 3975 4281
4280 4553 4264 4281
4280 4263 4553 4264
4280 3974 4263 3975
4280 3974 3991 3975
4280 4263 4553 4552
4280 3991 4297 4281
4280 3974 4263 4262
4280 4553 4570 4281
4280 4553 4570 4552
4280 4570 4552 4569
4280 4262 4552 4569
4280 4263 4262 4552
4280 4297 4586 4281
4280 4297 4586 4569
4280 4570 4586 4281
4280 4570 4586 4569
3447 3141 3430 3429
3447 3719 3430 3429
3447 3719 3446 3429
3447 3446 3429 3157
3447 3141 3429 3157
3447 3158 3446 3157
3447 3158 3141 3157
3447 3158 3141 3159
3447 3141 3142 3159
3447 3141 3142 3430
3447 3719 3430 3431
3447 3719 3448 3431
3447 3158 3446 3464
3447 3448 3142 3159
3447 3448 3464 3159
3447 3158 3464 3159
3447 3142 3430 3431
3447 3448 3142 3431
3414 3142 3431 3432
3414 3126 3142 3432
3414 3413 3430 3431
3414 3142 3430 3431
3414 3397 3413 3107
3414 2853 3142 3430
3414 3126 2853 3142
3414 3397 3108 3107
3414 3124 3413 3107
3414 3124 3413 3430
4279 4297 4296 4007
4279 4280 3991 4297
4279 4295 4296 4007
4279 4278 4295 4296
4279 4297 4569 4296
4279 4280 4297 4569
4279 3974 3991 3990
4279 4278 3973 4262
4279 4280 4262 4569
4279 4280 3974 4262
4279 4280 3974 3991
4279 4568 4569 4296
4279 4278 4568 4296
4279 4568 4262 4569
4279 4278 4568 4262
4279 3974 3973 3990
4279 3974 3973 4262
4008 3702 3990 3718
4008 3702 3991 3990
4008 3990 3718 4007
4008 3719 3702 3718
4008 4279 3990 4007
4008 4279 3991 3990
4008 3718 4024 4007
4008 4025 4024 4007
4008 4297 4025 4007
4008 4279 4297 4007
4008 4279 3991 4297
4008 4297 4025 4009
4008 3991 4297 4009
3703 3702 3397 3413
3703 3702 3992 3686
3703 3702 3397 3686
3703 3414 3413 3431
3703 3414 3397 3413
3703 3397 3686 3704
3703 3704 3432 3721
3703 3431 3432 3721
3703 3414 3431 3432
3703 3993 3704 3721
3703 3993 3992 3721
3703 3993 3686 3704
3703 3993 3992 3686
4891 4875 4585 4892
4891 4874 4875 4585
4891 4585 4602 4603
4891 4585 4892 4603
4891 4585 4601 4602
4891 4874 4585 4601
4891 4619 4602 4603
4891 4619 4602 4908
4891 4890 4602 4908
4891 4890 4601 4602
4891 4874 4890 4601
4891 4909 4892 4603
4891 4909 4619 4603
4891 4909 4619 4908
4839 4855 4567 4838
4839 4550 4823 4840
4839 4550 4823 4822
4839 4567 4838 4549
4839 4550 4567 4549
4839 4821 4822 4532
4839 4550 4822 4532
4839 4821 4838 4532
4839 4838 4549 4532
4839 4550 4549 4532
4026 4331 4025 4315
4026 4332 4331 4315
4026 4025 4315 4009
4026 4332 4316 4315
4026 4043 4332 4316
4026 4298 4315 4009
4026 4298 4316 4315
4026 4043 3738 3754
4026 4027 4298 4316
4026 4043 4044 4316
4026 4027 4044 4316
4026 4027 3738 4010
4026 4043 3738 4044
4026 4027 3738 4044
4026 4010 4298 4009
4026 4027 4010 4298
4357 4339 4051 4050
4357 4067 4051 4050
4357 4339 4356 4050
4357 4067 4356 4050
4357 4067 4051 4068
4357 4067 4356 4068
4357 4339 4340 4051
4357 4051 4069 4068
4357 4340 4051 4069
4357 4069 4358 4068
4357 4340 4069 4358
4357 4374 4358 4068
4357 4374 4356 4068
4357 4629 4358 4646
4357 4629 4340 4358
4357 4374 4358 4646
4357 4339 4629 4340
4357 4629 4646 4628
4357 4339 4629 4628
4357 4374 4645 4646
4357 4374 4356 4645
4357 4339 4356 4645
4357 4645 4646 4628
4357 4339 4645 4628
3494 3476 3477 3187
3494 3476 3204 3187
3494 3188 3477 3187
3494 3188 3204 3187
3494 3188 3477 3206
3494 3188 3205 3204
3494 3188 3205 3206
3494 3477 3495 3783
3494 3477 3495 3206
3494 3801 3783 3511
3494 3801 3495 3783
3494 3223 3205 3206
3494 3512 3495 3206
3494 3512 3801 3511
3494 3512 3801 3495
3494 3222 3510 3511
3494 3222 3510 3204
3494 3223 3222 3511
3494 3222 3205 3204
3494 3223 3222 3205
3494 3512 3223 3511
3494 3512 3223 3206
3493 3765 3476 3766
3493 3765 3782 3766
3493 3782 3783 3766
3493 3799 3510 3511
3493 3494 3510 3511
3493 3494 3510 3204
3493 3494 3476 3204
3493 3476 3477 3766
3493 3477 3783 3766
3493 3494 3783 3511
3493 3494 3477 3783
3493 3494 3476 3477
3800 4072 3782 3783
3800 3493 3783 3511
3800 3493 3782 3783
3800 4072 3783 4090
3800 3493 3799 3511
3800 3493 3782 3799
3800 3801 3783 3511
3800 3801 3783 4090
3800 3782 3799 4088
3800 4072 3782 4088
3800 3801 3817 3511
3800 3801 4090 3817
3800 4072 4089 4090
3800 4072 4089 4088
3800 3527 3817 3511
3800 3799 3527 3511
3800 4089 4105 4088
3800 3799 4105 4088
3800 3816 3527 3817
3800 3816 3799 3527
3800 3816 3799 4105
3330 3620 3347 3331
3330 3347 3331 3041
3330 3347 3329 3041
3330 3347 3619 3329
3330 3620 3314 3331
3330 3314 3331 3041
3330 3602 3312 3619
3330 3312 3329 3041
3330 3312 3619 3329
3330 3620 3603 3314
3330 3603 3602 3314
3330 3313 3314 3041
3330 3313 3602 3314
3330 3313 3312 3041
3330 3313 3602 3312
4484 4195 4501 4485
4484 4773 4501 4485
4484 4195 4467 4485
4484 4501 4772 4483
4484 4773 4501 4772
4484 4211 4501 4483
4484 4194 4211 4483
4484 4195 4211 4501
4484 4194 4195 4211
4484 4467 4773 4485
4484 4756 4773 4772
4484 4177 4466 4483
4484 4194 4177 4483
4484 4755 4466 4483
4484 4756 4755 4466
4484 4756 4467 4466
4484 4756 4467 4773
4484 4756 4755 4772
4484 4755 4772 4483
4484 4467 4466 4178
4484 4195 4467 4178
4484 4194 4195 4178
4484 4177 4466 4178
4484 4194 4177 4178
3856 3873 4144 3855
3856 4144 3838 3855
3856 4128 4144 3838
3856 4128 4145 3857
3856 4128 4144 4145
3856 3873 3567 3855
3856 3873 3567 3857
3856 3873 4145 3857
3856 3873 4144 4145
3856 4128 3838 3839
3856 4128 3840 3839
3856 4128 3840 3857
3856 3549 3838 3855
3856 3549 3838 3839
3856 3840 3839 3550
3856 3549 3839 3550
3856 3567 3568 3550
3856 3567 3857 3568
3856 3840 3568 3550
3856 3840 3857 3568
3856 3566 3567 3855
3856 3549 3566 3855
3856 3566 3567 3550
3856 3549 3566 3550
3411 3700 3394 3701
3411 3700 3394 3393
3411 3428 3717 3701
3411 3700 3717 3701
3411 3428 3429 3139
3411 3428 3429 3701
3411 3429 3123 3139
3411 3429 3123 3701
3411 3412 3123 3701
3411 3412 3394 3701
3411 3412 3394 3123
3411 3123 3139 3122
3411 3121 3139 3122
3411 3394 3393 3105
3411 3121 3105 3122
3411 3121 3393 3105
3411 3123 3105 3122
3411 3394 3123 3105
3972 3700 3682 3683
3972 3700 3973 3683
3972 4278 4261 4277
3972 4278 3973 4261
3972 3682 3683 3955
3972 3973 3683 3955
3972 4260 4261 4277
3972 4260 4261 4244
3972 3973 4261 4244
3972 3682 3954 3955
3972 3973 4244 3955
3972 4244 3954 3955
3972 4260 4244 3954
2699 2988 2971 2700
2699 2682 2700 2410
2699 2682 2971 2700
2699 2717 2700 2410
2699 2988 2717 2700
2699 2392 2682 2410
2699 2988 2716 2717
2699 2409 2392 2410
2699 2681 2682 2971
2699 2681 2392 2682
2699 2427 2717 2410
2699 2427 2716 2717
2699 2409 2427 2410
2699 2409 2427 2716
2699 2409 2716 2715
2699 2988 2987 2971
3277 3278 2989 3295
3277 2988 2989 3295
3277 3261 3278 2989
3277 3583 3278 3295
3277 3583 3566 3278
3277 3261 3566 3278
3277 3261 2971 2989
3277 2988 2971 2989
3277 3583 3276 3566
3277 3261 3566 3260
3277 3261 2971 3260
3277 2987 2971 3260
3277 2988 2987 2971
3277 3276 3566 3260
3277 2987 3276 3260
3004 2716 3022 3005
3004 2988 2716 3005
3004 2699 2988 2716
3004 2699 2988 2987
3004 2716 3022 2732
3004 2699 2716 2715
3004 3022 3021 3293
3004 3022 3021 2732
3004 2716 2715 2732
3004 2987 3003 3293
3004 3021 3003 3293
3004 3021 3003 2732
3004 2715 3003 2732
3004 2715 2986 3003
3004 2987 2986 3003
4162 3873 4163 3891
4162 4180 4163 3891
4162 4180 4179 3891
4162 3890 4179 3891
4162 3873 3890 3891
4162 4180 4452 4163
4162 3890 4179 3889
4162 3873 3890 3889
4162 3873 4145 4163
4162 4180 4179 4468
4162 4180 4452 4468
4162 4179 3889 4178
4162 4144 4145 4161
4162 3873 4144 4161
4162 3873 4144 4145
4162 4467 4161 4178
4162 4179 4467 4178
4162 4161 3872 4178
4162 3873 4161 3872
4162 4179 4467 4468
4162 3889 3872 4178
4162 3873 3889 3872
3957 3651 3668 3940
3957 3651 3669 3668
3957 3651 3940 3941
3957 3651 3669 3941
3957 3667 3668 3940
3957 3669 3958 3941
3957 3667 3956 3940
3957 3974 3667 3956
3957 4263 3958 3975
3957 3974 4263 3975
3957 3958 3975 3686
3957 3669 3958 3686
3957 4229 3940 3941
2663 2681 2969 2953
2663 2953 2646 2952
2663 2969 2953 2952
2663 2681 2953 2664
2663 2681 2969 2680
2663 2646 2952 2662
2663 2969 2952 2662
2663 2647 2953 2664
2663 2647 2953 2646
2663 2681 2664 2375
2663 2969 2680 2662
2663 2681 2391 2680
2663 2391 2680 2662
2663 2392 2391 2375
2663 2681 2392 2375
2663 2681 2392 2391
2426 2409 2716 2715
2426 2716 2715 2732
2426 2409 2137 2408
2426 2409 2715 2408
2426 2409 2427 2137
2426 2409 2427 2716
2426 2425 2715 2732
2426 2425 2137 2408
2426 2425 2715 2408
2426 2427 2716 2444
2426 2425 2732 2443
2426 2425 2137 2443
2426 2444 2732 2443
2426 2716 2444 2732
2426 2427 2155 2137
2426 2427 2155 2444
2426 2155 2137 2443
2426 2155 2444 2443
2120 2409 2427 2137
2120 2427 2121 2410
2120 2409 2427 2410
2120 2119 2409 2137
2120 1848 2119 2137
2120 2393 2121 2103
2120 2393 2121 2410
2120 2409 2392 2410
2120 2119 2392 2103
2120 2119 2409 2392
2120 2392 2393 2103
2120 2392 2393 2410
2785 2496 2801 2802
2785 2496 2784 2801
2785 3090 2801 2802
2785 3090 2784 2801
2785 2496 2784 2768
2785 3090 2784 3073
2785 2784 3073 2768
2785 2496 2803 2802
2785 3090 2802 3091
2785 3090 3073 3091
2785 3092 2803 2802
2785 2496 2497 2768
2785 2496 2803 2497
2785 3092 2802 3091
2785 3073 2768 3074
2785 3092 2803 2786
2785 2497 2768 2786
2785 2803 2497 2786
2785 3073 3074 3091
2785 3092 3074 3091
2785 2768 2786 3074
2785 3092 2786 3074
2817 2818 2529 2801
2817 2511 2529 2801
2817 2511 2800 2801
2817 2800 3090 3089
2817 2800 3090 2801
2817 2818 3090 2801
2817 2511 2800 2816
2817 3090 3107 3089
2817 2818 3090 3107
2817 2816 3106 3089
2817 2800 2816 3089
2817 3106 3107 3089
2817 2816 3106 2834
2817 3123 3106 2834
2817 3124 3123 2834
2817 3123 3106 3107
2817 3124 3123 3107
2855 2566 2549 2565
2855 2854 3144 2872
2003 2002 1986 1697
2003 2309 2291 2020
2003 1714 2002 1697
2003 2291 2002 1986
2003 1714 1715 1697
2003 1731 1714 1715
2003 2291 2002 2019
2003 2291 2020 2019
2003 1730 1731 2020
2003 1730 1714 2002
2003 1730 1731 1714
2003 1730 2020 2019
2003 1730 2002 2019
1732 2003 1731 1715
1732 2003 1731 2020
1732 2003 2021 2020
1699 1970 1698 1682
1699 1988 1970 1682
1699 1988 1970 1698
1699 1410 1698 1427
1699 1392 1698 1682
1699 1392 1393 1682
1699 1392 1410 1698
1699 1392 1410 1393
1987 1988 1970 1698
1987 1988 1970 2277
1987 1680 1698 1697
1987 1970 1680 1698
1987 1969 1986 1697
1987 1969 1680 1697
1987 1970 1969 1680
1987 1969 1986 2258
1987 1970 1969 2258
1987 2276 1986 2258
1987 1970 2277 2259
1987 2276 2277 2259
1987 1970 2259 2258
1987 2276 2259 2258
2582 2276 2566 2565
2582 2888 2889 2600
2582 2888 2889 2872
2582 2888 2872 2871
2582 2855 2566 2565
2582 2854 2872 2871
2582 2855 2854 2872
2582 2855 2854 2565
3155 2883 2884 3172
3155 3156 2884 3172
3155 2883 2866 2884
3155 3156 2866 2884
3155 2883 2865 2866
3155 2883 2882 3172
3155 2883 2865 2882
3155 3154 2865 2882
3155 2865 2848 2866
3155 3154 2865 2848
3140 2851 2850 2834
3140 2850 3139 3122
3140 2850 2834 3122
3140 2867 2850 3139
3140 2851 2867 2850
3140 3123 3139 3122
3140 3123 2834 3122
3140 3124 3123 2834
3140 2851 2867 2868
3140 3429 3123 3139
3140 3124 3429 3123
3140 3124 2852 2834
3140 2851 2852 2834
3140 2867 3157 3139
3140 2867 2868 3157
3140 3141 3124 2852
3140 2851 3141 2852
3140 3141 2868 3157
3140 2851 3141 2868
3140 3429 3157 3139
3140 3141 3429 3157
3140 3124 3430 3429
3140 3141 3430 3429
3140 3141 3124 3430
2240 2257 2256 2529
2240 2223 2241 2529
2240 2257 2256 1967
2240 2546 2241 2529
2240 2257 2546 2529
2240 2257 2546 2241
2240 2223 1952 2241
2240 1950 1967 1968
2240 2257 1967 1968
2240 2257 1969 1968
2240 1952 1969 2258
2240 1952 2241 2258
2240 2257 1969 2258
2240 2257 2241 2258
2187 1898 2204 1899
2187 1898 1881 1899
2187 2186 2204 1915
2187 1898 2204 1915
2187 1898 1881 1897
2187 2188 2204 1899
2187 2460 2188 1899
2187 2186 1897 1915
2187 1898 1897 1915
2187 2188 2204 2476
2187 2460 2188 2476
2187 2460 2459 2476
2187 2170 2460 2459
2187 2204 2493 2476
2187 2186 2204 2493
2187 2459 2475 2476
2187 2475 2493 2476
2187 2186 2475 2493
2261 2262 2244 2550
2261 2551 2262 2550
2261 2551 2278 2550
2261 1956 2262 2244
2279 2007 2295 2296
2279 2278 2295 2296
2279 2261 2551 2262
2279 2261 2551 2278
1377 1089 1360 1088
1377 1089 1360 1378
1377 1395 1089 1378
1989 1972 1684 1990
1989 2007 1990 2006
1989 2279 2007 1990
1989 2007 2295 2006
1989 2279 2007 2295
1989 2279 2278 2295
1989 2279 2261 2278
1989 2279 2261 1972
1973 2246 1974 1957
1973 1684 1974 1990
1973 2261 1956 2262
1973 2261 1956 1972
1973 2279 2261 2262
1973 2279 2261 1972
1973 1972 1684 1990
1973 1989 1972 1990
1973 1989 2279 1990
1973 1989 2279 1972
1955 1956 2244 1938
1955 2261 1956 2244
1955 2261 1956 1972
1955 1956 1650 1938
2536 2553 2554 2842
2536 2826 2554 2537
2536 2826 2554 2842
2536 2554 2248 2537
2536 2826 2808 2537
2536 2553 2842 2535
2536 2554 2248 2265
2536 2553 2554 2265
2536 2826 2842 2825
2536 2826 2808 2825
2536 2808 2537 2520
2536 2248 2537 2520
2536 2842 2535 2825
2536 2808 2535 2825
2245 2228 2262 2534
2245 2229 2228 2534
2245 2246 2262 2534
2245 2229 2246 2534
2245 2228 2262 2244
2245 1956 2262 2244
2245 1956 2228 2244
2245 1956 2228 1939
2245 2229 2228 1939
2245 1973 2246 2262
2245 1973 1956 2262
2245 2229 1940 1939
2245 1973 2246 1957
2245 1973 1956 1957
2245 1940 2246 1957
2245 2229 1940 2246
2245 1956 1939 1650
2245 1940 1939 1650
2245 1956 1650 1957
2245 1940 1650 1957
2230 2229 1940 2213
3605 3316 3622 3604
3605 3606 3316 3622
3605 3606 3588 3316
3605 3877 3587 3876
3605 3877 3588 3571
3605 3877 3587 3571
3605 3587 3298 3604
3605 3316 3298 3604
3605 3588 3316 3571
3605 3316 3298 3571
3605 3587 3298 3571
3878 3879 4184 4167
3878 3879 3861 4167
3878 4166 4184 4167
3878 4166 4183 4184
3878 4166 3877 4183
3878 4166 3861 4167
3878 3588 3861 3860
3878 3877 3588 3860
3878 3589 3588 3861
3878 3589 3879 3861
3878 4166 3861 4149
3878 4166 3877 4149
3878 3861 3860 4149
3878 3877 3860 4149
2771 3060 2772 2754
2771 3060 2772 2789
2771 3060 2788 2789
2771 2772 2789 2500
2771 2788 2789 2500
2771 2483 2482 2500
2771 2772 2483 2500
2771 2772 2754 2483
2771 2499 2482 2500
2771 2788 2499 2500
2771 2465 2483 2482
2771 2465 2754 2483
3013 3284 3302 3012
3013 2996 3284 3012
3013 2996 3284 3302
3013 3029 3302 3012
3013 3029 2724 3012
3013 3029 3302 3319
3013 3014 2997 3303
3013 2996 3286 2997
3013 2996 3286 3302
3013 3029 2724 3030
3013 3014 2724 3030
3013 3302 3303 3319
3013 3014 3303 3319
3013 3029 3030 3319
3013 3014 3030 3319
3013 3014 2997 2725
3013 3014 2724 2725
3013 3286 2997 3303
3013 3286 3302 3303
2979 2962 3268 2978
2979 2996 3268 2978
2979 2996 2978 2690
2979 2689 2978 2690
2979 2689 2962 2978
2979 2689 2673 2690
2979 2689 2673 2962
2979 2673 2691 2690
2979 2962 3268 2963
2979 2691 2997 2690
2979 2996 2997 2690
2979 2673 2963 2691
2979 2673 2962 2963
2979 2963 2691 2980
2979 3268 2963 2980
2979 2691 2997 2980
2979 3268 3286 2980
2979 2996 3268 3286
2979 3286 2997 2980
2979 2996 3286 2997
3895 3590 3896 3607
3895 3590 3606 3607
3895 3606 3623 3607
3895 3589 3590 3606
3895 3913 3623 3607
3895 3896 3913 3607
3895 3590 3879 3896
3895 3589 3590 3879
3895 3912 3913 3623
3895 3912 3896 3913
3895 3878 3589 3879
3895 3589 3606 3588
3895 3878 3589 3588
3895 4184 3912 3896
3895 3879 4184 3896
3895 3878 3879 4184
4203 4202 4220 4219
4203 4202 4491 4219
4203 4508 4220 4219
4203 4491 4508 4219
4203 4509 4508 4220
4203 4509 4491 4508
4203 4509 4491 4492
4203 3914 3931 4220
4203 4202 3931 4220
4203 4202 3914 3931
4203 4202 3914 4185
4203 4186 3914 4185
4203 4186 3914 4187
3916 4205 3917 3899
3916 3627 3917 3899
3916 3933 3644 3934
3916 3933 3644 3932
3916 3644 3628 3934
3916 3627 3644 3628
3916 3917 3628 3934
3916 3627 3917 3628
4223 4240 4511 4239
4223 4224 3951 3934
4223 4240 4511 4529
4223 3950 4240 4239
4223 3950 3951 3934
4223 3950 4240 3951
4223 4240 3951 4241
4223 4224 3951 4241
4223 4240 4529 4241
4223 4224 4529 4241
4223 3950 3933 3934
4223 3950 3933 4239
2944 3233 3216 3234
2944 3233 3216 2943
2944 3216 3234 2928
2944 2927 3216 2928
2944 2927 3216 2943
2944 2945 3234 2928
2944 3233 3234 3251
2944 2945 3234 3251
2944 2961 3233 2943
2944 2961 3233 3251
2944 2945 2962 3251
2944 2961 2962 3251
2944 2945 2962 2672
2944 2961 2962 2672
4679 4390 4662 4663
4679 4663 4680 4391
4679 4390 4663 4391
4679 4680 4391 4407
4679 4390 4391 4407
4679 4697 4407 4696
4679 4697 4680 4407
4679 4406 4407 4696
4679 4390 4406 4407
4372 4390 4101 4084
4372 4065 4356 4066
4372 4082 4065 4371
4372 4065 4355 4356
4372 4065 4355 4371
3781 3798 3780 3491
3781 3763 3764 3491
3781 3763 3780 3491
3781 3798 3780 4070
3781 3763 3764 4053
3781 3763 4053 4069
3781 3763 3780 4069
3781 3493 3782 3799
3781 3493 3765 3782
3781 4071 4070 4053
3781 4070 4053 4069
3781 3780 4070 4069
3781 3798 4070 4088
3781 3782 3799 4088
3781 3798 3799 4088
3781 3765 4071 3782
3781 3765 3764 4053
3781 3765 4071 4053
3781 4071 4070 4088
3781 4071 3782 4088
4086 3798 3780 3797
4086 3798 3815 3797
4086 3798 4087 3815
4086 3798 4070 4087
4086 3798 3780 4070
4086 4103 4085 3797
4086 4103 3815 3797
4086 4103 4087 3815
4086 4070 4087 4375
4086 4103 4087 4392
4086 4103 4085 4392
4086 4085 3796 4068
4086 4085 3796 3797
4086 3780 3796 4068
4086 3780 3796 3797
4086 4085 4068 4375
4086 4087 4392 4375
4086 4085 4392 4375
4086 4070 4069 4375
4086 3780 4070 4069
4086 4069 4068 4375
4086 3780 4069 4068
4627 4338 4645 4628
4627 4355 4337 4626
4627 4338 4355 4337
3792 3791 4081 3809
3792 3503 3791 3809
3792 3503 3791 3486
3792 3503 3486 3504
3792 3486 3774 3775
3792 3791 3486 3774
3792 4081 3774 3775
3792 3791 4081 3774
3792 3486 3775 3487
3792 4082 4081 3809
3792 3810 3503 3504
3792 3810 3503 3809
3792 3776 3775 3487
3792 3776 3793 3487
3792 3504 3793 3487
3792 3486 3504 3487
3792 3810 3504 3793
3792 3776 4082 3793
3792 3810 4082 3793
3792 3810 4082 3809
3792 4081 4064 3775
3792 3776 4064 3775
3792 4082 4081 4064
3792 3776 4082 4064
2332 2315 2026 2314
2332 2025 2026 2314
2332 2331 2025 2314
2332 2331 2621 2314
2332 2315 2621 2314
2332 2025 2026 2042
2332 2331 2025 2042
2332 2043 2026 2042
2332 2331 2348 2042
2332 2331 2621 2348
2332 2060 2348 2042
2332 2043 2060 2042
2332 2060 2349 2348
2332 2622 2315 2621
2332 2638 2349 2348
2332 2638 2621 2348
2332 2622 2621 2639
2332 2638 2349 2639
2332 2638 2621 2639
2604 2315 2621 2314
2604 2620 2910 2893
2604 2620 2621 2910
2604 2622 2621 2910
2604 2622 2315 2621
2604 2910 2894 2893
2604 2622 2315 2316
3778 3489 3488 3777
3778 3489 3506 3488
3778 3488 3794 3777
3778 3506 3488 3794
3778 3489 3777 3761
3778 3777 4066 3761
3778 4067 4066 3761
3778 4067 3779 3761
3778 3489 3779 3761
3778 4067 3779 3796
3778 3779 3796 3490
3778 3489 3779 3490
3507 3508 3201 3490
3507 3489 3201 3490
3507 3508 3796 3490
3507 3508 3201 3218
3507 3778 3796 3490
3507 3778 3489 3490
3507 3778 3506 3796
3507 3778 3489 3506
3507 3217 3201 3218
3507 3489 3217 3201
3507 3506 3217 3218
3507 3489 3506 3217
3507 3508 3524 3218
3507 3508 3524 3796
3507 3506 3524 3218
3507 3506 3524 3796
2657 2368 2385 2384
2657 2673 2385 2384
2657 2368 2384 2367
2657 2673 2384 2367
2657 2673 2385 2674
2657 2656 2368 2367
2657 2673 2656 2367
2657 2386 2385 2674
2657 2368 2386 2385
2657 2673 2946 2674
2657 2351 2656 2368
2657 2386 2674 2658
2657 2351 2656 2946
2657 2946 2674 2658
2657 2351 2946 2658
2657 2945 2656 2946
2657 2945 2673 2946
2657 2945 2673 2656
2657 2369 2386 2658
2657 2351 2369 2658
2657 2369 2368 2386
2657 2351 2369 2368
4206 4190 3900 4207
4206 3917 3918 3900
4206 3916 4205 3917
4206 4223 4224 3934
4206 3918 3900 4207
4206 4224 3918 4207
4206 3917 3918 3934
4206 4224 3918 3934
4206 3916 3917 3934
3472 3488 3182 3183
3472 3471 3488 3182
3472 3489 3488 3183
3472 3489 3473 3183
3472 3489 3488 3777
3472 3471 3488 3777
3472 3489 3473 3761
3472 3489 3777 3761
3472 3471 3777 3761
2603 2620 2892 2891
2603 2619 2602 2891
2603 2620 2619 2891
2603 2619 2602 2330
2603 2620 2619 2330
2603 2602 2330 2314
2603 2604 2621 2314
2603 2604 2620 2621
2603 2620 2892 2893
2603 2604 2620 2893
2603 2621 2330 2314
2603 2620 2621 2330
4729 4712 4441 4730
4729 4441 4746 4730
4729 4440 4441 4746
4729 4440 4745 4728
4729 4440 4745 4746
4729 4711 4439 4728
4729 4440 4439 4728
4423 4151 4135 4134
4423 4151 4441 4135
4423 4151 4440 4441
4423 4711 4439 4422
4423 4729 4440 4441
4423 4729 4712 4441
4423 4151 4134 4133
4423 4729 4440 4439
4423 4729 4712 4711
4423 4729 4711 4439
4423 4150 4422 4133
4423 4151 4150 4133
4423 4439 4150 4422
4423 4440 4439 4150
4423 4151 4440 4150
4457 4456 4440 4168
4457 4456 4440 4745
4457 4440 4745 4746
4457 4456 4473 4168
4457 4456 4473 4745
4457 4745 4746 4763
4457 4440 4441 4168
4457 4458 4441 4168
4457 4440 4441 4746
4457 4458 4441 4746
4457 4762 4745 4763
4457 4762 4473 4745
4457 4746 4763 4764
4457 4458 4746 4764
4370 4675 4658 4386
4370 4387 4675 4386
4370 4369 4658 4386
4370 4369 4098 4386
4370 4387 4098 4386
4370 4387 4388 4098
4370 4371 4388 4098
4370 4371 4064 4354
4370 4082 4081 4098
4370 4082 4371 4098
4370 4369 4081 4098
4370 4369 4353 4081
4370 4353 4064 4354
4370 4353 4081 4064
4370 4082 4081 4064
4370 4082 4371 4064
4713 4714 4697 4408
4713 4425 4714 4408
4713 4731 4425 4730
4713 4731 4425 4714
4444 4155 4154 4171
4444 4172 4155 4171
4444 4154 4460 4443
4444 4154 4460 4171
4444 4461 4172 4171
4444 4445 4172 4155
4444 4461 4460 4443
4444 4461 4460 4171
4444 4445 4172 4462
4444 4461 4172 4462
4444 4445 4733 4443
4444 4445 4733 4462
4444 4461 4750 4443
4444 4461 4462 4750
4444 4733 4750 4443
4444 4733 4462 4750
4459 4731 4747 4748
4459 4731 4460 4748
4459 4460 4748 4476
4459 4747 4748 4476
4459 4460 4442 4153
4459 4731 4460 4442
4459 4170 4460 4476
4459 4170 4460 4153
4459 4458 4747 4476
4459 4425 4442 4153
4459 4731 4425 4442
4459 4425 4441 4153
4459 4731 4747 4730
4459 4731 4425 4730
4459 4458 4170 4476
4459 4458 4747 4441
4459 4747 4441 4730
4459 4425 4441 4730
4459 4170 4153 4169
4459 4458 4170 4169
4459 4441 4153 4169
4459 4458 4441 4169
3898 4170 3881 3882
3898 4170 4186 4187
3898 4186 3914 3897
3898 4186 3914 4187
3898 3880 4186 3897
3898 3880 4170 4186
3898 3609 3897 3591
3898 3880 4170 3881
3898 3881 3592 3591
3898 3609 3592 3591
3898 3880 3897 3591
3898 3880 3881 3591
4698 4715 4426 4408
4698 4409 4426 4408
4698 4409 4697 4408
4698 4699 4715 4426
4698 4409 4699 4426
4698 4714 4715 4408
4698 4714 4697 4408
4698 4409 4699 4681
4698 4409 4681 4680
4698 4697 4680 4391
4698 4409 4680 4391
4698 4409 4697 4391
4204 4493 4205 4187
4204 4493 4492 4510
4204 4493 4492 4187
4204 4493 4494 4510
4204 4493 4205 4494
4204 4220 4221 4510
4204 4220 4221 3932
4204 4509 4220 4510
4204 4509 4492 4510
4204 4203 4492 4187
4204 3914 4220 3932
4204 4203 4509 4220
4204 4203 4509 4492
4204 4203 3914 4220
4204 4203 3914 4187
3849 3832 4121 3833
3849 3832 3561 3833
3849 4122 4121 3833
3849 3850 3851 4139
3849 3851 3561 3833
3849 3850 3851 3561
3849 3832 3560 3561
3849 3850 3560 3561
3849 4120 3832 4121
3849 4122 3851 3833
3849 4122 3851 4139
3849 3850 4155 4139
3849 3866 3850 3560
3849 3866 4155 4137
3849 3866 3850 4155
4106 3816 3817 3834
4106 4123 3817 3834
4106 3816 4122 3834
4106 4123 4122 3834
4106 3816 4122 4105
4106 3800 3816 3817
4106 3800 3816 4105
4106 4123 4107 3817
4106 4122 4105 4411
4106 4123 4122 4411
4106 3800 4089 4105
4106 4123 4395 4411
4106 3800 4090 3817
4106 3800 4089 4090
4106 4090 4107 3817
4106 4089 4090 4107
4106 4089 4395 4107
4106 4123 4395 4107
4106 4394 4105 4411
4106 4394 4395 4411
4106 4378 4089 4105
4106 4378 4089 4395
4106 4378 4394 4105
4106 4378 4394 4395
3848 3849 3832 3560
3848 3559 3832 3560
3848 3831 3559 3832
3848 4120 3831 3832
3848 4120 3831 4137
3848 3849 3866 3560
3848 3849 3866 4137
3848 3849 4120 3832
3848 3849 4120 4137
3848 3559 3560 3576
3848 3866 3560 3576
3848 3559 3558 3576
3848 3831 3559 3558
3848 3831 3558 3847
3848 3831 4137 3847
3814 4120 3831 3832
3814 4120 3832 4121
3814 4120 4103 4121
3814 4120 4103 3830
3814 4120 3831 3830
3814 4103 3815 3797
3814 3831 3832 3542
3814 3832 4121 3815
3814 4103 4121 3815
3814 4103 3797 4102
3814 4103 3830 4102
3814 3525 3815 3797
3814 3813 3797 4102
3814 3830 3813 4102
3814 3524 3525 3797
3814 3524 3525 3542
3814 3526 3525 3542
3814 3526 3832 3542
3814 3526 3525 3815
3814 3526 3832 3815
3814 3524 3813 3797
3814 3831 3542 3541
3814 3830 3813 3541
3814 3831 3830 3541
3814 3524 3542 3541
3814 3524 3813 3541
4580 4579 4562 4290
4580 4274 4563 4562
4580 4852 4579 4562
4580 4852 4563 4562
4580 4563 4275 4564
4580 4274 4563 4275
4580 4852 4579 4869
4580 4563 4853 4564
4580 4852 4563 4853
4580 4852 4869 4870
4580 4852 4853 4870
4580 4853 4870 4564
4512 4802 4513 4529
4512 4802 4801 4529
4512 4224 4513 4529
4512 4511 4801 4529
4512 4511 4801 4494
4512 4223 4511 4529
4512 4223 4224 4529
4477 4461 4766 4749
4477 4461 4460 4749
4477 4748 4766 4749
4477 4460 4748 4749
4477 4460 4748 4476
4477 4765 4748 4766
4477 4765 4748 4476
4477 4493 4765 4766
4477 4493 4765 4476
4477 4493 4478 4766
4477 4461 4478 4766
4477 4493 4205 4478
4477 4170 4460 4476
4477 4493 4187 4476
4477 4461 4460 4171
3865 3866 3577 3576
3865 3866 3577 3882
3865 3864 3881 3882
3865 3848 3866 3576
3865 3558 3864 3881
3865 3848 3558 3576
3865 3848 3866 4137
3865 4171 3864 3882
3865 4154 4171 3864
3865 3866 4171 3882
3865 3866 4154 4171
3865 4137 4154 3864
3865 3866 4137 4154
3865 3558 3575 3576
3865 3558 3881 3575
3865 3558 3864 3847
3865 3848 3558 3847
3865 4137 3864 3847
3865 3848 4137 3847
4174 4158 4447 4464
4174 4158 4157 4447
4174 4463 4447 4464
4174 4446 4463 4447
4174 4446 4157 4447
4174 4158 4175 4464
4174 4158 4157 3886
4174 4463 4480 4464
4174 4173 4446 4463
4174 4481 4175 4191
4174 4481 4175 4464
4174 3886 4175 4191
4174 4158 3886 4175
4174 3886 3885 4191
4174 4157 3886 3885
4174 4481 4480 4191
4174 4481 4480 4464
4174 4173 4480 4191
4174 4173 4463 4480
4174 4173 3885 4191
4174 4446 4157 4156
4174 4173 4446 4156
4174 4157 4156 3885
4174 4173 4156 3885
4668 4378 4396 4684
4668 4396 4684 4685
4668 4396 4686 4685
4668 4669 4396 4686
4127 4433 4416 4143
4127 4433 4144 4143
4127 4433 4417 4416
4127 4144 3838 4143
4127 4128 4144 3838
4127 4128 4144 4145
4127 4433 4144 4145
4127 4128 4145 4417
4127 4433 4145 4417
4127 3838 4126 4143
4127 3838 4110 4126
4127 4415 4126 4143
4127 4415 4416 4143
4127 4398 4110 4126
4127 4399 4417 4416
4127 4128 4111 4417
4127 3838 3821 4110
4127 4128 3838 3821
4127 4415 4398 4126
4127 4415 4416 4398
4127 4399 4398 4110
4127 4399 4416 4398
4127 4111 4399 4110
4127 4111 4399 4417
4127 4111 3821 4110
4127 4128 4111 3821
4434 4433 4145 4417
4434 4129 4145 4417
4434 4129 4418 4417
4434 4129 4435 4145
4434 4129 4418 4435
4434 4418 4706 4417
4434 4706 4724 4723
4434 4418 4706 4724
4434 4706 4416 4723
4434 4433 4416 4723
4434 4706 4417 4416
4434 4433 4417 4416
4434 4418 4435 4724
4725 4436 4418 4708
4725 4436 4418 4724
4725 4436 4435 4742
4725 4436 4435 4724
4725 4418 4707 4708
4725 4418 4707 4724
4725 4741 4435 4742
4725 4741 4435 4724
4474 4457 4762 4763
4474 4457 4762 4473
4474 4762 4780 4763
4474 4762 4780 4779
4474 4491 4780 4779
4474 4184 4185 4201
4474 4202 4185 4201
4474 4202 4491 4201
4474 4203 4202 4185
4474 4203 4202 4491
4474 4184 4185 4168
4474 4457 4185 4168
4474 4473 4184 4168
4474 4457 4473 4168
4165 3877 4183 3876
4165 4166 3877 4183
4165 3877 3876 4148
4165 4166 3877 4148
4165 4183 4182 3876
4165 4166 4455 4148
4165 4166 4183 4472
4165 4183 4182 4472
4165 4455 4437 4148
4165 4455 4437 4454
4165 4455 4472 4454
4165 4166 4455 4472
4273 4545 4561 4255
4273 4545 4561 4562
4273 4561 4255 4272
4273 4561 4562 4578
4273 3983 4255 4272
4273 3984 3983 4255
4273 4561 4578 4272
4273 4289 3983 4272
4273 4289 4578 4272
4273 4562 4290 4578
4273 4289 4290 4578
4273 4001 4289 3983
4273 4001 3984 3983
4273 4001 4289 4290
3695 3696 3712 3406
3695 4001 3984 3983
3695 4001 3983 3711
3695 4001 3712 3711
3695 3694 3983 3677
3695 3406 3678 3677
3695 3696 3406 3678
3695 3694 3983 3711
3112 2806 2823 3095
3112 2839 3129 2840
3112 3113 3095 3401
3112 3129 3113 3401
3112 2839 3111 3128
3112 2839 3129 3128
3112 3095 3401 3384
3112 3111 3401 3384
3112 3111 3401 3128
3112 3129 3401 3128
3094 2806 2805 3077
3094 3383 3077 3078
3094 2806 3077 3078
3094 3112 2806 3095
3094 2806 3095 3078
3094 3112 3095 3384
3094 3112 3111 3384
3094 3095 3384 3078
3094 3383 3384 3078
3094 3383 3384 3400
3094 3111 3384 3400
2568 2585 2567 2857
2568 2551 2567 2857
2568 2278 2585 2567
2568 2551 2278 2567
2568 2279 2551 2278
2568 2278 2585 2296
2568 2279 2278 2296
3453 3436 3741 3742
3453 3436 3452 3741
3453 3452 3435 3164
3453 3436 3452 3435
3453 3454 3437 3164
3453 3436 3743 3742
3453 3435 3147 3164
3453 3436 3435 3147
3453 3147 3437 3164
3453 3436 3147 3437
3453 3454 3437 3743
3453 3436 3437 3743
3390 3118 3102 3101
3390 3100 3118 3101
3390 3118 3119 3102
3390 3407 3118 3119
3390 3119 3408 3102
3390 3407 3119 3408
3390 3117 3100 3118
3390 3117 3407 3118
3390 3391 3679 3101
3390 3102 3391 3101
3390 3408 3102 3391
3390 3389 3679 3101
3390 3100 3389 3101
3390 3100 3406 3389
3390 3117 3100 3406
3390 3117 3407 3406
3390 3680 3391 3679
3390 3680 3408 3391
3390 3696 3680 3679
3390 3407 3696 3406
3390 3696 3389 3679
3390 3696 3406 3389
2881 2880 2863 2592
2881 2864 2880 2863
2881 2575 2863 2592
2881 2864 2575 2863
2881 2864 2880 3170
2881 2593 2575 2592
2881 2864 2882 3170
2881 2593 2865 2575
2881 2864 2865 2575
2881 2593 2865 2882
2881 2864 2865 2882
3445 3156 3462 3157
3445 3446 3428 3157
3445 3428 3157 3139
3445 3156 3157 3139
3445 3735 3446 3428
3445 3462 3463 3157
3445 3446 3463 3157
3445 3735 3446 3752
3445 3446 3752 3463
3171 3154 2882 3170
3171 3155 2882 3172
3171 3155 3154 2882
3439 3456 3150 3438
3439 3151 3456 3150
3439 3438 3728 3745
3439 3456 3438 3745
3439 3151 3440 3457
3439 3151 3456 3457
3439 3729 3728 3745
3439 3456 3745 3457
3439 3729 3746 3745
3439 3729 3746 3440
3439 3746 3745 3457
3439 3746 3440 3457
3167 3456 3150 3166
3167 3151 3456 3150
3167 3151 3168 3457
3167 3151 3456 3457
3167 3151 3150 2861
3167 3151 3168 2861
3167 2861 2878 2879
3167 3168 2861 2879
3982 3710 3694 3711
3982 3999 3710 3711
3982 3694 3983 3711
3982 3710 3694 3693
3982 3710 3709 3693
3982 3999 3710 3709
3982 3965 3983 4271
3982 3965 3694 3983
3982 3965 4271 3964
3982 4270 4271 3964
3982 3692 3709 3693
3982 3694 3693 3676
3982 3965 3676 3964
3982 3965 3694 3676
3982 4288 4270 4271
3982 4270 3981 3964
3982 3692 3676 3964
3982 3692 3693 3676
3982 3692 3981 3964
3982 3692 3709 3981
3982 3998 3709 3981
3982 3998 3999 3709
3982 3998 4288 4270
3982 3998 3999 4288
3982 3998 4270 3981
4471 4778 4777 4760
4471 4778 4777 4488
4471 4489 4778 4488
4471 4489 4182 4472
4471 4472 4454 4760
4471 4489 4488 4199
4471 4489 4182 4199
4471 4165 4472 4454
4471 4165 4182 4472
4761 4472 4744 4760
4761 4473 4472 4744
4761 4762 4473 4744
4761 4471 4472 4760
4761 4471 4489 4472
4761 4471 4778 4760
4761 4471 4489 4778
4761 4489 4473 4472
556 266 249 267
556 266 249 538
556 539 249 538
556 250 249 267
556 250 539 249
556 845 540 557
556 845 540 828
556 539 540 828
556 250 268 267
556 573 557 267
556 845 573 557
556 268 557 267
556 268 540 557
556 251 250 268
556 251 268 540
556 251 250 540
555 572 862 573
555 845 862 573
555 556 845 573
555 556 573 267
555 572 284 573
555 284 573 267
555 556 266 267
555 266 284 267
555 572 266 554
555 266 284 283
555 572 284 283
555 572 266 283
555 266 554 538
555 556 266 538
861 1150 1149 1132
861 860 1149 1132
861 1134 1150 1132
861 1134 1150 862
861 555 572 862
1130 1113 1129 824
1130 1114 1113 824
1130 1114 1113 1420
1130 1114 842 824
1130 841 842 824
1130 1148 1420 1147
1130 858 857 1147
1130 1148 859 1147
1130 1129 840 857
1130 841 840 824
1130 1129 840 824
1130 858 859 1147
1130 841 859 842
1130 858 841 859
1130 841 840 857
1130 858 841 857
1401 1113 1402 1691
1401 1384 1113 1691
1401 1129 1418 1111
1401 1707 1691 1690
1401 1384 1691 1690
1401 1418 1400 1111
1401 1707 1689 1690
1401 1707 1418 1689
1401 1384 1400 1690
1401 1689 1400 1690
1401 1418 1689 1400
805 822 1094 804
805 822 516 804
805 517 516 499
805 517 822 516
805 516 498 804
805 516 498 499
522 250 539 233
522 251 250 233
522 251 250 540
522 556 539 540
522 556 250 540
522 556 250 539
522 504 506 233
522 504 811 506
522 539 521 233
522 539 811 521
522 812 811 506
522 539 540 828
522 539 811 828
522 504 521 233
522 504 811 521
522 812 540 828
522 812 811 828
813 507 812 796
813 812 1102 796
813 812 1102 830
813 1102 830 831
813 507 508 796
813 541 830 831
813 1102 814 831
813 1102 814 796
813 508 814 796
813 525 814 831
813 508 525 814
1356 1373 1068 1067
1356 1050 1068 1067
1356 1373 1067 1066
1356 1050 1067 1066
1356 1374 1373 1068
1356 1373 1355 1066
1356 1050 1068 1340
1356 1355 1066 1339
1356 1050 1066 1339
1356 1645 1355 1339
1356 1645 1662 1355
1356 1373 1662 1355
1356 1645 1340 1339
1356 1050 1340 1339
1356 1374 1373 1662
1051 762 779 778
1051 1068 779 778
1051 1050 1068 778
1051 762 761 778
1051 1050 761 778
1051 745 762 761
1051 762 763 779
1051 745 762 763
1051 1050 761 1033
1051 745 761 1033
1051 1069 763 779
1051 1068 1069 779
1051 1050 1033 1340
1051 1050 1068 1340
1051 1068 1358 1340
1051 1068 1358 1069
1112 1113 824 807
1112 1113 1095 807
1112 823 824 807
1112 1113 1129 824
1112 823 1129 824
1112 823 1129 1111
1112 1384 1113 1095
1112 1401 1129 1111
1112 1401 1113 1129
1112 1384 1095 1094
1112 1401 1384 1113
1112 822 1094 1111
1112 823 822 1111
1112 1094 1400 1111
1112 1384 1094 1400
1112 1401 1400 1111
1112 1401 1384 1400
532 244 260 243
532 244 516 243
532 244 533 516
532 244 261 260
532 244 533 261
532 549 533 821
532 549 550 260
532 549 533 550
532 533 821 516
532 550 261 260
532 533 550 261
532 259 260 243
532 549 260 548
532 516 515 243
532 821 516 515
532 259 242 243
532 531 242 243
532 531 259 242
532 259 260 548
532 531 259 548
532 531 515 243
532 531 821 515
532 531 821 837
532 549 821 837
532 531 837 548
532 549 837 548
1995 1977 1689 1978
1995 1994 1977 1978
1995 1979 1689 1978
1995 1707 1979 1689
1995 1994 2284 1978
1724 1418 1435 1723
1724 1707 1418 1723
1724 1707 1418 1435
1724 1997 1707 1725
1724 1995 1707 1723
1093 1092 1075 1365
1093 1076 1075 1365
1093 1094 1110 804
788 500 499 482
788 1078 772 789
788 517 500 499
788 805 517 499
788 517 789 500
788 500 483 482
788 789 500 483
788 772 789 483
1058 1076 1075 1365
1058 768 1057 785
1331 1330 1619 1313
1331 1330 1620 1619
1331 1619 1603 1313
1331 1620 1619 1603
1331 1314 1603 1313
1331 1620 1603 1604
1331 1314 1603 1604
1331 1314 1025 1313
1331 1315 1314 1604
1044 772 1062 1045
1044 772 1061 1062
1044 1062 1351 1045
1044 1061 1062 1351
1044 772 1045 756
1044 1351 1334 1045
1044 1351 1333 1334
1044 1061 1351 1333
1044 1028 1045 756
1044 1028 1334 1045
1044 1028 1027 756
1656 1350 1657 1639
1656 1657 1639 1945
1656 1657 1945 1946
1656 1639 1945 1944
1656 1672 1673 1962
1656 1962 1945 1946
1656 1657 1674 1946
1656 1673 1657 1674
1656 1962 1945 1944
1656 1672 1962 1944
1656 1655 1639 1944
1656 1672 1655 1944
1656 1962 1674 1946
1656 1673 1962 1674
806 1078 789 1079
806 1078 1095 1079
806 789 1079 807
806 1095 1079 807
806 788 1078 789
806 789 807 518
806 517 807 518
806 517 789 518
806 788 517 789
806 788 805 517
806 805 822 1094
806 805 517 822
806 1112 822 1094
806 1112 1095 1094
806 1112 1095 807
806 1112 823 807
806 1112 823 822
806 517 534 807
806 823 534 807
806 517 822 534
806 823 822 534
1592 1302 1320 1608
1592 1303 1302 1320
1592 1320 1608 1609
1592 1303 1320 1609
1592 1591 1302 1608
1592 1303 1302 1285
1592 1591 1302 1285
1592 1303 1593 1609
1592 1303 1575 1593
1592 1591 1880 1608
1592 1303 1575 1574
1592 1303 1285 1574
1592 1591 1285 1574
1592 1882 1881 1609
1592 1882 1881 1575
1592 1898 1881 1609
1592 1898 1608 1609
1592 1898 1608 1881
1592 1880 1608 1881
1592 1882 1593 1609
1592 1882 1575 1593
1592 1591 1880 1574
1592 1864 1881 1575
1592 1880 1864 1881
1592 1864 1575 1574
1592 1880 1864 1574
1136 847 848 846
1136 864 848 1137
1136 864 848 846
1136 1120 848 1137
1136 847 1120 848
1136 864 1153 1137
1136 864 1153 846
1136 1425 1119 1137
1136 1120 1119 1137
1136 847 1120 1119
1136 847 829 846
1136 1425 1153 1137
1136 1135 829 846
1136 847 1119 830
1136 847 829 830
1136 1118 1135 829
1136 1118 1119 830
1136 1118 829 830
1136 1152 1153 846
1136 1152 1135 846
1136 1425 1152 1153
1136 1425 1152 1135
1136 1425 1119 1424
1136 1118 1135 1424
1136 1425 1135 1424
1136 1119 1424 1407
1136 1118 1424 1407
1136 1118 1119 1407
576 559 866 865
576 559 287 288
576 864 848 865
576 559 848 865
560 559 271 288
560 542 271 254
560 543 542 254
270 559 271 288
270 559 287 288
270 560 542 271
270 560 559 271
270 560 559 542
270 542 271 254
270 253 542 254
270 253 541 542
270 253 541 252
1133 1439 1150 1422
1133 1423 1439 1422
1133 1423 1439 1150
1133 1150 1422 1132
1133 1134 1150 1132
1133 1423 1134 1150
1133 1134 1116 1132
1133 1117 1134 1116
1133 1423 1117 1134
1133 1116 1132 1115
1133 1404 1116 1115
1133 1404 1405 1422
1133 1404 1116 1405
1133 1405 1422 1406
1133 1423 1422 1406
1133 1117 1116 1405
1133 1421 1132 1115
1133 1421 1422 1132
1133 1404 1421 1115
1133 1404 1421 1422
1133 1117 1405 1406
1133 1423 1117 1406
1443 1426 1155 1444
1443 1426 1154 1155
1443 1732 1426 1444
1443 1732 1426 1715
1443 1426 1425 1715
1443 1426 1425 1154
1443 1732 1731 1715
2860 3167 3166 2878
2860 3167 2861 2878
2860 3149 3150 3166
2860 2571 2572 2878
2860 2861 2572 2878
2860 2844 2571 2572
2860 2844 2861 2572
2860 3167 3150 3166
2860 3167 3150 2861
2858 3147 2875 2857
2858 3148 3147 2875
2858 2841 3147 2857
2858 3148 2841 3147
2858 2841 2859 2570
2858 3148 2841 2859
2877 2589 2571 2878
2877 2588 2589 2571
2877 2860 2571 2878
2877 2860 3166 2878
2877 2588 2859 2571
2877 2860 2859 2571
2877 2860 3149 3166
2877 2860 3149 2859
2877 3149 3165 3166
2877 3149 2859 3165
2587 2588 2299 2281
2587 2298 2299 2281
2587 2588 2570 2281
3675 3963 3981 3964
3675 3692 3981 3964
3675 3386 3385 3369
3675 3657 3385 3369
3675 3657 3658 3946
3675 3657 3963 3946
3675 3963 3947 3964
3675 3692 3676 3964
3675 3657 3658 3369
3675 3692 3386 3676
3675 3658 3947 3946
3675 3963 3947 3946
3675 3947 3676 3964
3675 3658 3947 3676
3675 3386 3369 3370
3675 3658 3369 3370
3675 3386 3370 3676
3675 3658 3370 3676
3116 3098 2809 3099
3116 3098 2809 3115
3116 3404 3098 3115
3116 2809 3099 2810
3116 2826 2809 3115
3116 3098 3388 3099
3116 3404 3098 3388
3116 2828 3099 2810
3116 2828 2827 2810
3116 2826 2827 2810
3116 2826 2809 2810
3116 2828 3100 3099
3116 3388 3100 3099
3116 2828 3133 2827
3116 3117 2828 3100
3116 3117 3388 3100
3116 3117 2828 3133
3458 3441 3168 3457
3458 3441 3168 3169
3458 3746 3747 3730
3458 3441 3440 3457
3458 3441 3440 3730
3458 3746 3440 3457
3458 3746 3440 3730
3402 3708 3420 3709
3402 3403 3420 3709
3402 3692 3708 3709
3402 3403 3692 3709
3402 3419 3708 3420
3402 3419 3420 3130
3402 3403 3420 3130
3402 3692 3708 3691
3402 3419 3113 3130
3402 3708 3691 3707
3402 3419 3708 3707
3402 3114 3113 3130
3402 3403 3114 3130
3402 3401 3691 3707
3402 3419 3401 3707
3402 3403 3692 3386
3402 3114 3113 3096
3402 3113 3401 3096
3402 3419 3113 3401
3402 3386 3385 3096
3402 3114 3386 3096
3402 3403 3114 3386
3402 3401 3384 3096
3402 3385 3384 3096
1686 1975 1992 1974
1686 1703 1992 1974
2249 1961 2250 2233
2249 2266 1961 2250
2249 2521 2232 2233
2249 2266 2538 2250
2249 1943 2232 2233
2249 1961 1943 2233
2249 2250 2233 2539
2249 2538 2250 2539
2249 2521 2233 2539
2249 2538 2521 2539
2249 2248 2538 2521
2249 2266 2248 2538
2249 1960 1961 1943
2249 1960 2266 1961
2249 2231 2521 2232
2249 2231 1943 2232
2249 2231 2248 2521
2237 2253 1965 1948
2237 1965 1949 1948
2237 2255 1965 1949
2237 2255 2254 1965
2237 2253 2254 1965
2237 2221 1949 1948
2237 2543 2255 2527
2237 2543 2253 2526
2237 2543 2255 2254
2237 2543 2253 2254
2237 2221 1949 2238
2237 2255 1949 2238
2237 2543 2526 2527
2237 2253 2236 1948
2237 2253 2526 2236
2237 2527 2221 2509
2237 2527 2221 2238
2237 2255 2527 2238
2237 2526 2527 2509
2237 2526 2236 2509
2237 2220 2221 2509
2237 2220 2221 1948
2237 2220 2236 2509
2237 2220 2236 1948
2832 3104 2833 2815
2832 3104 2814 2815
2832 2526 2833 2815
2832 2526 2814 2815
2832 3104 3120 2814
2832 2543 2849 2833
2832 2543 2526 2833
2832 2526 2814 2542
2832 2849 2833 2850
2832 3104 2833 3122
2832 3121 3104 3122
2832 3120 2814 2831
2832 2543 2849 2542
2832 2543 2526 2542
2832 2814 2831 2542
2832 2849 2831 2542
2832 2833 2850 3122
2832 3121 2850 3122
2832 3121 3120 2848
2832 3121 3104 3120
2832 2849 2831 2848
2832 3120 2831 2848
3697 3698 3681 3987
3697 3698 3681 3408
3697 3681 3680 3987
3697 3681 3680 3408
3697 3390 3407 3408
3697 3390 3407 3696
3697 3969 3986 3987
3697 3969 3680 3987
3697 3390 3680 3408
3697 3390 3696 3680
3697 3969 3696 3680
3971 3681 3970 3987
3971 3682 3681 3970
3971 3970 4276 3987
3971 3988 4276 3987
3971 3682 3970 3954
3971 3972 3682 3954
3971 3988 4277 4276
3971 3972 3988 4277
3971 4260 3970 3954
3971 3972 4260 3954
3971 4259 3970 4276
3971 4259 4260 4276
3971 4259 4260 3970
3971 4260 4277 4276
3971 3972 4260 4277
2528 2545 2256 2544
2528 2545 2544 2834
2528 2545 2256 2529
2528 2544 2527 2238
2528 2256 2544 2238
2528 2511 2527 2238
2528 2817 2511 2529
2528 2544 2833 2834
2528 2544 2527 2833
2528 2511 2816 2527
2528 2817 2816 2834
2528 2817 2511 2816
2528 2816 2833 2834
2528 2816 2527 2833
2596 2290 2289 2579
2596 2290 2307 2289
2596 2307 2289 2595
2596 2290 2307 2308
2596 2595 2579 2578
2596 2289 2579 2578
2596 2289 2595 2578
2596 2595 2579 2885
2596 2886 2579 2885
2014 1708 1998 2015
2014 1997 1708 1998
2014 1998 2015 2286
2014 1997 1998 2286
2014 1708 1725 2015
2014 1997 1708 1725
2014 1997 2303 2286
2014 2304 2015 2286
2014 2303 2304 2286
2014 1724 1997 1725
1074 1091 1075 785
1074 1058 1057 785
1074 1058 1075 785
1074 1057 1073 785
1074 1091 1073 785
1074 1092 1075 1364
1074 1091 1092 1075
1074 1057 1363 1362
1074 1057 1073 1362
1074 1057 1363 1346
1074 1058 1057 1346
1128 1129 839 1111
1128 1129 1418 1111
1128 1145 1129 1418
1128 1129 856 839
1128 1145 1129 856
1128 1110 839 1111
1128 838 1110 839
1128 855 838 839
1128 1145 1434 1418
1128 855 1145 856
1128 855 856 839
1146 1129 856 857
1146 1145 1129 856
1146 1145 1129 1418
1146 1130 857 1147
1146 1130 1129 857
1146 1434 1418 1435
1146 1145 1434 1418
1993 2011 1994 2300
1993 2282 2299 2300
1993 2282 1994 2300
1993 2282 2299 2281
1993 2298 1992 2009
1993 2298 1992 2281
1993 2298 2299 2281
2283 2284 2300 2572
2283 2282 2300 2572
2283 1994 2284 2300
2283 2282 1994 2300
2283 2284 2573 2572
2283 2267 2284 2573
2283 2267 2284 1978
2283 2266 2267 1978
2283 1994 2284 1978
2283 1993 2282 1994
2283 1994 1977 1978
2283 2266 1977 1978
2835 2530 2546 2529
2835 2530 2818 2529
2835 2545 2546 2529
2835 2545 2546 2852
2835 2817 2818 2529
2835 3124 2852 2834
2835 2817 3124 2834
2835 2817 2818 3107
2835 2817 3124 3107
2835 2545 2852 2834
2835 2528 2545 2529
2835 2528 2817 2529
2835 2528 2545 2834
2835 2528 2817 2834
2837 2821 3109 3110
2837 3126 3127 3144
2837 2821 2820 3109
2837 2855 2854 2565
2837 3126 2854 3144
2837 2855 2854 3144
1367 1384 1673 1368
1367 1656 1350 1639
1367 1656 1673 1657
1367 1656 1350 1657
1367 1350 1061 1349
1367 1078 1061 1349
1367 1078 1350 1061
1367 1078 1350 1368
1367 1673 1657 1368
1367 1350 1657 1368
1367 1078 1095 1368
1367 1384 1095 1368
682 700 699 989
682 989 988 971
682 699 989 988
682 683 989 971
682 700 683 989
682 970 988 971
682 666 683 971
682 665 970 971
682 666 665 971
682 700 699 410
682 970 987 988
682 699 987 988
682 394 666 683
682 394 700 683
682 699 410 698
682 970 987 698
682 699 987 698
682 394 700 410
682 970 698 681
682 665 970 681
682 666 665 393
682 410 392 698
682 394 393 410
682 394 666 393
682 392 698 681
682 665 392 681
682 393 410 392
682 665 393 392
2671 2670 2382 2688
2671 2670 2960 2688
2671 2670 2365 2382
2671 2400 2382 2688
2671 2689 2400 2688
2671 2961 2689 2672
2671 2689 2672 2383
2671 2960 2977 2688
2671 2961 2960 2977
2671 2366 2672 2383
2671 2365 2382 2383
2671 2365 2366 2383
2671 2400 2382 2383
2671 2689 2400 2383
2671 2977 2978 2688
2671 2689 2978 2688
2671 2961 2977 2978
2671 2961 2689 2978
2654 2637 2926 2636
2654 2637 2636 2364
2654 2637 2365 2364
2654 2637 2365 2366
2654 2636 2942 2653
2654 2926 2636 2942
2654 2670 2365 2364
2654 2637 2638 2366
2654 2637 2638 2926
2654 2960 2942 2653
2654 2636 2364 2653
2654 2670 2364 2653
2654 2926 2943 2942
2654 2960 2943 2942
2654 2670 2960 2653
2654 2671 2365 2366
2654 2671 2670 2365
2654 2671 2670 2960
2654 2961 2960 2943
2654 2671 2961 2960
2654 2671 2366 2672
2654 2671 2961 2672
1836 2125 2142 2143
1836 1853 2142 2143
1836 2125 2143 1837
1836 1854 2143 1837
1836 1853 1854 2143
1836 2125 1820 1837
1836 1854 1548 1837
1836 1853 1564 1854
1836 1820 1548 1547
1836 1820 1548 1837
1836 1820 1819 1547
1836 1564 1548 1547
1836 1564 1854 1548
1836 2108 1820 1819
1836 2125 2108 1820
1653 1635 1363 1346
1653 1636 1635 1346
1653 1652 1364 1363
1653 1652 1635 1363
1653 1637 1636 1925
1653 1636 1635 1924
1653 1636 1925 1924
1941 1923 1635 1651
1941 1652 1635 1651
1941 1940 1923 1651
1941 1652 1940 1651
1941 1923 1635 1924
1941 1653 1635 1924
1941 1653 1652 1635
1941 1923 2213 1924
1941 1940 1923 2213
1941 2230 1940 2213
1941 1652 1940 1958
1941 2230 1940 1958
1941 2214 2213 1924
1941 2230 2214 2213
1941 1925 2214 1924
1941 1653 1925 1924
1638 1927 1621 1620
1638 1927 1622 1621
1638 1927 1622 1639
1638 1927 1655 1639
1638 1622 1639 1333
1638 1350 1349 1333
1638 1350 1639 1333
1638 1350 1639 1349
1638 1637 1620 1926
1638 1927 1620 1926
1638 1637 1655 1926
1638 1927 1655 1926
1638 1637 1655 1654
1382 1093 1092 1365
1382 1365 1364 1654
1382 1092 1365 1364
1671 1655 1943 1654
1671 1960 1943 1654
1671 1961 1655 1943
1671 1960 1961 1943
1671 1672 1961 1655
1671 1672 1961 1977
1671 1960 1961 1977
1671 1960 1688 1977
1671 1382 1688 1400
1671 1688 1977 1689
1671 1672 1977 1689
1671 1688 1689 1400
1671 1672 1689 1400
836 530 547 546
836 530 546 818
836 852 853 547
836 1124 852 853
836 853 547 837
836 530 547 837
836 853 854 837
2171 2187 2460 1899
2171 2187 2170 2460
2171 2170 2460 2443
2171 1899 1883 2189
2171 2460 1899 2189
2171 2187 1881 1899
2171 2187 2170 1881
2171 2170 1864 1881
2171 2154 2153 2443
2171 2170 2153 2443
2171 1882 1883 1865
2171 1882 1899 1883
2171 1883 1865 1866
2171 2154 1865 1866
2171 2172 1883 2189
2171 2172 1883 1866
2171 1882 1881 1865
2171 1882 1881 1899
2171 1864 2154 1865
2171 1864 1881 1865
2171 1864 2154 2153
2171 2170 1864 2153
2171 2154 2155 2443
2171 2460 2461 2443
2171 2172 2189 2461
2171 2460 2189 2461
2171 2154 2155 1866
2171 2172 2155 1866
2171 2155 2461 2443
2171 2172 2155 2461
2458 2170 2441 2442
2458 2170 2459 2442
2458 2441 2442 2730
2458 2459 2731 2747
2458 2459 2731 2442
2458 2152 2457 2441
2458 2170 2152 2441
2458 2731 2747 2730
2458 2731 2442 2730
2458 2457 2747 2730
2458 2457 2441 2730
2458 2475 2457 2747
2458 2187 2459 2475
2458 2187 2170 2459
2458 2764 2475 2747
2458 2459 2764 2747
2458 2459 2764 2475
2169 2168 1880 2152
2169 2170 1880 2152
2169 2458 2170 2152
2169 2168 2152 2457
2169 2458 2152 2457
2169 2458 2187 2170
2169 2170 1880 1881
2169 2187 2170 1881
2169 2168 2457 2185
2169 1880 1879 1897
2169 2168 1880 1879
2169 1880 1881 1897
2169 2187 1881 1897
2169 2475 2457 2185
2169 2458 2475 2457
2169 2458 2187 2475
2169 1879 2185 1897
2169 2168 1879 2185
2169 2186 2185 1897
2169 2187 2186 1897
2169 2186 2475 2185
2169 2187 2186 2475
1197 924 1196 1213
1197 924 925 1213
1197 1196 1213 1214
1197 925 1213 1214
1197 924 908 925
1197 924 907 1196
1197 924 908 907
1197 1486 1196 1214
1197 1486 1198 1214
1197 1215 925 1214
1197 1198 1215 1214
1197 907 1180 1196
1197 1486 1469 1196
1197 1486 1198 1469
1197 909 1198 1215
1197 909 1198 1181
1197 891 909 908
1197 908 925 926
1197 909 908 926
1197 891 907 1180
1197 891 908 907
1197 1198 1181 1469
1197 1215 925 926
1197 909 1215 926
1197 891 909 1181
1197 891 1180 1181
1197 1180 1469 1196
1197 1180 1181 1469
976 687 975 993
976 687 704 993
976 687 704 977
976 687 959 975
976 1282 975 993
976 1282 994 993
976 704 994 993
976 704 994 977
976 1265 959 975
976 687 977 671
976 687 959 671
976 1265 1282 975
976 1266 994 977
976 1265 959 960
976 977 671 960
976 959 671 960
976 1266 1282 994
976 1266 1265 1282
976 1266 977 960
976 1266 1265 960
1026 1008 1314 1025
1026 1315 1314 1025
1026 1008 1314 1009
1026 1315 1314 1009
1026 720 1008 1009
1026 1008 1025 719
1026 720 1008 719
1026 1315 1027 1009
1026 721 720 1009
1026 721 737 720
1026 736 737 720
1026 736 1025 719
1026 736 720 719
1026 721 1027 1009
1026 721 737 1027
1026 753 736 1025
1026 753 736 737
770 753 752 464
770 481 786 480
770 752 464 480
770 481 464 480
1332 1061 1349 1333
1332 1638 1349 1333
1332 1331 1315 1604
1332 1622 1621 1333
1332 1638 1622 1333
1332 1638 1622 1621
1332 1638 1621 1620
1332 1621 1605 1604
1332 1621 1605 1333
1332 1621 1620 1604
1332 1331 1620 1604
155 444 138 156
155 444 445 156
155 137 444 138
155 445 156 173
155 172 445 173
155 172 445 461
155 444 445 461
155 443 172 461
155 444 443 461
154 444 443 426
154 137 444 426
154 155 444 443
154 155 137 444
154 171 443 172
154 155 443 172
1809 1810 1538 1520
1809 1537 1538 1520
1809 1537 1538 1826
1809 1827 1538 1826
1809 1827 1810 1538
1809 1537 1519 1520
1809 1537 1825 1519
1809 1537 1825 1826
1809 2116 1827 1826
1809 2116 1827 1810
1809 1810 1503 1520
1809 2115 2116 1826
1809 2115 2116 2098
1809 2115 1825 1826
1809 2115 1825 2098
1809 1503 1519 1520
1809 1808 1825 1519
1809 1808 1825 2098
1809 1808 1503 1519
2399 2126 2416 2127
2399 2110 2126 2127
2399 2110 2400 2382
2399 2400 2382 2688
2399 2110 2382 2398
2399 2110 2126 2398
2399 2400 2706 2688
2399 2400 2706 2416
2399 2126 2415 2398
2399 2126 2415 2416
2399 2705 2415 2688
2399 2705 2415 2416
2399 2382 2398 2688
2399 2415 2398 2688
2399 2705 2706 2688
2399 2705 2706 2416
111 400 110 94
111 112 400 94
111 127 416 110
111 400 416 110
111 418 112 400
111 417 127 416
111 417 400 416
111 418 417 400
111 418 112 129
128 418 417 434
128 418 129 434
128 417 145 434
128 111 418 417
128 111 418 129
128 146 145 434
128 129 146 434
128 111 417 127
128 417 145 144
128 417 127 144
458 746 764 475
458 746 747 764
458 746 474 475
458 746 474 457
458 474 169 475
458 457 169 441
458 746 747 440
458 457 440 441
458 746 457 440
458 457 169 168
458 474 169 168
458 474 457 168
458 730 440 441
458 730 747 440
1685 1973 1974 1957
1685 1973 1684 1974
1685 1686 1703 1974
1685 1975 1974 1957
1685 1686 1975 1974
1379 1089 1073 1362
1379 1090 1089 1073
1379 1089 1378 1362
1379 1395 1089 1378
1379 1090 1091 1073
1141 1124 852 853
851 561 562 544
256 527 255 239
256 527 528 239
256 527 255 544
256 527 528 544
256 562 273 272
256 562 255 272
256 562 255 544
170 187 460 188
170 171 460 188
170 171 459 460
170 476 187 460
170 476 459 460
170 171 443 459
2605 2622 2317 2606
2605 2622 2316 2317
2605 2604 2622 2316
2605 2895 2894 2911
2605 2604 2910 2894
2605 2604 2622 2910
2605 2895 2623 2911
2605 2895 2623 2606
2605 2622 2623 2911
2605 2622 2623 2606
2605 2910 2894 2911
2605 2622 2910 2911
1167 1456 1473 1166
1167 878 1184 1168
1167 1474 1184 1168
1167 1474 1473 1184
1167 1183 1473 1166
1167 1183 1473 1184
1167 1474 1457 1168
1167 1474 1456 1457
1167 1474 1456 1473
1167 1183 878 1166
1167 1183 878 1184
1792 2081 2064 2065
1792 1775 2064 2065
1792 2082 2081 2065
1792 2081 2080 2064
1792 1775 2080 2064
1792 1775 1793 2065
1792 2082 1793 2065
1792 2081 2098 2080
1792 1486 1503 1793
1792 1775 1486 1793
1792 1810 1503 1793
1792 2082 1810 1793
1792 2082 2081 2098
1792 1808 2098 2080
1792 1808 1791 1503
1792 1808 1791 2080
1792 1791 1486 1503
1792 1775 1791 1486
1792 1791 1774 2080
1792 1775 1774 2080
1792 1775 1791 1774
1792 2082 2098 1810
1792 1809 1808 1503
1792 1809 1808 2098
1792 1809 1810 1503
1792 1809 2098 1810
3186 2898 3203 3187
3186 2898 2897 3203
3186 3203 3204 3187
3186 3202 2897 3203
2130 2418 2419 2402
2130 2129 2418 2402
2130 2419 2402 2131
2130 2113 2402 2131
2130 2129 2113 2402
2130 2129 2113 1841
2130 2129 1841 1858
2130 1824 1841 2131
2130 1824 2113 2131
2130 1824 2113 1841
2130 2420 2148 2131
2130 2420 2419 2131
2130 2420 2419 2148
2130 1842 2148 2131
2130 1841 1842 2131
2130 1858 1842 2148
2130 1841 1858 1842
2117 2133 2116 2405
2117 2422 2405 2406
2117 2133 2422 2405
2117 2133 2116 1827
2117 2133 2422 2134
2117 2133 1827 2134
2117 2422 2423 2406
2117 2422 2423 2134
2117 1827 2100 1811
2117 2423 2118 2134
2117 2100 2406 2101
2117 2100 1811 2101
2117 2118 2134 1829
2117 2134 1829 1828
2117 1827 2134 1828
2117 2423 2407 2406
2117 2423 2118 2407
2117 1811 1829 2101
2117 1811 1829 1828
2117 1827 1811 1828
2117 2118 1829 2101
2117 2407 2406 2101
2117 2118 2407 2101
2078 2077 2095 2367
2078 2350 2079 2061
2078 2368 2095 2367
2078 2368 2079 2095
2078 2350 2349 2367
2078 2077 2349 2367
2078 2350 2349 2061
2078 1789 2079 2061
2078 2350 2368 2367
2078 2350 2368 2079
2078 2060 2349 2061
2078 2077 2060 2349
2078 1789 1771 2061
2078 1806 2079 2095
2078 1789 1806 2079
2078 2060 1771 2061
2078 2077 2060 1771
2078 2077 1788 1771
2078 1789 1788 1771
2078 1789 1806 1788
2078 2077 2094 2095
2078 2077 2094 1788
2078 1806 2094 2095
2078 1806 2094 1788
2394 2395 2122 2105
2394 2395 2088 2105
2394 2393 2122 2105
2394 2393 2088 2105
2394 2393 2122 2410
2394 2411 2122 2410
2394 2682 2393 2410
2394 2411 2700 2410
2394 2682 2700 2410
2412 2395 2106 2122
2412 2395 2106 2396
2412 2106 2122 2123
2412 2122 2123 2429
2412 2106 2107 2123
2412 2106 2396 2107
2412 2413 2396 2107
2412 2413 2701 2429
2412 2124 2123 2429
2412 2413 2124 2429
2412 2413 2124 2107
2412 2124 2107 2123
2412 2411 2701 2429
2412 2411 2122 2429
2412 2394 2411 2122
2412 2394 2395 2122
2666 2939 2650 2649
2666 2667 2939 2650
2666 2360 2650 2649
2666 2667 2360 2650
2666 2667 2939 2955
2666 2665 2360 2649
2666 2939 2649 2938
2666 2939 2955 2938
2666 2937 2649 2938
2666 2665 2937 2649
2666 2954 2955 2938
2666 2954 2937 2938
2666 2665 2954 2937
2666 2954 2955 2972
2666 2682 2954 2972
2666 2682 2665 2954
2973 2668 2974 2957
2973 2667 2668 2957
2973 2667 2957 2956
2973 2668 2974 2685
2973 2667 2668 2685
2973 2974 2957 3263
2973 2957 3263 2956
2973 2990 2974 2685
2973 3262 3263 2956
2973 2955 3262 2956
2973 2667 2955 2956
2973 3279 3262 3263
2973 3279 2974 3263
2973 2955 2972 3262
2973 2990 3279 3262
2973 2990 3279 2974
2973 2990 3262 2989
3224 3241 3240 3530
3224 3225 3241 2935
3224 3512 2934 3207
3224 3223 2934 3240
3224 3512 3223 2934
3224 2934 3207 2935
3224 3225 3207 2935
3224 2934 2952 2935
3224 2934 3240 2952
3224 3241 2952 2935
3224 3241 3240 2952
3529 3512 3801 3511
3529 3512 3223 3511
3529 3223 3511 3528
3529 3817 3511 3528
3529 3801 3817 3511
3529 3224 3512 3223
3529 3801 3818 3817
3529 3223 3240 3528
3529 3224 3240 3530
3529 3224 3223 3240
3529 3817 3546 3528
3529 3818 3817 3546
3529 3818 3546 3530
3529 3257 3240 3528
3529 3257 3240 3530
3529 3257 3546 3528
3529 3257 3546 3530
2903 2920 2902 3192
2903 2920 3192 2904
2903 2614 2631 2613
2903 2920 2631 2919
2903 2920 2902 2919
2903 2614 2631 2615
2903 2920 2921 2904
2903 2920 2631 2921
2903 2631 2613 2919
2903 2902 2613 2919
2903 2921 2615 2904
2903 2631 2921 2615
3242 3225 2953 3241
3242 2970 2953 3241
3242 2970 2953 2954
3242 3226 2954 3243
3242 3225 3241 3531
3242 2970 2954 3260
3242 2954 3243 3260
3242 3226 3532 3243
3242 2970 3259 3260
3242 2970 3259 3241
3242 3259 3241 3531
3242 3532 3531 3514
3242 3225 3531 3514
3242 3226 3532 3514
3242 3225 3226 3514
3242 3259 3260 3548
3242 3259 3531 3548
3242 3532 3531 3548
3242 3243 3260 3548
3242 3532 3243 3548
2936 2647 2953 2935
2936 3225 2953 2935
2936 2647 2918 2935
2936 2647 2918 2919
2936 3225 2918 2935
2936 2647 2937 2919
2936 2647 2664 2937
2936 2647 2953 2664
2936 2918 3208 2919
2936 3225 2918 3208
2936 2954 2664 2937
2936 2953 2954 2664
2936 3226 2954 2937
2936 3242 3225 2953
2936 3242 3225 3226
2936 3225 3226 3208
2936 2920 2937 2919
2936 2920 3226 2937
2936 3242 2953 2954
2936 3242 3226 2954
2936 2920 3208 2919
2936 2920 3226 3208
2373 2084 2390 2083
2373 2084 2067 2083
2373 2390 2083 2372
2373 2083 2355 2372
2373 2067 2083 2355
2373 2067 2356 2355
2373 2390 2662 2372
2373 2355 2661 2372
2373 2356 2355 2661
2373 2661 2662 2372
2373 2356 2661 2662
2068 2084 2067 1778
2068 2067 1778 2050
2068 1779 1778 2050
2068 1779 2069 2052
2068 2357 2069 2052
2068 2373 2084 2067
2068 1779 2050 2052
2068 2373 2067 2356
2068 2067 2339 2050
2068 2051 2050 2052
2068 2357 2051 2052
2068 2067 2356 2339
2068 2357 2356 2339
2068 2051 2339 2050
2068 2357 2051 2339
1762 1778 1761 2050
1762 1490 1778 1761
1762 1779 1778 2050
1762 1490 1779 1778
1762 2050 1745 1763
1762 1490 1473 1761
1762 1456 1745 1763
1762 2050 1745 1744
1762 1761 2050 1744
1762 2050 2052 1763
1762 1779 2052 1763
1762 1779 2050 2052
1762 1456 1473 1761
1762 1490 1474 1473
1762 1456 1745 1744
1762 1456 1761 1744
1762 1490 1474 1491
1762 1490 1779 1491
1762 1474 1456 1763
1762 1474 1456 1473
1762 1474 1780 1763
1762 1474 1491 1780
1762 1779 1780 1763
1762 1779 1491 1780
2358 2376 2086 2375
2358 2376 2069 2086
2358 2376 2069 2359
2358 2663 2664 2375
2358 2647 2648 2664
2358 2068 2069 2086
2358 2068 2357 2069
2358 2648 2359 2342
2358 2069 2359 2342
2358 2648 2341 2342
2358 2069 2341 2342
2358 2357 2069 2341
2358 2665 2664 2375
2358 2376 2665 2375
2358 2665 2648 2664
2358 2665 2648 2359
2358 2376 2665 2359
2358 2663 2647 2664
2358 2647 2648 2630
2358 2357 2647 2630
2358 2648 2341 2630
2358 2357 2341 2630
2358 2357 2647 2646
2358 2663 2647 2646
2099 2115 2116 2098
2099 2115 2387 2098
2099 2082 2098 1810
2099 2387 2081 2098
2099 2082 2081 2098
2099 2115 2387 2404
2099 1809 2098 1810
2099 1809 2116 1810
2099 1809 2116 2098
2099 2082 2100 1810
2099 2115 2116 2405
2099 2115 2404 2405
2099 1827 2100 1810
2099 2116 1827 1810
2099 2117 1827 2100
2099 2117 2116 1827
2099 2117 2100 2406
2099 2117 2405 2406
2099 2117 2116 2405
1526 1253 1525 1236
1526 1253 1237 1236
1526 1525 1508 1236
1526 1509 1508 1236
1526 1509 1237 1236
1526 1527 1509 1237
1526 1527 1509 1815
1526 1527 1832 1815
1526 1253 1542 1525
1526 1814 1525 1508
1526 1509 1798 1508
1526 1509 1815 1798
1526 1814 1798 1508
1526 1814 1815 1798
1543 1560 1832 1542
1543 1526 1832 1542
1543 1526 1253 1542
1543 1560 1271 1542
1543 1253 1271 1542
1543 1526 1527 1832
1543 1526 1527 1237
1543 1526 1253 1237
1543 1271 1255 1272
1543 1560 1271 1272
1543 1271 1255 1254
1543 1253 1271 1254
1543 1527 1255 1544
1543 1527 1832 1544
1543 1255 1272 1544
1543 1832 1561 1544
1543 1560 1832 1561
1543 1527 1255 1237
1543 1255 1237 1254
1543 1253 1237 1254
1543 1272 1561 1544
1543 1560 1272 1561
2138 1832 1833 1850
2138 1832 1833 2121
2138 2139 1833 1850
2138 2139 1833 2121
2138 2139 2427 2121
2138 2120 2427 2121
2138 2139 2427 2155
2138 2427 2155 2137
2138 2120 2427 2137
2138 2120 1848 2137
2138 2139 2156 1850
2138 2139 2156 2155
2138 2154 2155 1866
2138 2154 2155 2137
2138 1848 2154 2137
2138 2156 1850 1866
2138 2156 2155 1866
1831 1848 1832 1542
1831 1526 1542 1525
1831 1526 1832 1542
1831 1830 1542 1525
1831 1848 1830 1542
1831 1526 1814 1525
1831 1814 1813 1525
1831 1830 1813 1525
1831 1526 1814 1815
1831 1526 1832 1815
1831 1814 1813 2103
1831 1814 1815 2103
1831 1848 2119 1830
1831 2119 1813 2103
1831 2119 1830 1813
1831 2120 2119 2103
1831 2120 1848 2119
1831 1815 2121 2103
1831 1832 1815 2121
1831 2120 2121 2103
1831 2138 1832 2121
1831 2138 1848 1832
1831 2138 2120 2121
1831 2138 2120 1848
133 422 116 132
133 422 149 150
133 422 132 149
133 422 116 117
133 439 134 423
133 422 439 423
133 422 439 150
133 134 423 117
133 422 423 117
133 439 151 150
133 439 151 134
1849 1559 1542 1847
1849 1559 1560 1542
1849 1848 1542 1847
1849 1559 1560 1577
1849 1560 1832 1542
1849 1848 1832 1542
1849 1559 1847 1865
1849 1559 1577 1865
1849 1848 2154 1847
1849 1560 1832 1850
1849 1577 1865 1866
1849 1577 1850 1866
1849 1560 1577 1850
1849 2138 1848 2154
1849 2138 1832 1850
1849 2138 1848 1832
1849 2154 1865 1866
1849 2154 1847 1865
1849 2138 1850 1866
1849 2138 2154 1866
1052 1035 1053 763
1052 1341 1053 763
1052 1341 1035 1053
1052 1035 745 763
1052 1051 745 763
1052 1341 1069 763
1052 1051 1069 763
1052 1341 1358 1069
1052 1051 1358 1069
1052 1035 745 1034
1052 1341 1358 1340
1052 1051 1358 1340
1052 1035 1324 1034
1052 1341 1035 1324
1052 745 1034 1033
1052 1051 745 1033
1052 1051 1033 1340
1052 1323 1324 1034
1052 1341 1323 1324
1052 1323 1034 1033
1052 1323 1033 1340
1052 1341 1323 1340
1036 1341 1325 1342
1036 1341 1053 1342
1036 1341 1324 1325
1036 1341 1035 1324
1036 1341 1035 1053
1036 1308 1324 1325
1036 1308 1018 1324
1036 1035 1018 1324
1036 1035 1053 747
1036 1308 1018 1019
1036 1035 1018 1019
1036 1035 730 1019
1036 1035 730 747
3593 3898 3899 3882
3593 3610 3609 3592
3593 3610 3609 3899
3593 3594 3899 3882
3593 3610 3594 3899
3593 3898 3881 3592
3593 3898 3881 3882
3593 3898 3609 3592
3593 3898 3609 3899
3593 3594 3577 3882
3593 3610 3304 3592
3593 3610 3594 3304
3593 3865 3881 3882
3593 3865 3577 3882
3593 3594 3577 3304
3593 3881 3592 3575
3593 3865 3881 3575
3593 3865 3577 3576
3593 3304 3287 3592
3593 3577 3304 3287
3593 3865 3575 3576
3593 3577 3287 3576
3593 3287 3575 3576
3593 3287 3592 3575
3611 3610 3594 3899
3611 3917 3899 3900
3611 3627 3917 3899
3611 3610 3627 3899
3611 3883 3899 3900
3611 3594 3883 3899
3611 3917 3900 3612
3611 3610 3322 3594
3611 3917 3612 3628
3611 3627 3917 3628
3611 3610 3627 3339
3611 3322 3595 3612
3611 3322 3594 3595
3611 3322 3339 3612
3611 3610 3322 3339
3611 3900 3612 3901
3611 3883 3900 3901
3611 3594 3883 3595
3611 3339 3612 3628
3611 3627 3339 3628
3611 3595 3612 3901
3611 3883 3595 3901
2417 2435 2434 2145
2417 2435 2434 2724
2417 2435 2418 2724
2417 2434 2145 2416
2417 2128 2145 2416
2417 2435 2146 2145
2417 2128 2146 2145
2417 2435 2418 2146
2417 2434 2724 2723
2417 2434 2416 2723
2417 2129 2418 2146
2417 2128 2129 2146
2417 2129 2418 2401
2417 2128 2129 2401
2417 2706 2416 2723
2417 2400 2706 2416
2417 2400 2706 2401
2147 2435 2146 2164
2147 2435 2418 2146
2147 2435 2164 2453
2147 2435 2418 2453
2147 2130 2418 2419
2147 2129 2418 2146
2147 2130 2129 2418
2147 2164 2453 2436
2147 2418 2453 2436
2147 2164 1858 1875
2147 2146 1858 1875
2147 2146 2164 1875
2147 2164 1858 2148
2147 2130 1858 2148
2147 2129 2146 1858
2147 2130 2129 1858
2147 2418 2419 2436
2147 2130 2419 2148
2147 2419 2437 2436
2147 2164 2437 2436
2147 2419 2437 2148
2147 2164 2437 2148
2111 1822 2112 1839
2111 2128 2112 1839
2111 1822 1839 2127
2111 2128 1839 2127
2111 2110 1822 2127
2111 1822 2094 2112
2111 2110 1822 2094
2111 2094 2112 2383
2111 2110 2094 2383
2111 2399 2110 2127
2111 2399 2110 2400
2111 2400 2112 2383
2111 2110 2400 2383
2111 2400 2112 2401
2111 2128 2112 2401
2111 2128 2416 2127
2111 2399 2416 2127
2111 2399 2400 2416
2111 2417 2400 2401
2111 2417 2128 2401
2111 2417 2400 2416
2111 2417 2128 2416
4835 4834 4562 4851
4835 4852 4562 4851
4835 4546 4834 4562
4835 4852 4563 4562
4835 4546 4563 4562
4835 4546 4563 4836
4835 4546 4834 4817
4835 4563 4853 4836
4835 4852 4563 4853
4528 4545 4834 4817
4528 4546 4834 4817
4528 4546 4545 4834
4528 4545 4816 4527
4528 4545 4816 4817
4528 4816 4800 4817
4528 4816 4800 4799
4528 4816 4799 4527
4528 4511 4527 4510
4528 4800 4511 4510
4528 4800 4801 4817
4528 4800 4511 4801
4528 4511 4239 4527
4528 4240 4511 4239
4528 4240 4511 4529
4528 4546 4240 4529
4528 4511 4801 4529
4528 4799 4527 4510
4528 4800 4799 4510
4019 3729 3712 3730
4019 4001 3729 3712
3985 3969 4274 3986
3985 3697 4002 3986
3985 3697 3969 3986
3985 3697 3969 3696
3985 3695 4001 3984
3985 3695 4001 3712
3968 3985 3969 3696
3968 3951 3662 3952
3968 3950 3951 3662
3968 3680 3662 3952
3968 3969 3680 3952
3968 3678 3662 3679
3968 3696 3678 3679
3968 3678 3661 3662
3968 3950 3661 3662
3968 3680 3662 3679
3968 3696 3680 3679
3968 3969 3696 3680
4308 4596 4324 4307
4308 4325 4596 4324
4308 4596 4290 4307
4308 4596 4290 4597
4308 4001 4290 4307
4308 4596 4614 4597
4308 4325 4614 4597
4308 4325 4596 4614
4308 4019 4001 4002
4308 4309 4326 4597
4308 4325 4326 4597
4308 4019 4003 4002
4308 4003 4309 4020
4308 4019 4003 4020
4308 4309 4326 4020
4308 4325 4326 4020
4018 4017 4035 4307
4018 3729 4017 4035
4018 4001 4017 4307
4018 4001 3729 4017
4018 4019 4001 3729
4018 4019 3729 3730
4018 4035 4324 4307
4018 4308 4324 4307
4018 4308 4001 4307
4018 4308 4019 4001
4018 3729 3746 3730
4018 3729 3746 4035
4018 4325 4035 4324
4018 4308 4325 4324
3749 3461 3733 3750
3749 3461 3733 3460
3749 3443 3733 3460
3459 3458 3441 3169
3734 3733 4022 3750
3734 4040 4022 3750
3734 4040 4023 4022
3734 3735 4040 4023
3734 3445 3735 3428
3734 4005 4022 4006
3734 3733 4005 4022
3734 4023 4022 4006
3734 4005 3717 4006
3734 4023 4006 4007
3734 3735 4023 4007
3734 3717 4006 4007
3734 3428 3717 3718
3734 3735 3428 3718
3734 3717 3718 4007
3734 3735 3718 4007
3137 3120 3136 3119
3137 3154 3136 2848
3137 3120 3119 3408
3137 3120 3409 3408
3137 3426 3409 3408
3137 3136 2831 2848
3137 3120 2831 2848
3137 3120 3136 2831
3137 3121 3120 2848
3137 3121 3120 3409
3137 3121 3426 3409
4808 4519 4825 4826
4808 4809 4519 4826
4808 4535 4807 4825
4808 4519 4535 4825
4808 4519 4535 4807
4808 4809 4519 4502
4808 4518 4519 4807
4808 4518 4519 4502
4808 4809 4792 4502
4808 4791 4792 4502
4808 4518 4807 4790
4808 4518 4502 4790
4808 4791 4502 4790
4214 4487 4215 4504
4214 4487 4504 4503
4214 4487 4486 4503
4214 4487 4215 4198
4214 4502 4196 4213
4214 4486 4502 4196
4214 4486 4502 4503
4214 3925 4215 4198
4214 4180 4486 4196
4214 4180 4487 4198
4214 4180 4487 4486
4214 3925 4197 4198
4214 3925 4197 4196
4214 4180 4197 4198
4214 4180 4197 4196
4469 4180 4487 4470
4469 4180 4487 4486
4469 4487 4486 4775
4469 4180 4486 4468
4469 4487 4470 4776
4469 4487 4775 4776
4469 4180 4452 4468
4469 4180 4452 4470
4469 4759 4758 4775
4469 4758 4775 4468
4469 4486 4775 4468
4469 4759 4470 4776
4469 4759 4775 4776
4469 4452 4758 4468
4469 4759 4470 4453
4469 4452 4470 4453
4469 4759 4742 4453
4469 4759 4758 4742
4469 4452 4741 4453
4469 4452 4741 4758
4469 4741 4758 4742
4469 4741 4742 4453
3926 3925 4215 3909
3926 3637 3653 3654
3926 3943 3653 3654
3924 3907 4196 4213
3924 3925 4196 4213
3924 3925 3907 4196
3924 3923 3907 4213
3924 3923 3941 4213
3924 3618 3923 3635
3924 3618 3923 3907
3924 4230 3941 4213
3924 3635 3652 3653
3924 3651 3652 3941
3924 3651 3923 3941
3924 3651 3635 3652
3924 3651 3923 3635
3908 3925 4197 3909
3908 3925 3907 4197
3908 3892 3620 3909
3908 3892 4197 3909
3908 3890 3907 4197
3908 3618 3890 3619
3908 3618 3890 3907
3908 3892 3620 3603
3908 3330 3620 3603
3908 3890 3602 3619
3908 3330 3602 3619
3908 3892 4197 3891
3908 3892 3602 3891
3908 3892 3603 3602
3908 3330 3603 3602
3908 3890 4197 3891
3908 3890 3602 3891
3942 4248 3958 3959
3942 4230 4248 3958
3942 4248 4249 3959
3942 3924 3652 3653
3942 3670 3652 3653
3942 4230 3958 3941
3942 3670 3960 3959
3942 3943 3960 3654
3942 3943 3653 3654
3942 3943 4249 3960
3942 4249 3960 3959
3942 3924 3652 3941
3942 3924 4230 3941
3942 3669 3670 3959
3942 3669 3670 3652
3942 3670 3653 3654
3942 3670 3960 3654
3942 3669 3958 3959
3942 3669 3652 3941
3942 3669 3958 3941
4232 3942 4248 4249
4232 3942 3943 4249
4232 4248 4537 4249
4232 4537 4538 4521
4232 4537 4249 4538
4265 4555 4283 4266
4265 4555 4571 4283
4265 4282 4283 4266
4265 4282 4571 4283
4265 4555 4554 4571
4265 4282 3976 4266
4265 4282 4264 4571
4265 4282 3976 4264
4265 4553 4554 4571
4265 4553 4264 4571
4265 4555 4538 4266
4265 3976 3959 4266
4265 4248 4264 4536
4265 4553 4554 4536
4265 4553 4264 4536
4265 4249 4538 4266
4265 4537 4554 4536
4265 4248 4537 4536
4265 4537 4554 4538
4265 4555 4554 4538
4265 3976 3958 3959
4265 3976 4264 3958
4265 4249 3959 4266
4265 4248 4249 3959
4265 4248 3958 3959
4265 4248 4264 3958
4265 4537 4249 4538
4265 4248 4537 4249
2581 2888 2887 2871
2581 2582 2888 2871
2581 2854 2564 2871
2581 2582 2854 2871
2581 2854 2564 2565
2581 2582 2854 2565
2581 2275 2276 2564
2581 2580 2275 2564
2581 2276 2564 2565
2581 2582 2276 2565
2597 2580 2309 2308
2597 2580 2290 2308
2597 2596 2290 2308
2597 2596 2886 2579
2597 2886 2579 2869
2597 2580 2579 2869
2597 2580 2290 2579
2597 2596 2290 2579
3685 3702 3975 3686
3685 3974 3702 3975
3685 3957 3975 3686
3685 3957 3974 3975
3685 3974 3702 3684
3685 3957 3669 3668
3685 3957 3669 3686
3685 3974 3667 3684
3685 3957 3974 3667
3685 3668 3396 3380
3685 3702 3397 3686
3685 3669 3668 3380
3685 3669 3686 3380
3685 3667 3684 3668
3685 3957 3667 3668
3685 3397 3396 3380
3685 3397 3686 3380
3685 3668 3396 3395
3685 3684 3668 3395
3685 3412 3702 3684
3685 3397 3413 3396
3685 3702 3397 3413
3685 3412 3396 3395
3685 3412 3684 3395
3685 3412 3413 3396
3685 3412 3702 3413
3415 3414 3126 3432
3415 3126 3127 3432
3415 3703 3704 3432
3415 3703 3414 3432
3415 3416 3704 3432
3415 3127 3416 3432
3415 3703 3397 3704
3415 3703 3414 3397
3415 3399 3127 3416
3415 3399 3416 3704
3415 2837 3126 3127
3415 3414 3397 3108
3415 3398 3108 3109
3415 3398 3399 3109
3415 3398 3399 3704
3415 3399 3127 3110
3415 3399 3109 3110
3415 2837 3109 3110
3415 2837 3127 3110
3415 3397 3398 3704
3415 3397 3398 3108
3125 2853 3124 3430
3125 3414 3124 3430
3125 3414 2853 3430
3125 2853 3124 2852
3125 2835 3124 2852
3125 3414 3124 3107
3125 2835 2818 3107
3125 2835 3124 3107
3125 3414 3126 2853
3125 2818 3108 3107
3125 3414 3108 3107
3989 4279 3990 4007
3989 4279 4295 4007
3989 4279 4278 4295
3989 4279 3973 3990
3989 4279 4278 3973
3989 3717 3990 4007
3989 3972 4278 3973
3989 3717 4006 4007
3989 4295 4006 4007
3989 3700 3973 3990
3989 3972 3700 3973
3989 3988 3717 4006
3989 3988 4295 4006
3989 3700 3717 3990
3989 3988 4295 4277
3989 4278 4295 4277
3989 3972 3988 4277
3989 3972 4278 4277
3720 3703 3431 3721
3720 3703 3992 3721
3720 3992 4010 3721
3720 3992 4010 4009
3720 3719 3413 3431
3720 3703 3413 3431
3720 3703 3702 3992
3720 3719 3702 3413
3720 3703 3702 3413
3720 3991 3992 4009
3720 3702 3991 3992
3720 4008 3719 3702
3720 4008 3991 4009
3720 4008 3702 3991
3720 4008 4025 4009
4856 4550 4568 4840
4856 4839 4550 4840
4856 4568 4857 4840
4856 4550 4568 4567
4856 4839 4550 4567
4856 4568 4584 4857
4856 4568 4567 4584
4856 4855 4567 4584
4856 4839 4855 4567
4856 4873 4584 4857
4856 4855 4873 4584
4042 4026 4332 4331
4042 4026 4043 4332
4042 4026 4331 4025
4042 4331 4025 4024
4042 4331 4024 4041
4042 4026 4043 3754
3753 3448 3464 3465
3753 3754 3448 3465
3753 3752 4024 4041
3753 4042 4024 4041
3753 3446 3464 3463
3753 3446 3752 3463
4666 4378 4394 4683
4666 4378 4377 4394
4666 4394 4683 4665
4666 4394 4665 4376
4666 4377 4394 4376
4666 4665 4376 4648
4362 4634 4344 4345
4362 4344 4073 4345
4362 4634 4344 4633
4362 4650 4634 4633
4362 4650 4344 4633
4362 4363 4073 4345
4362 4072 4089 4073
4362 4072 4377 4089
4362 4378 4377 4089
3410 3411 3700 3717
3410 3411 3700 3393
3410 3411 3428 3717
3410 3698 3393 3409
3410 3698 3426 3409
3410 3411 3121 3393
3410 3121 3393 3409
3410 3121 3426 3409
2698 2699 2681 2392
2698 2697 2680 2986
2698 2392 2697 2680
2698 2681 2392 2680
2698 2697 2715 2986
2698 2409 2392 2697
2698 2699 2409 2392
2698 2970 2987 2986
2698 3004 2987 2986
2698 3004 2699 2987
2698 2699 2987 2971
2698 2699 2681 2971
2698 2969 2680 2986
2698 2681 2969 2680
2698 3004 2715 2986
2698 3004 2699 2715
2698 2409 2697 2715
2698 2699 2409 2715
2698 2970 2969 2986
2698 2970 2681 2969
2698 2970 2987 2971
2698 2970 2681 2971
3294 3583 3311 3295
3294 3277 3583 3295
3294 3005 3311 3295
3294 2988 3005 3295
3294 3277 2988 3295
3294 3277 3583 3276
3294 3022 3005 3311
3294 3310 3582 3293
3294 3276 3582 3293
3294 3583 3276 3582
3294 3583 3600 3311
3294 3583 3600 3582
3294 2987 3276 3293
3294 3277 2987 3276
3294 3004 2988 3005
3294 3277 2988 2987
3294 3022 3310 3293
3294 3022 3310 3311
3294 3004 3022 3293
3294 3004 3022 3005
3294 3600 3310 3311
3294 3600 3310 3582
3294 3004 2987 3293
3294 3004 2988 2987
4247 3957 3958 3941
4247 3957 4229 3941
4247 4230 3958 3941
4247 4229 4230 3941
4247 3957 4263 3958
4247 4263 4264 4536
4247 4263 4264 3958
4247 4230 4248 3958
4247 4263 4535 4536
4247 4229 4230 4519
4247 4248 4264 4536
4247 4248 4264 3958
4247 4248 4519 4536
4247 4230 4248 4519
4247 4519 4535 4536
4247 4229 4519 4535
2292 2003 2291 1986
2292 2003 2309 2291
2292 2275 2291 1986
2292 2275 2276 1986
2292 2580 2309 2291
2292 2580 2275 2291
2292 2309 2021 2020
2292 2003 2021 2020
2292 2003 2309 2020
2292 2581 2275 2276
2292 2581 2580 2275
2292 2581 2582 2276
2004 2003 1986 1697
2004 1987 1986 1697
2004 2003 1715 1697
2004 1715 1698 1697
2004 1987 1698 1697
2004 1732 2003 1715
2004 1732 2003 2021
2004 2022 1732 2021
2004 1987 1988 1698
2583 2582 2889 2600
2583 2582 2889 2872
2583 2582 2855 2872
2583 2582 2855 2566
2239 2511 2222 2238
2239 2240 2256 2529
2239 2240 2223 2529
2239 2528 2511 2238
2239 2528 2511 2529
2239 2511 2512 2529
2239 2511 2512 2222
2239 2528 2256 2238
2239 2528 2256 2529
2239 1932 2222 2238
2239 1933 1932 2222
2239 2223 1933 2222
2239 2223 2512 2529
2239 2223 2512 2222
2239 2256 1967 2238
2239 1950 1967 2238
2239 2240 2256 1967
2239 2240 1950 1967
2239 1950 1932 2238
2239 1950 1933 1932
1951 1933 1934 1661
1951 1662 1934 1661
1951 1950 1933 1661
1951 2223 1933 1934
1951 1950 1678 1661
1951 2239 1950 1933
1951 2239 2240 1950
1951 2223 1952 1934
1951 2240 2223 1952
1951 2239 2223 1933
1951 2239 2240 2223
1951 1662 1678 1661
1951 1950 1968 1678
1951 2240 1950 1968
1951 1679 1968 1678
1951 1662 1679 1678
1951 1969 1679 1968
1951 2240 1969 1968
1951 1646 1662 1663
1951 1646 1662 1934
1951 1952 1646 1663
1951 1952 1646 1934
1951 1662 1679 1663
1951 2240 1952 1969
1951 1969 1679 1663
1951 1952 1969 1663
1394 1377 1395 1089
1394 1089 1105 1088
1394 1377 1089 1088
1700 1989 1684 1990
1700 1989 1972 1684
1700 1718 1990 2006
1700 1989 1990 2006
1666 1650 1938 1649
1666 1955 1650 1938
1666 1378 1650 1649
1666 1360 1378 1649
1666 1377 1360 1378
1666 1955 1956 1650
2247 2553 2246 2535
2247 2536 2553 2535
2247 2536 2248 2265
2247 2536 2553 2265
2247 2229 2246 2535
2247 2264 2553 2265
2247 2264 2553 2246
2247 1975 2264 2265
2247 1975 2264 2246
2247 2229 1940 2246
2247 2230 2229 1940
2247 1975 1958 1957
2247 1975 2246 1957
2247 2230 1940 1958
2247 1940 1958 1957
2247 1940 2246 1957
3893 3877 4183 3876
3893 3605 3877 3876
3893 4183 4182 3876
3893 3605 3587 3604
3893 3605 3587 3876
3893 4200 4183 4182
3893 3910 4200 3911
3893 3910 4200 4182
3893 3910 3911 3621
3893 3605 3622 3604
3893 3622 3621 3604
3893 3911 3622 3621
3894 3878 3877 4183
3894 3893 3877 4183
3894 3893 3605 3877
3894 3605 3877 3588
3894 3878 3877 3588
3894 3878 4183 4184
3894 3895 3878 4184
3894 3895 3878 3588
3894 3893 4200 3911
3894 3893 4200 4183
3894 3893 3911 3622
3894 3893 3605 3622
3894 3895 4184 3912
3894 3605 3606 3588
3894 3895 3606 3588
3894 4200 4184 3912
3894 4200 4183 4184
3894 4200 3911 3912
3894 3605 3606 3622
3894 3911 3622 3623
3894 3911 3912 3623
3894 3895 3912 3623
3894 3606 3622 3623
3894 3895 3606 3623
2707 2724 3012 2723
2707 3013 2724 3012
2707 3013 2996 3012
2707 2995 3012 2723
2707 2996 2995 3012
2707 2417 2724 2723
2707 3013 2724 2725
2707 2995 2706 2723
2707 2996 2995 2706
2707 2996 2706 2690
2707 2996 2997 2690
2707 3013 2996 2997
2707 2417 2706 2723
2707 2417 2418 2724
2707 2418 2724 2725
2707 3013 2997 2725
2707 2706 2401 2690
2707 2417 2706 2401
2707 2418 2401 2690
2707 2417 2418 2401
2707 2418 2708 2690
2707 2418 2708 2725
2707 2708 2997 2690
2707 2708 2997 2725
3915 3916 3644 3932
3915 3916 3627 3644
3915 3626 3644 3932
3915 3627 3626 3644
3915 3627 3609 3626
3915 3627 3609 3899
3915 3916 3627 3899
3915 3625 3626 3932
3915 3625 3609 3626
3915 3625 3914 3932
3915 4204 3914 3932
3915 3898 3609 3899
3915 3625 3914 3897
3915 3625 3609 3897
3915 3898 3914 3897
3915 3898 3609 3897
3915 3916 4205 3899
3915 4204 3914 4187
3915 4204 4205 4187
3915 3898 3914 4187
4222 4206 3916 4205
4222 4204 4205 4494
4222 4223 3933 4239
4222 4223 4511 4239
4222 3916 3933 3934
4222 4223 3933 3934
4222 4206 3916 3934
4222 4206 4223 3934
4222 3916 3933 3932
4222 3915 3916 4205
4222 3915 4204 4205
4222 4511 4494 4510
4222 4204 4494 4510
4222 3933 4221 4239
4222 4511 4221 4239
4222 3933 4221 3932
4222 4204 4221 3932
4222 4511 4221 4510
4222 4204 4221 4510
4222 3915 3916 3932
4222 3915 4204 3932
4678 4679 4406 4696
4678 4679 4390 4406
4373 4374 4356 4084
4373 4372 4356 4084
4373 4390 4374 4084
4373 4372 4390 4084
4373 4390 4662 4374
4373 4374 4356 4645
4373 4662 4374 4645
4373 4372 4355 4356
4373 4355 4356 4645
4373 4678 4679 4662
4373 4679 4390 4662
4373 4678 4679 4390
4100 4390 4406 4101
4100 4372 4390 4101
4100 4117 4406 4101
4100 4117 4101 3811
4100 4117 4099 3811
4100 4082 4099 3811
4100 4082 4099 4388
4100 4082 4371 4388
4100 4372 4082 4371
4083 3776 4082 3793
4083 4082 3793 3811
4083 3776 3794 3793
4083 3776 4082 4065
4083 4372 4082 4065
4083 3794 3793 3811
4083 4100 4082 3811
4083 4100 4372 4082
4083 3776 4065 4066
4083 4372 4065 4066
4083 4100 4101 3811
4083 4100 4372 4101
4083 3776 3777 4066
4083 3776 3794 3777
4083 4372 4101 4084
4083 3778 3777 4066
4083 3778 3794 3777
4083 4372 4356 4066
4083 4372 4356 4084
4083 3778 4067 4066
4083 4067 4356 4066
4083 4067 4356 4084
3509 3781 3798 3491
3509 3781 3798 3799
3509 3526 3799 3510
3509 3526 3798 3799
3509 3493 3799 3510
3509 3781 3493 3799
3509 3798 3508 3491
3509 3798 3508 3525
3509 3526 3798 3525
3509 3508 3220 3491
3509 3508 3525 3220
3509 3237 3510 3220
3509 3237 3525 3220
3509 3526 3237 3510
3509 3526 3237 3525
4644 4338 4355 4645
4644 4627 4338 4645
4644 4627 4338 4355
4644 4355 4643 4626
4644 4627 4355 4626
4644 4373 4355 4645
4644 4373 4662 4645
2333 2315 2026 2027
2333 2332 2315 2026
2333 2043 2026 2027
2333 2332 2043 2026
2333 2315 2316 2027
2333 2316 2045 2027
2333 2622 2315 2316
2333 2332 2622 2315
2333 2044 2045 2027
2333 2043 2044 2027
2333 2044 2061 2045
2333 2043 2044 2061
2333 2350 2061 2045
2333 2043 2060 2061
2333 2332 2043 2060
2333 2334 2316 2045
2333 2622 2334 2316
2333 2350 2349 2061
2333 2060 2349 2061
2333 2332 2060 2349
2333 2334 2350 2045
2333 2332 2622 2639
2333 2350 2349 2639
2333 2332 2349 2639
2333 2334 2350 2639
2333 2622 2334 2639
4405 4694 4711 4422
4405 4423 4711 4422
4405 4423 4406 4134
4405 4694 4404 4422
4405 4694 4404 4388
4405 4423 4134 4133
4405 4423 4422 4133
4405 4404 4116 4422
4405 4404 4116 4388
4405 4116 4134 4133
4405 4116 4422 4133
4405 4117 4406 4134
4405 4117 4116 4134
4405 4100 4117 4406
4405 4116 4099 4388
4405 4117 4116 4099
4405 4100 4099 4388
4405 4100 4117 4099
4676 4387 4675 4693
4676 4370 4387 4675
4676 4370 4387 4388
4676 4694 4404 4388
4676 4694 4404 4693
4676 4387 4404 4388
4676 4387 4404 4693
4424 4713 4712 4696
4424 4423 4712 4441
4424 4406 4407 4696
4424 4406 4135 4407
4424 4406 4135 4134
4424 4423 4135 4134
4424 4423 4406 4134
4424 4425 4441 4135
4424 4423 4441 4135
4424 4713 4712 4730
4424 4712 4441 4730
4424 4425 4441 4730
4424 4713 4425 4730
4424 4713 4697 4696
4424 4697 4407 4696
4424 4135 4408 4407
4424 4425 4135 4408
4424 4713 4425 4408
4424 4697 4408 4407
4424 4713 4697 4408
4138 3849 4122 4139
4138 3849 4122 4121
4138 4122 4139 4427
4138 4122 4410 4427
4138 4122 4121 4410
4138 3849 4120 4121
4138 4120 4121 4410
4138 3849 4155 4139
4138 3849 4155 4137
4138 4410 4426 4427
4138 4120 4410 4426
4138 4445 4139 4427
4138 4120 4137 4426
4138 3849 4120 4137
4138 4445 4155 4139
4138 4426 4427 4443
4138 4445 4427 4443
4138 4137 4154 4426
4138 4155 4137 4154
4138 4154 4426 4443
4138 4444 4155 4154
4138 4444 4445 4155
4138 4444 4154 4443
4138 4444 4445 4443
4291 4580 4562 4290
4291 4580 4274 4562
4291 4273 4562 4290
4291 4273 4274 4562
4291 4273 3984 4274
4291 4273 4001 4290
4291 4273 4001 3984
4291 3985 3984 4274
4291 4308 4003 4002
4291 3985 4002 3986
4291 3985 4274 3986
4291 4308 4001 4290
4291 4308 4001 4002
4291 3985 4001 4002
4291 3985 4001 3984
4291 4308 4003 4309
4581 4579 4290 4597
4581 4580 4579 4290
4581 4291 4580 4290
4581 4579 4869 4597
4581 4580 4579 4869
4581 4580 4869 4870
4581 4308 4290 4597
4581 4308 4309 4597
4581 4291 4308 4290
4581 4291 4308 4309
4581 4869 4887 4870
4581 4869 4887 4597
4581 4309 4598 4597
4581 4598 4887 4597
4581 4598 4887 4870
4581 4582 4598 4870
4581 4309 4582 4598
4581 4582 4870 4564
4581 4580 4870 4564
4581 4309 4582 4293
4785 4512 4802 4513
4785 4786 4513 4497
4785 4786 4513 4803
4785 4802 4513 4803
4785 4769 4497 4768
4785 4786 4769 4497
4496 4767 4479 4768
4496 4785 4512 4513
4496 4206 4224 4207
4496 4512 4224 4513
4496 4479 4480 4768
4496 4785 4513 4497
4496 4224 4208 4207
4496 4206 4190 4207
4496 4206 4190 4479
4496 4224 4208 4513
4496 4480 4497 4768
4496 4785 4497 4768
4496 4208 4513 4497
4496 4208 4480 4497
4496 4208 4480 4207
4496 4190 4480 4207
4496 4190 4479 4480
4189 4477 4205 4478
4189 4477 4461 4478
4189 4461 4478 4479
4189 4477 4461 4171
4189 4461 4172 4479
4189 4461 4172 4171
4189 4206 4190 3900
4189 4206 4190 4479
4189 4206 3917 3900
4189 4206 4205 3917
4189 4172 4190 3900
4189 4172 4190 4479
4189 3883 4171 3899
4189 4172 3883 4171
4189 3917 3899 3900
4189 4205 3917 3899
4189 3883 3899 3900
4189 4172 3883 3900
4188 4493 4205 4187
4188 4477 4493 4187
4188 4477 4493 4205
4188 3898 4170 4187
4188 4170 4187 4476
4188 4477 4187 4476
4188 4477 4170 4476
4188 3915 4205 4187
4188 3915 3898 4187
4188 4189 4477 4171
4188 4189 4477 4205
4188 4170 4460 4171
4188 4477 4460 4171
4188 4477 4170 4460
4188 3915 4205 3899
4188 3915 3898 3899
4188 3898 3899 3882
4188 3898 4170 3882
4188 4189 4171 3899
4188 4189 4205 3899
4188 4171 3899 3882
4188 4170 4171 3882
4451 4450 4723 4740
4451 4434 4435 4145
4451 4434 4433 4145
4451 4467 4450 4740
4451 4162 4145 4161
4451 4724 4723 4740
4451 4434 4724 4723
4451 4433 4450 4723
4451 4434 4433 4723
4451 4434 4435 4724
4451 4433 4161 4450
4451 4433 4145 4161
4451 4467 4468 4740
4451 4162 4467 4468
4451 4467 4161 4450
4451 4162 4467 4161
4451 4162 4452 4468
4451 4162 4145 4163
4451 4162 4452 4163
4451 4452 4741 4435
4451 4435 4145 4163
4451 4452 4435 4163
4451 4741 4724 4740
4451 4741 4435 4724
4451 4741 4468 4740
4451 4452 4741 4468
4475 4474 4780 4763
4475 4474 4491 4780
4475 4781 4780 4763
4475 4781 4491 4780
4475 4781 4491 4492
4475 4203 4491 4492
4475 4474 4203 4491
4475 4781 4763 4764
4475 4781 4492 4764
4475 4457 4763 4764
4475 4474 4457 4763
4475 4457 4458 4764
4475 4492 4476 4764
4475 4458 4476 4764
4475 4203 4492 4187
4475 4474 4203 4185
4475 4474 4457 4185
4475 4492 4187 4476
4475 4458 4187 4476
4475 4458 4186 4187
4475 4203 4186 4187
4475 4458 4186 4185
4475 4203 4186 4185
4475 4458 4185 4168
4475 4457 4185 4168
4475 4457 4458 4168
4490 4474 4491 4201
4490 4474 4491 4779
4490 4491 4507 4201
4490 4491 4507 4779
4490 4489 4184 4201
4490 4474 4184 4201
4490 4474 4762 4779
4490 4217 4507 4201
4490 4506 4217 4507
4490 4507 4795 4779
4490 4506 4507 4795
4490 4489 4217 4201
4490 4489 4506 4217
4490 4489 4778 4506
4490 4489 4473 4184
4490 4474 4473 4184
4490 4761 4762 4779
4490 4474 4762 4473
4490 4778 4795 4779
4490 4778 4506 4795
4490 4761 4778 4779
4490 4761 4489 4778
4490 4761 4762 4473
4490 4761 4489 4473
4256 4273 3984 4255
4256 4273 4545 4255
4256 3984 3966 4255
4256 4273 4545 4562
4256 4546 4545 4562
4256 4273 4274 4562
4256 4273 3984 4274
4256 4238 3966 4239
4256 4238 3966 4255
4256 4545 4255 4527
4256 4546 4274 4562
4256 4238 4239 4527
4256 4238 4255 4527
4256 4528 4239 4527
4256 4528 4545 4527
4256 3950 3966 4239
4256 3950 4240 4239
4256 4528 4240 4239
4256 4528 4546 4240
4256 4528 4546 4545
3967 3966 3983 3677
3967 3695 3983 3677
3967 3695 3678 3677
3967 3984 3966 3983
3967 3695 3984 3983
3967 3966 3677 3949
3967 3677 3661 3949
3967 3678 3677 3661
3967 3695 3696 3678
3967 3968 3696 3678
3967 3985 3695 3984
3967 3950 3661 3949
3967 3950 3966 3949
3967 3968 3678 3661
3967 3968 3950 3661
3967 3985 3695 3696
3967 3968 3985 3696
3967 4256 3950 3966
3967 4256 3984 3966
2824 3112 3113 3095
2824 3112 2823 3095
2824 2823 3095 2807
2824 3112 2823 2840
2824 3095 3096 2807
2824 3113 3095 3096
2824 3112 3129 2840
2824 3112 3129 3113
2824 2825 3096 2807
2824 3113 2825 3096
2824 2535 2825 2807
2824 2823 2535 2807
2824 2823 2535 2534
2824 2823 2840 2534
2824 2841 3129 2840
2824 2841 3129 3113
2824 2841 2535 2825
2824 2841 3113 2825
2822 3112 2823 2840
2822 3112 2839 2840
2822 2823 2805 2516
2822 2806 2823 2805
2822 3112 2806 2823
2822 3112 2839 3111
2822 3094 2806 2805
2822 3094 3112 2806
2822 3094 3112 3111
2280 2568 2279 2296
2280 2279 2007 2296
2280 2279 2007 1990
2280 2264 1991 1974
2280 2008 1991 1990
2280 2008 2007 1990
2280 1991 1974 1990
2280 1973 1974 1990
2280 1973 2279 1990
3751 3445 3461 3462
3751 3734 4040 3750
3751 3461 3733 3750
3751 3445 3461 3733
3751 3734 3733 3750
3751 3734 3445 3733
3751 3734 3735 4040
3751 3734 3445 3735
3751 3445 3752 3463
3751 3445 3462 3463
3751 3735 4040 3752
3751 3445 3735 3752
3422 3710 3438 3728
3422 3439 3438 3728
3422 3710 3728 3711
3422 3439 3150 3438
3422 3729 3728 3711
3422 3439 3729 3728
3422 3421 3150 3438
3422 3421 3710 3438
3422 3729 3712 3711
3422 3404 3421 3710
3422 3729 3440 3712
3422 3439 3729 3440
3422 3423 3440 3712
3422 3423 3151 3440
3422 3439 3151 3440
3422 3151 3133 3150
3422 3423 3151 3133
3422 3439 3151 3150
4000 3982 3983 3711
4000 3982 3999 3711
4000 4001 3983 3711
4000 4001 4289 3983
4000 3999 4017 3711
4000 4289 3983 4272
4000 3983 4271 4272
4000 3982 3983 4271
4000 3982 3999 4288
4000 4001 4017 3711
4000 4001 4017 4289
4000 4288 4271 4272
4000 3982 4288 4271
4000 3999 4288 4016
4000 3999 4017 4016
4000 4288 4577 4272
4000 4289 4577 4272
4000 4288 4306 4016
4000 4017 4306 4016
4000 4017 4289 4306
4000 4288 4306 4577
4000 4289 4306 4577
844 1134 845 862
844 555 845 862
844 861 1134 862
844 861 555 862
844 1134 845 828
844 861 1134 1132
844 556 845 828
844 555 556 845
844 555 556 538
844 827 1116 828
844 1134 1116 828
844 826 1116 1132
844 1134 1116 1132
844 556 539 828
844 556 539 538
844 827 539 828
844 827 539 538
844 827 826 1116
844 827 826 538
1131 1130 859 842
1131 1130 1148 859
1131 1148 860 859
1131 860 859 842
1131 1130 1148 1420
1131 1130 1114 842
1131 1130 1114 1420
1131 1148 860 1149
1131 860 1149 1132
1131 1114 1420 1115
1131 1420 1421 1115
1131 1148 1420 1421
1131 826 1132 1115
1131 1421 1132 1115
1131 1421 1149 1132
1131 1148 1421 1149
1131 1114 826 1115
1131 825 826 842
1131 1114 825 842
1131 1114 825 826
524 235 218 236
524 218 508 236
524 507 218 508
524 235 507 218
524 508 236 525
524 813 508 525
524 813 507 508
524 235 253 236
524 253 236 525
524 813 525 831
524 813 541 831
524 235 253 252
524 253 541 252
524 542 525 831
524 253 542 525
524 541 542 831
524 253 541 542
234 507 218 217
234 235 507 218
234 507 506 217
234 522 506 233
234 506 216 217
234 506 216 233
234 522 251 233
1357 1356 1068 1340
1357 1356 1374 1068
1357 1068 1358 1340
1357 1374 1068 1358
1357 1647 1358 1340
1357 1356 1645 1340
1357 1374 1646 1662
1357 1356 1374 1662
1357 1647 1358 1375
1357 1374 1358 1375
1357 1647 1629 1340
1357 1647 1629 1646
1357 1647 1646 1375
1357 1374 1646 1375
1357 1629 1645 1340
1357 1629 1646 1645
1357 1646 1645 1662
1357 1356 1645 1662
1996 2284 2268 1978
1996 1995 2284 1978
1996 1979 2268 1978
1996 1995 1979 1978
1996 2285 2284 2268
1996 1979 2269 2268
1996 1997 1979 2269
1996 1997 1707 1979
1996 1995 1707 1979
1996 2269 2285 2268
1996 1997 2269 2285
1996 2285 2284 2302
1996 1997 2285 2302
1996 2301 2284 2302
2012 1994 2301 2284
2012 1995 1994 2284
2012 1996 2301 2284
2012 1996 1995 2284
2012 1995 2011 1994
2012 1996 2301 2302
2012 1994 2301 2300
2012 2011 1994 2300
2012 1995 2011 1723
2012 1724 1995 1723
1419 1724 1436 1435
1419 1724 1707 1435
1419 1724 1436 1725
1419 1724 1707 1725
1419 1707 1418 1435
1419 1401 1707 1418
1419 1707 1708 1725
1419 1436 1708 1725
1419 1401 1129 1418
1419 1146 1436 1435
1419 1401 1402 1691
1419 1401 1707 1691
1419 1146 1418 1435
1419 1146 1129 1418
1419 1146 1436 1147
1419 1130 1113 1129
1419 1401 1113 1129
1419 1708 1402 1691
1419 1707 1708 1691
1419 1708 1420 1402
1419 1436 1708 1420
1419 1113 1420 1402
1419 1401 1113 1402
1419 1146 1130 1147
1419 1146 1130 1129
1419 1436 1420 1147
1419 1130 1420 1147
1419 1130 1113 1420
754 755 772 465
754 755 737 465
754 753 737 465
754 1044 772 1061
754 755 737 1027
754 755 772 756
754 1044 772 756
754 755 1027 756
754 1044 1027 756
1040 1058 1057 1346
1040 1058 768 1057
1040 1329 1039 1346
1040 1057 1039 1346
1040 768 1057 1039
1040 1330 1329 1346
1040 1058 1330 1346
1040 1023 1329 1039
1040 1023 750 1039
1040 768 750 1039
1040 1023 751 750
1040 768 751 750
1316 1044 1028 1027
1316 1028 1027 1299
1316 1028 1299 1300
1316 1028 1317 1300
1316 1605 1317 1300
1316 1028 1334 1317
1316 1044 1028 1334
1316 1605 1334 1317
1316 1027 1009 1299
1316 1315 1027 1009
1316 1588 1299 1300
1316 1605 1588 1300
1316 1332 1605 1333
1316 1605 1333 1334
1316 1044 1333 1334
1316 1298 1009 1299
1316 1315 1298 1009
1316 1298 1588 1299
1316 1315 1298 1604
1316 1332 1605 1604
1316 1332 1315 1604
1316 1298 1588 1604
1316 1605 1588 1604
577 576 559 288
577 576 559 866
577 560 559 288
849 543 542 832
849 560 543 542
849 542 832 831
849 848 542 831
849 559 848 542
849 560 559 542
849 1120 832 831
849 1120 848 831
849 1121 1120 832
849 1121 1120 1138
849 1120 1138 1137
849 1120 848 1137
849 1138 1137 866
849 559 866 865
849 559 848 865
849 577 559 866
849 577 560 559
849 1137 866 865
849 848 1137 865
558 270 559 542
558 270 541 542
558 559 848 542
558 847 848 542
558 541 847 542
558 576 559 848
558 576 559 287
558 270 559 287
558 541 847 557
558 847 846 557
558 847 848 846
558 864 848 846
558 576 864 848
1442 1443 1731 1715
1442 1443 1425 1715
1442 1731 1714 1715
1442 1425 1714 1715
1442 1425 1714 1441
1442 1425 1153 1441
1442 1730 1714 1441
1442 1730 1731 1714
1442 1425 1154 1153
1442 1443 1425 1154
2843 3149 2859 3131
2843 2860 3149 2859
2843 2859 2842 3131
2843 2842 3115 3131
2843 2826 2842 3115
2843 2860 2859 2571
2843 2860 2844 2571
2843 2826 2554 2842
2843 2826 2554 2844
2843 2859 2570 2842
2843 2554 2570 2842
2843 2554 2844 2571
2843 2859 2570 2571
2843 2554 2570 2571
2552 2858 2841 2857
2552 2551 2840 2857
2552 2841 2840 2857
2552 2568 2551 2857
2552 2858 2568 2857
2552 2551 2840 2534
2552 2824 2840 2534
2552 2824 2841 2840
2552 2841 2553 2570
2552 2858 2841 2570
2552 2824 2535 2534
2552 2824 2841 2535
2552 2841 2553 2535
2569 2587 2570 2281
2569 2587 2858 2570
2569 2552 2858 2570
2569 2552 2858 2568
2569 2553 2570 2281
2569 2264 2553 2281
2569 2264 1991 2281
2569 2280 2264 1991
2569 2298 1991 2281
2569 2587 2298 2281
2569 2552 2553 2570
2876 2588 2859 2570
2876 2587 2588 2570
2876 2858 2859 2570
2876 2587 2858 2570
2876 2877 2588 2859
2876 2858 3148 2875
2876 2858 3148 2859
2876 2877 2859 3165
2876 3148 3165 2875
2876 3148 2859 3165
3674 3402 3692 3691
3674 3692 3691 3981
3674 3675 3692 3981
3674 3675 3386 3385
3674 3675 3692 3386
3674 3402 3385 3384
3674 3402 3386 3385
3674 3402 3692 3386
3674 3673 3385 3384
3674 3963 3673 3691
3674 3657 3673 3385
3674 3675 3657 3385
3674 3963 3691 3981
3674 3675 3963 3981
3674 3402 3401 3691
3674 3402 3401 3384
3674 3673 3690 3691
3674 3673 3690 3384
3674 3657 3963 3673
3674 3675 3657 3963
3674 3690 3401 3691
3674 3690 3401 3384
1959 2249 2266 2248
1959 2249 1960 2266
1959 2266 2248 2265
1959 2249 2231 2248
1959 2230 2231 2248
1959 2249 2231 1943
1959 2249 1960 1943
1959 2247 2248 2265
1959 2247 1975 1958
1959 2247 1975 2265
1959 2247 2230 1958
1959 2247 2230 2248
3714 4003 4002 3986
3714 3697 4002 3986
3714 4003 3986 4004
3714 4019 4003 4002
3714 3986 4004 3987
3714 3697 3986 3987
3714 4003 4021 4004
3714 4003 4021 4020
1380 1652 1364 1363
1380 1074 1364 1363
1380 1652 1363 1362
1380 1074 1363 1362
1380 1074 1073 1362
1380 1074 1091 1073
1380 1379 1073 1362
1380 1379 1091 1073
2010 1993 2299 2300
2010 1993 2011 2300
2010 1993 2298 2009
2010 1993 2298 2299
2010 1993 1992 2009
1976 2283 1994 1977
1976 2283 1993 1994
1976 2283 2266 1977
1976 2283 2266 2265
1976 1686 1975 1992
1976 1960 2266 1977
1976 2283 2282 2265
1976 2283 1993 2282
1976 1959 1975 2265
1976 1975 2264 2265
1976 1975 2264 1992
1976 1959 2266 2265
1976 1959 1960 2266
1976 2282 2265 2281
1976 1993 2282 2281
1976 2264 2265 2281
1976 2264 1992 2281
1976 1993 1992 2281
1706 1722 1434 1723
1706 1434 1418 1723
1706 1707 1418 1723
1706 1995 1707 1723
1706 1707 1418 1689
1706 1995 1707 1689
1705 1722 2011 1723
1705 1995 2011 1723
1705 1706 1995 1723
1705 1706 1722 1723
1705 1995 2011 1994
1705 1995 1994 1977
1705 1995 1977 1689
1705 1706 1995 1689
1705 1993 2011 1994
1705 1976 1994 1977
1705 1976 1688 1977
1705 1688 1977 1689
1705 1706 1688 1689
1705 1976 1993 1994
1705 2010 1993 2011
2555 2283 2267 2573
2555 2267 2556 2573
2555 2267 2556 2538
2555 2266 2267 2538
2555 2283 2266 2267
2555 2844 2556 2573
2555 2844 2556 2538
2555 2844 2573 2572
2555 2283 2573 2572
2555 2554 2844 2538
2555 2266 2538 2265
2555 2283 2266 2265
2555 2283 2282 2572
2555 2554 2538 2265
2555 2844 2571 2572
2555 2282 2571 2572
2555 2282 2554 2265
2555 2283 2282 2265
2555 2554 2844 2571
2555 2282 2554 2571
2838 2837 2821 3110
2838 2837 3127 3110
2838 2837 2549 2821
2838 2855 2549 2565
2838 2837 2549 2565
2838 2837 2855 2565
2838 2837 3127 3144
2838 2837 2855 3144
2548 2837 2821 2820
2548 2837 2549 2821
2548 2549 2821 2532
2548 2821 2820 2532
2548 2820 2531 2532
2548 2530 2820 2531
2548 2259 2531 2532
2548 2549 2259 2532
2548 2837 2549 2565
2548 2530 2242 2531
2548 2530 2242 2547
2548 2565 2259 2547
2548 2549 2565 2259
2548 2242 2259 2531
2548 2242 2259 2547
2819 2837 2820 3109
2819 2820 3109 2802
2819 3108 3109 2802
2819 3415 3108 3109
2819 3415 2837 3109
2819 2818 3108 2802
2819 3125 2818 3108
2819 2530 2820 2802
2819 2530 2818 2802
2819 3415 3414 3108
2819 3125 3414 3108
2819 3415 2837 3126
2819 2548 2530 2820
2819 2548 2837 2820
2819 3415 3414 3126
2819 3125 3414 3126
1383 1367 1384 1673
1383 1384 1400 1690
1383 1384 1673 1690
1383 1384 1094 1400
1383 1672 1400 1690
1383 1672 1673 1690
1383 1671 1672 1400
1383 1093 1094 1400
1383 1671 1382 1400
1383 1382 1093 1365
2655 2944 2961 2943
2655 2654 2961 2943
2655 2944 2961 2672
2655 2654 2961 2672
2655 2944 2927 2943
2655 2654 2638 2366
2655 2654 2366 2672
2655 2927 2638 2928
2655 2944 2927 2928
2655 2927 2926 2943
2655 2654 2926 2943
2655 2927 2638 2926
2655 2654 2638 2926
2655 2656 2366 2672
2655 2656 2639 2928
2655 2638 2639 2928
2655 2945 2656 2928
2655 2944 2945 2928
2655 2656 2366 2349
2655 2638 2366 2349
2655 2945 2656 2672
2655 2944 2945 2672
2655 2656 2349 2639
2655 2638 2349 2639
1348 1636 1330 1620
1348 1637 1636 1620
1348 1638 1637 1620
1348 1638 1637 1654
1348 1331 1330 1620
1348 1332 1331 1620
1348 1332 1638 1620
1348 1332 1638 1349
1670 1653 1652 1364
1670 1380 1652 1364
1670 1653 1364 1654
1670 1382 1364 1654
1670 1960 1943 1654
1670 1671 1960 1654
1670 1671 1382 1654
1399 1382 1688 1400
1399 1093 1094 1400
1399 1093 1094 1110
1399 1383 1093 1400
1399 1383 1382 1400
1399 1383 1382 1093
1399 1093 1092 1110
1399 1382 1093 1092
1399 1094 1400 1111
1399 1094 1110 1111
1398 1399 1382 1092
1398 1399 1382 1688
819 836 530 818
819 836 1107 818
819 1090 818 801
819 1090 1091 801
819 818 801 513
819 530 818 513
819 1091 802 801
819 1090 1107 818
819 802 801 513
819 514 802 513
819 514 530 513
1042 1026 1315 1025
1042 1026 753 1025
1042 1315 1314 1025
1042 1331 1314 1025
1042 1331 1315 1314
1042 1332 1331 1315
1042 753 752 1025
1042 770 753 752
787 770 481 786
787 770 1076 786
787 481 786 498
787 786 498 804
787 1076 786 804
787 805 498 804
787 481 498 499
787 805 498 499
787 788 805 499
153 137 426 136
153 154 137 426
153 425 426 136
153 442 425 426
153 442 443 426
153 154 443 426
153 442 443 459
153 170 443 459
153 154 171 443
153 170 171 443
1668 1378 1650 1651
1668 1380 1396 1379
1668 1940 1650 1651
1668 1940 1650 1957
1668 1379 1378 1362
1668 1380 1379 1362
1668 1652 1940 1651
1668 1378 1362 1651
1668 1940 1958 1957
1668 1652 1940 1958
1668 1652 1362 1651
1668 1380 1652 1362
1669 1685 1686 1975
1669 1975 1958 1957
1669 1685 1975 1957
1669 1668 1958 1957
1669 1668 1685 1957
1669 1670 1652 1958
1669 1670 1380 1652
1669 1668 1652 1958
1669 1668 1380 1652
1669 1668 1396 1685
1669 1668 1380 1396
1108 1379 1090 1107
1108 1379 1090 1091
1108 819 1090 1107
1108 819 1090 1091
1108 1396 1379 1107
1108 1380 1379 1091
1108 1380 1396 1379
1412 1429 1428 1411
1412 1394 1395 1411
835 851 562 563
835 851 852 563
835 547 546 563
835 852 547 563
835 836 547 546
835 836 852 547
835 836 1124 852
835 836 1124 1107
835 528 546 818
835 836 546 818
835 836 1107 818
850 851 561 544
850 851 833 544
545 256 257 239
545 256 528 239
545 240 257 239
545 240 529 239
545 528 529 239
545 240 546 257
545 835 528 546
545 240 529 546
545 528 529 546
545 546 257 563
545 835 546 563
545 256 257 273
545 835 562 563
545 256 562 544
545 256 528 544
545 835 851 562
545 273 274 563
545 257 273 274
545 257 274 563
545 562 273 563
545 256 562 273
545 851 562 544
3492 3186 3475 3187
3492 3186 3204 3187
3492 3475 3476 3187
3492 3476 3204 3187
3492 3186 3203 3204
3492 3493 3476 3204
3492 3186 3202 3203
3492 3186 3475 3202
3492 3475 3476 3764
3492 3203 3204 3220
3492 3202 3203 3220
3492 3475 3202 3491
3492 3493 3510 3204
3492 3509 3493 3510
3492 3765 3476 3764
3492 3493 3765 3476
3492 3510 3204 3220
3492 3509 3510 3220
3492 3509 3781 3491
3492 3509 3781 3493
3492 3781 3765 3764
3492 3781 3493 3765
3492 3475 3764 3491
3492 3781 3764 3491
3492 3202 3220 3491
3492 3509 3220 3491
3185 3202 2897 2896
3185 3186 3202 2897
3185 2912 2896 3184
3185 2912 3202 2896
3185 3186 3475 3202
3185 2912 3201 3184
3185 2912 3202 3201
2377 2376 2393 2088
2377 2394 2393 2088
2377 2376 2682 2393
2377 2394 2682 2393
2377 2376 2360 2088
2377 2376 2682 2665
2377 2666 2665 2360
2377 2665 2360 2359
2377 2376 2360 2359
2377 2376 2665 2359
2377 2394 2395 2088
2377 2666 2682 2665
2377 2378 2360 2088
2377 2395 2378 2088
2377 2667 2395 2378
2377 2667 2378 2360
2377 2666 2667 2360
2683 2990 2700 2989
2683 2973 2990 2989
2683 2394 2682 2700
2683 2377 2394 2682
2683 2377 2667 2395
2683 2377 2394 2395
2683 2971 2972 2989
2683 2971 2700 2989
2683 2972 3262 2989
2683 2973 3262 2989
2683 2973 2972 3262
2683 2682 2971 2972
2683 2682 2971 2700
2683 2666 2682 2972
2683 2377 2666 2682
2683 2973 2955 2972
2683 2973 2667 2955
2683 2377 2666 2667
2683 2666 2955 2972
2683 2666 2667 2955
3513 3531 3819 3530
3513 3241 3531 3530
3513 3224 3241 3530
3513 3818 3819 3530
3513 3818 3802 3819
3513 3531 3819 3803
3513 3802 3819 3803
3513 3225 3241 3531
3513 3224 3225 3241
3513 3529 3224 3530
3513 3529 3224 3512
3513 3529 3818 3530
3513 3802 3803 3786
3513 3529 3512 3801
3513 3802 3785 3786
3513 3801 3802 3785
3513 3512 3801 3785
3513 3512 3496 3785
3513 3801 3818 3802
3513 3529 3801 3818
3513 3803 3786 3514
3513 3531 3803 3514
3513 3496 3785 3786
3513 3512 3496 3207
3513 3224 3512 3207
3513 3496 3786 3514
3513 3225 3531 3514
3513 3225 3496 3514
3513 3225 3496 3207
3513 3224 3225 3207
2085 2084 1778 1796
2085 2068 2084 1778
2085 1779 1778 1796
2085 2068 1779 1778
2085 1779 1797 1796
2085 2068 2069 2086
2085 2068 1779 2069
2085 2084 1796 1813
2085 2084 2102 1813
2085 1797 1796 1814
2085 1797 2086 1814
2085 2069 1797 2086
2085 1779 2069 1797
2085 1796 1814 1813
2085 2102 1814 1813
2085 2086 1814 2103
2085 2102 1814 2103
2085 2102 2086 2103
2374 2358 2086 2375
2374 2358 2663 2375
2374 2102 2086 2375
2374 2358 2068 2086
2374 2102 2391 2375
2374 2663 2391 2375
2374 2358 2663 2646
2374 2085 2102 2086
2374 2085 2068 2086
2374 2358 2357 2646
2374 2358 2068 2357
2374 2102 2390 2391
2374 2663 2391 2662
2374 2085 2084 2102
2374 2085 2068 2084
2374 2068 2373 2084
2374 2663 2646 2662
2374 2390 2391 2662
2374 2373 2390 2662
2374 2084 2102 2390
2374 2373 2084 2390
2374 2356 2646 2662
2374 2373 2356 2662
2374 2357 2356 2646
2374 2068 2357 2356
2374 2068 2373 2356
2388 2099 2387 2081
2388 2081 2370 2371
2388 2387 2081 2370
2388 2082 2081 2371
2388 2099 2082 2081
2388 2370 2660 2371
2388 2082 2100 2371
2388 2099 2082 2100
2388 2660 2371 2372
2388 2676 2370 2660
2388 2387 2676 2370
2388 2100 2371 2372
2388 2676 2660 2677
2388 2387 2404 2676
2388 2099 2387 2404
2388 2389 2100 2372
2388 2389 2660 2372
2388 2389 2660 2677
2388 2404 2676 2677
2388 2389 2100 2406
2388 2099 2100 2406
2388 2389 2406 2677
2388 2404 2405 2677
2388 2099 2404 2405
2388 2405 2406 2677
2388 2099 2405 2406
4818 4835 4546 4836
4818 4546 4547 4836
4818 4546 4547 4529
4818 4835 4546 4817
4818 4547 4819 4836
4818 4547 4819 4529
4818 4528 4546 4529
4818 4528 4546 4817
4818 4528 4801 4529
4818 4528 4801 4817
4818 4802 4819 4529
4818 4802 4801 4529
3731 3748 4020 4037
3731 4019 4003 4020
3731 3714 4003 4020
3731 3714 4019 4003
4036 4018 4325 4035
4036 4018 4019 3730
4036 4325 4020 4037
4036 4018 4308 4325
4036 4018 4308 4019
4036 4018 3746 4035
4036 3731 3748 4037
4036 3731 3748 3747
4036 3731 4020 4037
4036 3731 4019 4020
4036 3731 3747 3730
4036 3731 4019 3730
4036 3746 3747 3730
4036 4018 3746 3730
4036 4308 4325 4020
4036 4308 4019 4020
3732 3733 4022 3750
3732 3749 3733 3750
3732 4005 4021 4022
3732 3733 4005 4022
3732 3749 3443 3733
3732 4005 4021 4004
3732 3714 4021 4004
3732 3714 4021 4020
3732 3731 3714 4020
3732 3731 3748 4020
3153 3443 3154 3460
3153 3137 3154 3136
3153 3137 3443 3154
3153 3441 3424 3136
3153 3459 3460 3170
3153 3154 2864 3170
3153 3154 2864 3136
3153 3171 3460 3170
3153 3171 3154 3170
3153 3171 3154 3460
3153 3459 3169 3170
3153 3459 3441 3169
3153 2864 3136 3152
3153 3441 3136 3152
3153 3441 3169 3152
3153 2864 3169 3152
3153 2864 3169 3170
3427 3137 3121 3426
3427 3137 3443 3426
3427 3410 3121 3426
3427 3445 3156 3139
3427 3411 3121 3139
3427 3410 3411 3121
3427 3445 3428 3139
3427 3411 3428 3139
3427 3410 3411 3428
4231 3924 4230 4213
4231 3924 3925 4213
4231 3925 4196 4213
4231 4214 4196 4213
4231 4214 3925 4196
4231 4214 3925 4215
4231 3942 3924 4230
4231 3924 3925 3653
4231 3942 3924 3653
4231 4232 3943 4215
4231 3942 4230 4248
4231 4232 3942 4248
4231 4232 3942 3943
4231 3942 3943 3653
4231 3926 3943 4215
4231 3926 3925 4215
4231 3926 3925 3653
4231 3926 3943 3653
3636 3908 3620 3909
3636 3908 3925 3909
3636 3926 3620 3909
3636 3926 3925 3909
3636 3926 3925 3653
3636 3926 3620 3637
3636 3926 3637 3653
3636 3620 3347 3637
3636 3330 3620 3347
3636 3908 3330 3620
3636 3924 3635 3653
3636 3924 3925 3653
3636 3637 3364 3653
3636 3347 3637 3364
3636 3635 3364 3653
3636 3347 3635 3364
3636 3347 3635 3619
3636 3330 3347 3619
3636 3908 3330 3619
3636 3924 3618 3635
3636 3618 3635 3619
3636 3908 3618 3619
3636 3908 3618 3907
3636 3908 3925 3907
3636 3924 3618 3907
3636 3924 3925 3907
2599 2581 2582 2888
2599 2292 2581 2582
2599 2582 2888 2600
2870 2597 2886 2887
2870 2597 2886 2869
2870 2886 2887 3175
2870 2597 2580 2869
2870 3158 2886 2869
2870 3158 2886 3175
2870 3158 3175 3159
2870 2887 3175 3176
2870 3175 3176 3159
2870 2581 2887 2871
2870 2580 2564 2869
2870 2581 2580 2564
2870 3158 3141 3159
2870 3158 3141 2869
2870 2853 2871 3159
2870 2871 3176 3159
2870 2887 2871 3176
2870 2581 2564 2871
2870 2853 3141 3159
2870 2853 3141 2869
2870 2853 2564 2869
2870 2853 2564 2871
2836 2853 2564 2852
2836 3125 2853 2852
2836 2546 2564 2852
2836 3125 3126 2853
2836 2835 2546 2852
2836 3125 2835 2852
2836 2546 2564 2547
2836 2835 2530 2546
2836 2564 2565 2547
2836 2530 2546 2547
2836 2854 2564 2565
2836 2853 2854 2564
2836 3126 2853 2854
2836 2819 3125 3126
2836 2835 2530 2818
2836 3125 2835 2818
2836 2837 2854 2565
2836 2837 3126 2854
2836 2819 2837 3126
2836 2819 2530 2818
2836 2819 3125 2818
2836 2548 2565 2547
2836 2548 2530 2547
2836 2819 2548 2530
2836 2548 2837 2565
2836 2819 2548 2837
3737 3738 3754 3448
3737 4026 3738 3754
3737 4026 3738 4010
3737 3448 3431 3449
3737 3738 3448 3449
3737 3719 3448 3431
3737 3720 3719 3431
3737 3720 3431 3721
3737 4026 4025 4009
3737 3720 4025 4009
3737 3738 4010 3721
3737 3720 4010 3721
3737 4026 4010 4009
3737 3720 4010 4009
3737 3431 3449 3721
3737 3738 3449 3721
4667 4378 4684 4683
4667 4666 4378 4683
4667 4668 4378 4684
4667 4362 4668 4378
4667 4362 4668 4650
4667 4666 4378 4377
4667 4362 4378 4377
4667 4362 4650 4377
4649 4377 4376 4360
4649 4666 4377 4376
4649 4667 4650 4377
4649 4667 4666 4377
4649 4343 4360 4632
4649 4376 4360 4648
4649 4666 4376 4648
4649 4360 4648 4632
4651 4634 4363 4345
4651 4362 4363 4345
4651 4362 4634 4345
4651 4363 4635 4652
4651 4634 4363 4635
4651 4362 4650 4634
4651 4669 4363 4652
4651 4362 4668 4650
4361 4362 4650 4344
4361 4362 4650 4377
4361 4649 4650 4377
4361 4362 4072 4377
4361 4649 4650 4633
4361 4650 4344 4633
4361 4072 4377 4071
4361 4362 4344 4073
4361 4362 4072 4073
4361 4344 4343 4632
4361 4649 4343 4632
4361 4649 4343 4360
4361 4649 4377 4360
4361 4344 4633 4632
4361 4649 4633 4632
4361 4072 4071 4054
4361 4055 4344 4073
4361 4072 4055 4073
4361 4344 4343 4054
4361 4071 4343 4054
4361 4071 4343 4360
4361 4377 4071 4360
4361 4055 4344 4054
4361 4072 4055 4054
4379 4668 4669 4396
4379 4651 4362 4363
4379 4651 4362 4668
4379 4668 4378 4396
4379 4362 4668 4378
4379 4669 4363 4380
4379 4669 4396 4380
4379 4651 4668 4669
4379 4651 4669 4363
4379 4091 4363 4380
4379 4091 4363 4073
4379 4362 4363 4073
4379 4378 4396 4089
4379 4362 4378 4089
4379 4396 4108 4380
4379 4091 4108 4380
4379 4362 4089 4073
4379 4091 4090 4108
4379 4089 4073 4090
4379 4091 4073 4090
4379 4089 4090 4107
4379 4396 4089 4107
4379 4090 4107 4108
4379 4396 4107 4108
3699 3410 3700 3393
3699 3410 3698 3393
3699 3700 3682 3393
3699 3682 3681 3393
3699 3698 3681 3393
3699 3410 3700 3717
3699 3971 3682 3681
3699 3972 3700 3682
3699 3971 3972 3682
3699 3971 3972 3988
3699 3971 3988 3987
3699 3989 3988 3717
3699 3989 3700 3717
3699 4005 3988 3717
3699 4005 3988 4004
3699 3698 4005 4004
3699 3698 3681 3987
3699 3971 3681 3987
3699 3989 3972 3988
3699 3989 3972 3700
3699 3988 4004 3987
3699 3698 4004 3987
4246 4247 3957 4263
4246 4247 3957 4229
4246 3957 3974 3956
4246 3957 3974 4263
4246 3957 3956 3940
4246 3957 4229 3940
4246 4247 4263 4535
4246 4229 4535 4534
4246 4247 4229 4535
4246 4229 4228 4534
4246 3974 4262 3956
4246 3974 4263 4262
4246 3956 4228 3940
4246 4229 4228 3940
4246 4535 4551 4534
4246 4263 4535 4551
4246 4551 4245 4534
4246 4263 4262 4551
4246 4228 4245 4534
4246 3956 4228 4245
4246 4262 4551 4245
4246 4262 3956 4245
1716 1426 1444 1427
1716 1426 1698 1427
1716 1699 1698 1427
1716 1426 1715 1698
1716 2004 1715 1698
1716 1732 1426 1715
1716 2004 1732 1715
1716 1699 1988 1698
1716 2004 1988 1698
2294 2583 2582 2600
2294 2276 2566 2277
2294 2582 2276 2566
2294 2583 2582 2566
1701 1700 1718 1990
1701 1700 1684 1990
1701 1700 1411 1684
1701 1719 1429 1718
1701 1412 1429 1411
1701 1719 1429 1430
1701 1412 1429 1430
1701 1395 1411 1684
1701 1412 1395 1411
1717 1700 1718 2006
1717 1701 1700 1718
1717 1701 1429 1718
1717 1701 1700 1411
1717 1429 1428 1411
1717 1701 1429 1411
1667 1666 1955 1972
1667 1955 1956 1972
1667 1666 1955 1956
1667 1973 1972 1684
1667 1973 1956 1972
1667 1666 1956 1650
1667 1666 1378 1650
1667 1956 1650 1957
1667 1973 1956 1957
1667 1377 1395 1378
1667 1666 1377 1378
1667 1668 1378 1650
1667 1685 1973 1957
1667 1685 1973 1684
1667 1685 1395 1684
1667 1668 1650 1957
1667 1668 1685 1957
1667 1379 1395 1378
1667 1396 1379 1395
1667 1668 1379 1378
1667 1668 1396 1379
1667 1396 1685 1395
1667 1668 1396 1685
1702 1991 1974 1990
1702 2008 1991 1990
1702 1719 2008 1718
1702 2008 1718 1990
1702 1685 1703 1974
1702 1701 1718 1990
1702 1701 1719 1718
1702 1992 1991 1974
1702 1703 1992 1974
1702 2008 1992 1991
1702 1684 1974 1990
1702 1685 1684 1974
1702 1701 1719 1430
1702 1701 1684 1990
1702 1396 1685 1703
1702 1685 1395 1684
1702 1701 1395 1684
1702 1396 1685 1395
2519 2536 2808 2535
2519 2247 2536 2535
2519 2247 2229 2535
2519 2518 2808 2535
2519 2229 2518 2535
2519 2247 2230 2229
2519 2536 2808 2520
2519 2247 2536 2248
2519 2247 2230 2248
2519 2808 2502 2520
2519 2536 2248 2520
2519 2518 2808 2502
2519 2229 2518 2213
2519 2230 2229 2213
2519 2503 2502 2520
2519 2231 2248 2520
2519 2230 2231 2248
2519 2518 2213 2502
2519 2231 2503 2520
2519 2213 2503 2502
2519 2231 2214 2503
2519 2230 2231 2214
2519 2214 2213 2503
2519 2230 2214 2213
3795 4083 4067 4084
3795 4083 3778 4067
3795 4067 3796 4084
3795 3778 4067 3796
3795 4083 4101 4084
3795 4083 3778 3794
3795 3813 3796 4084
3795 3812 3813 3796
3795 3506 3812 3796
3795 3778 3506 3796
3795 3813 4101 4084
3795 3812 3813 4101
3795 3812 4101 3811
3795 4083 4101 3811
3795 3506 3812 3794
3795 3778 3506 3794
3795 3812 3794 3811
3795 4083 3794 3811
4695 4405 4694 4711
4695 4423 4712 4711
4695 4405 4423 4711
4695 4405 4423 4406
4695 4424 4423 4406
4695 4424 4423 4712
4695 4424 4406 4696
4695 4424 4712 4696
4695 4678 4406 4696
4677 4405 4694 4388
4677 4676 4694 4388
4677 4695 4405 4694
4659 4370 4675 4658
4659 4676 4370 4675
4659 4353 4641 4658
4659 4353 4641 4642
4659 4369 4353 4658
4659 4370 4369 4658
4659 4370 4369 4353
4659 4353 4642 4354
4659 4370 4353 4354
4659 4642 4643 4354
4292 4291 4003 4309
4292 4581 4291 4309
4292 4003 4309 4293
4292 4581 4309 4293
4292 4003 4002 3986
4292 4291 4002 3986
4292 4291 4003 4002
4292 4581 4291 4580
4292 4003 4004 4293
4292 4003 3986 4004
4292 4004 4276 4293
4292 3986 4004 4276
4292 4275 4276 4293
4292 4275 3986 4276
4292 4275 4564 4293
4292 4274 4275 3986
4292 4291 4274 3986
4292 4580 4274 4275
4292 4291 4580 4274
4292 4580 4275 4564
4292 4581 4580 4564
4292 4582 4564 4293
4292 4581 4582 4293
4292 4581 4582 4564
4784 4512 4802 4801
4784 4785 4512 4802
4784 4783 4801 4494
4784 4512 4801 4494
4784 4783 4478 4494
4784 4496 4785 4512
4784 4767 4478 4766
4784 4783 4478 4766
4784 4496 4767 4768
4784 4496 4785 4768
4784 4767 4478 4479
4784 4496 4478 4479
4784 4496 4767 4479
4495 4496 4478 4479
4495 4496 4206 4479
4495 4784 4496 4478
4495 4784 4496 4512
4495 4496 4206 4224
4495 4496 4512 4224
4495 4205 4478 4494
4495 4784 4478 4494
4495 4784 4512 4494
4495 4189 4478 4479
4495 4189 4206 4479
4495 4206 4223 4224
4495 4512 4223 4224
4495 4222 4205 4494
4495 4222 4206 4205
4495 4189 4205 4478
4495 4189 4206 4205
4495 4222 4206 4223
4495 4512 4511 4494
4495 4512 4223 4511
4495 4222 4511 4494
4495 4222 4223 4511
4257 3967 3968 3950
4257 3967 4256 3950
4257 4256 3950 4240
4257 4256 3984 4274
4257 3967 4256 3984
4257 3950 4240 3951
4257 3968 3950 3951
4257 4256 4546 4240
4257 4256 4546 4274
4257 3985 3984 4274
4257 3967 3985 3984
4257 3967 3968 3985
4257 4258 4274 4547
4257 4258 3969 4274
4257 4546 4240 4547
4257 4546 4274 4547
4257 3985 3969 4274
4257 3968 3985 3969
4257 4240 4547 4241
4257 4258 4547 4241
4257 4240 3951 4241
4257 3968 3951 3952
4257 4258 3969 3952
4257 3968 3969 3952
4257 3951 3952 4241
4257 4258 3952 4241
2533 2822 2823 2840
2533 2840 2534 2550
2533 2823 2840 2534
2533 2839 2840 2550
2533 2822 2839 2840
2533 2822 2823 2516
2533 2262 2534 2550
2533 2262 2244 2550
2533 2262 2244 2534
2533 2228 2244 2516
2533 2228 2244 2534
2533 2823 2228 2516
2533 2823 2228 2534
3405 3422 3712 3711
3405 3695 3694 3711
3405 3695 3712 3711
3405 3710 3694 3711
3405 3422 3710 3711
3405 3695 3712 3406
3405 3404 3710 3694
3405 3422 3404 3710
3405 3423 3712 3406
3405 3422 3423 3712
3405 3695 3406 3677
3405 3695 3694 3677
3405 3117 3423 3406
3405 3388 3406 3677
3405 3388 3694 3677
3405 3117 3388 3406
3405 3388 3387 3694
3405 3404 3387 3694
3405 3404 3388 3387
3405 3422 3404 3133
3405 3117 3423 3133
3405 3422 3423 3133
3405 3116 3404 3388
3405 3116 3117 3388
3405 3116 3404 3133
3405 3116 3117 3133
843 861 860 571
843 844 861 555
843 861 860 1132
843 844 861 1132
843 554 571 553
843 860 571 553
843 861 572 571
843 572 554 571
843 844 826 538
843 844 826 1132
843 555 572 554
843 861 555 572
843 555 554 538
843 844 555 538
843 554 553 537
843 826 538 537
843 554 538 537
843 1131 826 1132
843 1131 860 1132
843 842 553 537
843 826 842 537
843 1131 826 842
843 860 842 553
843 1131 860 842
523 524 541 252
523 524 235 252
523 235 251 252
523 251 541 252
523 234 235 251
523 524 235 507
523 234 235 507
523 251 541 540
523 524 813 541
523 522 251 540
523 234 522 251
523 541 830 540
523 813 541 830
523 524 813 507
523 812 830 540
523 813 812 830
523 813 507 812
523 522 812 540
523 234 507 506
523 234 522 506
523 507 812 506
523 522 812 506
2013 1724 1995 1707
2013 1996 1995 1707
2013 1724 1997 1707
2013 1996 1997 1707
2013 2012 1724 1995
2013 2012 1996 1995
2013 2014 1724 1997
2013 1996 1997 2302
2013 2012 1996 2302
2013 1997 2303 2302
2013 2014 1997 2303
769 1040 1058 768
769 768 479 785
769 1058 768 785
769 768 751 479
769 1040 768 751
769 786 479 785
769 1075 786 785
769 1058 1075 785
769 751 479 480
769 1076 1075 786
769 1058 1076 1075
769 786 479 480
769 770 786 480
769 770 1076 786
769 770 1058 1076
769 751 752 480
769 770 752 480
269 558 287 286
269 558 270 287
269 270 541 252
269 558 270 541
269 268 557 286
269 541 252 557
269 558 541 557
269 251 268 557
269 251 252 557
575 574 557 286
575 558 287 286
575 558 576 287
575 558 576 864
575 269 557 286
575 269 558 286
575 269 558 557
575 846 574 557
575 558 846 557
575 558 864 846
575 846 574 863
575 864 846 863
3132 2843 3149 3131
3132 3149 3421 3131
3132 3149 3421 3150
3132 2860 3149 3150
3132 2843 2860 3149
3132 3421 3115 3131
3132 2843 3115 3131
3132 3133 3150 2861
3132 2860 3150 2861
3132 2843 2860 2844
3132 3404 3421 3115
3132 2844 3133 2861
3132 2860 2844 2861
3132 3116 3404 3115
3132 3116 3404 3133
3132 3422 3421 3150
3132 3422 3404 3421
3132 3422 3133 3150
3132 3422 3404 3133
3132 2843 2826 3115
3132 2843 2826 2844
3132 3116 2826 3115
3132 2844 3133 2827
3132 2826 2844 2827
3132 3116 3133 2827
3132 3116 2826 2827
2297 2280 2568 2296
2297 2569 2280 2568
2297 2568 2585 2296
2297 2569 2587 2298
2297 2569 2298 1991
2297 2569 2280 1991
2297 2298 2008 1991
2297 2280 2008 1991
2297 2280 2007 2296
2297 2280 2008 2007
2263 2569 2280 2264
2263 2264 2246 1974
2263 2280 2264 1974
2263 2264 2553 2246
2263 2569 2264 2553
2263 1973 2246 1974
2263 2280 1973 1974
2263 2569 2552 2553
2263 2569 2280 2568
2263 2569 2552 2568
2263 1973 2246 2262
2263 2553 2246 2535
2263 2552 2553 2535
2263 2246 2262 2534
2263 2552 2568 2551
2263 1973 2279 2262
2263 2280 1973 2279
2263 2246 2535 2534
2263 2552 2535 2534
2263 2551 2262 2534
2263 2552 2551 2534
2263 2279 2551 2262
2263 2568 2279 2551
2263 2280 2568 2279
1942 1959 2231 1943
1942 1959 2230 2231
1942 2231 1925 1943
1942 2231 1925 2214
1942 2230 2231 2214
1942 1959 1960 1943
1942 1670 1960 1943
1942 1670 1959 1960
1942 1959 2230 1958
1942 1670 1959 1958
1942 1637 1925 1943
1942 1653 1637 1925
1942 1941 1653 1925
1942 1941 1925 2214
1942 1941 2230 2214
1942 1670 1943 1654
1942 1670 1653 1654
1942 1941 2230 1958
1942 1637 1943 1654
1942 1653 1637 1654
1942 1941 1653 1652
1942 1670 1653 1652
1942 1941 1652 1958
1942 1670 1652 1958
3713 3714 3697 4002
3713 3714 4019 4002
3713 3731 3714 4019
3713 4019 3712 3730
3713 4019 4001 3712
3713 4019 4001 4002
3713 3731 3424 3730
3713 3731 4019 3730
3713 3423 3407 3712
3713 3423 3407 3424
3713 3407 3696 3712
3713 3697 3407 3696
3713 3985 3697 4002
3713 3985 3697 3696
3713 3423 3712 3730
3713 3423 3424 3730
3713 3985 4001 3712
3713 3985 4001 4002
3713 3695 3696 3712
3713 3985 3695 3712
3713 3985 3695 3696
3715 3698 4005 4004
3715 3732 4005 4004
3715 3732 3714 4004
3715 3698 4004 3987
3715 3714 4004 3987
3715 3697 3698 3987
3715 3714 3697 3987
3715 3698 3426 3408
3715 3697 3698 3408
3715 3732 3731 3714
1417 1128 1434 1418
1417 1706 1434 1418
1417 1128 1418 1111
1417 1418 1400 1111
1417 1399 1400 1111
1417 1418 1689 1400
1417 1706 1418 1689
1417 1399 1688 1400
1417 1688 1689 1400
1417 1706 1688 1689
1704 1705 1976 1688
1704 1976 1686 1992
1704 1976 1993 1992
1704 1705 1976 1993
1704 1686 1703 1992
1704 1415 1686 1703
1704 2010 1993 1992
1704 1705 2010 1993
1704 2010 1992 2009
1366 1656 1672 1673
1366 1383 1672 1673
1366 1367 1656 1673
1366 1383 1367 1673
1366 1656 1672 1655
1366 1671 1672 1655
1366 1383 1671 1672
1366 1656 1655 1639
1366 1367 1656 1639
1366 1671 1655 1654
1366 1638 1655 1639
1366 1671 1382 1654
1366 1383 1671 1382
1366 1638 1639 1349
1366 1638 1655 1654
1366 1382 1365 1654
1366 1383 1382 1365
1366 1350 1639 1349
1366 1367 1350 1349
1366 1367 1350 1639
1366 1348 1365 1349
1366 1348 1638 1349
1366 1348 1365 1654
1366 1348 1638 1654
1077 1383 1093 1094
1077 1383 1384 1094
1077 1383 1367 1384
1077 1383 1093 1365
1077 1367 1078 1095
1077 1384 1095 1094
1077 1367 1384 1095
1077 1093 1076 1365
1077 806 1095 1094
1077 806 1078 1095
1077 1367 1078 1349
1077 1366 1365 1349
1077 1366 1383 1365
1077 1366 1367 1349
1077 1366 1383 1367
1077 805 1094 804
1077 1093 1094 804
1077 806 805 1094
1077 787 788 805
1077 787 805 804
1077 1093 1076 804
1077 787 1076 804
1077 806 788 1078
1077 806 788 805
1347 1653 1637 1654
1347 1348 1637 1654
1347 1653 1364 1654
1347 1653 1637 1636
1347 1348 1637 1636
1347 1365 1364 1654
1347 1348 1365 1654
1347 1348 1636 1330
1347 1636 1330 1346
1347 1653 1636 1346
1347 1075 1365 1364
1347 1058 1075 1365
1347 1653 1363 1346
1347 1653 1364 1363
1347 1058 1330 1346
1347 1074 1075 1364
1347 1074 1058 1075
1347 1074 1363 1346
1347 1074 1058 1346
1347 1074 1364 1363
1687 1398 1415 1688
1687 1398 1415 1686
1687 1398 1382 1688
1687 1671 1960 1688
1687 1670 1671 1960
1687 1704 1415 1688
1687 1704 1415 1686
1687 1671 1382 1688
1687 1670 1671 1382
1687 1669 1686 1975
1687 1960 1688 1977
1687 1976 1688 1977
1687 1976 1960 1977
1687 1704 1976 1688
1687 1704 1976 1686
1687 1976 1686 1975
1687 1670 1959 1960
1687 1669 1975 1958
1687 1669 1670 1958
1687 1976 1959 1975
1687 1976 1959 1960
1687 1959 1975 1958
1687 1670 1959 1958
803 819 1091 802
803 819 514 802
803 1091 1075 802
803 1091 1092 1075
803 1075 786 802
803 514 786 802
803 1093 1092 1075
803 1093 1110 804
803 1093 1092 1110
803 821 1110 804
803 514 821 804
803 1076 786 804
803 1076 1075 786
803 786 498 804
803 514 498 804
803 514 786 498
803 1093 1076 804
803 1093 1076 1075
820 836 530 837
820 819 836 530
820 530 531 837
820 531 821 837
820 514 530 531
820 819 514 530
820 838 821 837
820 514 531 821
820 803 514 821
820 803 819 514
820 838 821 1110
820 803 821 1110
1041 1042 770 752
1041 769 770 752
1041 769 770 1058
1041 769 1040 1058
1041 1042 752 1025
1041 1040 1058 1330
1041 769 751 752
1041 769 1040 751
1041 752 1025 735
1041 751 752 735
1041 1023 751 735
1041 1040 1023 751
1041 1025 1024 735
1041 1023 1024 735
1041 1330 1312 1313
1041 1330 1312 1329
1041 1040 1330 1329
1041 1331 1025 1313
1041 1042 1331 1025
1041 1331 1330 1313
1041 1023 1312 1024
1041 1023 1312 1329
1041 1040 1023 1329
1041 1025 1024 1313
1041 1312 1024 1313
1043 1042 1026 753
1043 1026 753 737
1043 754 753 737
1043 1042 1026 1315
1043 1026 737 1027
1043 754 737 1027
1043 1026 1315 1027
1043 1042 1332 1315
1043 1332 1061 1349
1043 754 1044 1027
1043 754 1044 1061
1043 1316 1315 1027
1043 1316 1044 1027
1043 1316 1332 1315
1043 1044 1061 1333
1043 1332 1061 1333
1043 1316 1044 1333
1043 1316 1332 1333
1059 1041 770 1058
1059 1041 1042 770
1059 1058 1076 1365
1059 770 1058 1076
1059 1347 1058 1365
1059 1347 1348 1365
1059 1348 1365 1349
1059 1041 1058 1330
1059 1347 1058 1330
1059 1347 1348 1330
1059 1348 1331 1330
1059 1348 1332 1349
1059 1041 1331 1330
1059 1041 1042 1331
1059 1348 1332 1331
1059 1042 1332 1331
1059 1043 1332 1349
1059 1043 1042 1332
771 481 499 482
771 787 481 499
771 788 499 482
771 787 788 499
771 481 464 482
771 770 481 464
771 787 770 481
771 465 464 482
771 753 465 464
771 770 753 464
771 754 753 465
771 465 483 482
771 772 465 483
771 788 483 482
771 788 772 483
771 754 772 465
1125 819 836 1107
1125 1108 819 1107
1125 836 1124 1107
1122 1412 1428 1139
1122 1412 1428 1411
1122 1412 1394 1411
1106 1122 1394 1105
1106 1122 1412 1394
1106 1090 1107 817
1106 1379 1090 1107
1106 1379 1395 1089
1106 1396 1379 1107
1106 1396 1379 1395
1106 1089 817 1105
1106 1412 1394 1395
1106 1090 1089 817
1106 1379 1090 1089
1106 1394 1089 1105
1106 1394 1395 1089
1140 1412 1428 1139
1140 1412 1429 1428
1140 1412 1429 1430
1140 1141 1124 1430
1140 1412 1124 1430
3474 3473 3201 3184
3474 3185 3201 3184
3474 3201 3490 3491
3474 3473 3201 3490
3474 3202 3201 3491
3474 3185 3202 3201
3474 3763 3490 3491
3474 3475 3202 3491
3474 3185 3475 3202
3474 3762 3473 3490
3474 3762 3763 3490
3474 3763 3764 3491
3474 3475 3764 3491
2684 2667 2395 2685
2684 2973 2667 2685
2684 2973 2990 2685
2684 2683 2973 2990
2684 2683 2667 2395
2684 2683 2973 2667
2684 2990 2702 2685
2684 2990 2702 2701
2684 2990 2700 2701
2684 2683 2990 2700
2684 2683 2394 2395
2684 2413 2702 2685
2684 2413 2702 2701
2684 2412 2413 2701
2684 2395 2396 2685
2684 2412 2395 2396
2684 2412 2394 2395
2684 2683 2394 2700
2684 2413 2396 2685
2684 2412 2413 2396
2684 2412 2411 2701
2684 2412 2394 2411
2684 2411 2700 2701
2684 2394 2411 2700
3442 3459 3748 3747
3442 3731 3748 3747
3442 3731 3747 3730
3442 3459 3458 3747
3442 3458 3747 3730
3442 3731 3424 3730
3442 3459 3749 3748
3442 3732 3731 3748
3442 3458 3441 3730
3442 3459 3458 3441
3442 3441 3424 3730
3442 3732 3749 3748
3442 3732 3749 3443
3442 3459 3749 3460
3442 3749 3443 3460
3442 3715 3732 3443
3442 3715 3732 3731
3442 3153 3443 3460
3442 3153 3459 3460
3442 3153 3441 3424
3442 3153 3459 3441
4038 3732 3749 3750
4038 4039 4022 3750
4038 3732 4022 3750
4038 3732 4021 4022
4038 4021 4022 4327
4038 4039 4022 4327
4038 3732 3749 3748
4038 4327 4020 4037
4038 4021 4327 4020
4038 3732 4021 4020
4038 3748 4020 4037
4038 3732 3748 4020
3444 3137 3443 3154
3444 3427 3137 3443
3444 3427 3443 3733
3444 3443 3154 3460
3444 3171 3154 3460
3444 3171 3461 3172
3444 3171 3461 3460
3444 3443 3733 3460
3444 3461 3733 3460
3444 3445 3461 3733
3444 3427 3445 3733
3444 3171 3155 3172
3444 3171 3155 3154
3444 3155 3156 3172
3444 3427 3445 3156
3444 3461 3462 3172
3444 3156 3462 3172
3444 3445 3156 3462
3444 3445 3461 3462
3716 3427 3410 3426
3716 3427 3443 3426
3716 3427 3443 3733
3716 3734 3733 4005
3716 3715 3698 3426
3716 3715 3698 4005
3716 3715 3443 3426
3716 3732 3733 4005
3716 3715 3732 4005
3716 3410 3698 3426
3716 3734 3445 3733
3716 3427 3445 3733
3716 3732 3443 3733
3716 3715 3732 3443
3716 3699 3698 4005
3716 3699 3410 3698
3716 3734 4005 3717
3716 3734 3445 3428
3716 3427 3445 3428
3716 3699 4005 3717
3716 3699 3410 3717
3716 3734 3428 3717
3716 3410 3428 3717
3716 3427 3410 3428
4520 4231 4214 4215
4520 4231 4232 4215
4520 4232 4215 4504
4520 4214 4215 4504
4520 4214 4504 4503
4520 4214 4502 4503
4520 4232 4504 4521
4520 4504 4503 4521
4520 4214 4502 4213
4520 4231 4214 4213
4520 4232 4537 4521
4520 4230 4519 4502
4520 4230 4502 4213
4520 4231 4230 4213
4520 4809 4503 4521
4520 4809 4537 4521
4520 4232 4248 4537
4520 4231 4232 4248
4520 4809 4502 4503
4520 4809 4519 4502
4520 4231 4230 4248
4520 4809 4537 4519
4520 4248 4537 4519
4520 4230 4248 4519
2598 2581 2888 2887
2598 2599 2581 2888
2598 2870 2581 2887
2598 2870 2581 2580
2598 2870 2597 2887
2598 2870 2597 2580
2598 2597 2580 2309
2598 2292 2580 2309
2598 2292 2581 2580
2598 2599 2292 2581
3736 3753 4042 3754
3736 4042 4026 3754
3736 3737 4026 3754
3736 3753 3754 3448
3736 3737 3754 3448
3736 4042 4026 4025
3736 3737 4026 4025
3736 3737 3719 3448
3736 4042 4025 4024
3736 3753 4042 4024
3736 3447 3719 3448
3736 3447 3448 3464
3736 3753 3448 3464
3736 3447 3719 3446
3736 4008 4025 4024
3736 3720 4008 4025
3736 3737 3720 4025
3736 3720 4008 3719
3736 3737 3720 3719
3736 3447 3446 3464
3736 3753 3446 3464
3736 4008 3718 4024
3736 4008 3719 3718
3736 3719 3446 3718
3736 3735 3718 4024
3736 3735 3446 3718
3736 3735 3752 4024
3736 3753 3752 4024
3736 3735 3446 3752
3736 3753 3446 3752
1733 1732 1426 1444
1733 1716 1426 1444
1733 1716 1732 1426
1733 2004 2022 1732
1733 1716 2004 1732
2311 2294 2582 2600
2005 2004 2022 2021
2005 1716 2004 1988
2005 1733 2004 2022
2005 1733 1716 2004
2005 2004 1987 1988
1683 1667 1666 1972
1683 1667 1666 1377
1683 1667 1972 1684
1683 1667 1395 1684
1683 1394 1377 1395
1683 1667 1377 1395
1683 1700 1972 1684
1683 1395 1411 1684
1683 1700 1411 1684
1683 1394 1395 1411
1413 1702 1396 1703
1413 1412 1124 1430
1413 1701 1412 1430
1413 1702 1701 1430
1413 1106 1412 1124
1413 1125 1124 1107
1413 1701 1412 1395
1413 1702 1396 1395
1413 1702 1701 1395
1413 1106 1124 1107
1413 1106 1396 1107
1413 1106 1396 1395
1413 1106 1412 1395
1413 1108 1396 1107
1413 1125 1108 1107
4389 4677 4405 4388
4389 4405 4100 4388
4389 4677 4695 4678
4389 4677 4695 4405
4389 4405 4100 4406
4389 4100 4371 4388
4389 4677 4371 4388
4389 4695 4678 4406
4389 4695 4405 4406
4389 4678 4390 4406
4389 4100 4390 4406
4389 4100 4372 4371
4389 4373 4678 4390
4389 4373 4372 4390
4389 4100 4372 4390
4661 4644 4355 4643
4661 4644 4373 4355
4661 4389 4677 4678
4661 4372 4355 4371
4661 4373 4372 4355
4661 4389 4372 4371
4661 4389 4373 4372
4661 4389 4373 4678
4661 4373 4678 4662
4661 4644 4373 4662
4660 4659 4676 4370
4660 4676 4370 4388
4660 4677 4676 4388
4660 4370 4371 4388
4660 4677 4371 4388
4660 4370 4371 4354
4660 4659 4370 4354
4660 4371 4643 4354
4660 4659 4643 4354
4660 4355 4371 4643
4660 4661 4355 4643
4660 4661 4355 4371
4660 4389 4677 4371
4660 4661 4389 4371
4660 4661 4389 4677
2586 2297 2568 2585
2586 2297 2569 2568
2586 2297 2569 2587
2586 2568 2585 2857
2586 2858 2568 2857
2586 2569 2858 2568
2586 2569 2587 2858
2586 2585 2874 2857
2586 2876 2858 2875
2586 2876 2587 2858
2586 2874 2875 2857
2586 2858 2875 2857
3425 3715 3697 3408
3425 3697 3407 3408
3425 3407 3119 3408
3425 3407 3424 3119
3425 3713 3407 3424
3425 3713 3697 3407
3425 3137 3119 3408
3425 3137 3426 3408
3425 3715 3426 3408
3425 3713 3714 3697
3425 3715 3714 3697
3425 3424 3136 3119
3425 3137 3136 3119
3425 3137 3443 3426
3425 3715 3443 3426
3425 3153 3137 3443
3425 3442 3715 3443
3425 3713 3731 3424
3425 3713 3731 3714
3425 3715 3731 3714
3425 3153 3424 3136
3425 3153 3137 3136
3425 3442 3153 3424
3425 3442 3153 3443
3425 3442 3731 3424
3425 3442 3715 3731
1433 1706 1722 1434
1433 1417 1706 1434
1433 1417 1128 1434
1127 1417 1128 1111
1127 1417 1399 1111
1127 1128 1110 1111
1127 1399 1110 1111
1127 1128 838 1110
1127 1433 1417 1128
1720 1704 1415 1703
1720 1704 1992 2009
1720 1704 1703 1992
1720 1702 1703 1992
1720 1702 1719 1703
1720 2008 1992 2009
1720 1702 2008 1992
1720 1702 1719 2008
1381 1687 1670 1382
1381 1687 1398 1382
1381 1398 1382 1092
1381 1687 1669 1670
1381 1382 1092 1364
1381 1670 1382 1364
1381 1669 1670 1380
1381 1687 1398 1686
1381 1687 1669 1686
1381 1670 1380 1364
1381 1074 1092 1364
1381 1380 1074 1364
1381 1074 1091 1092
1381 1380 1074 1091
1381 1108 1091 1092
1381 1108 1380 1091
1109 1108 1091 1092
1109 1108 819 1091
1109 820 803 819
1109 1125 1108 819
1109 803 1091 1092
1109 803 819 1091
1109 803 1092 1110
1109 820 803 1110
1109 1381 1398 1092
1109 1381 1108 1092
1109 1381 1108 1398
1109 1125 1108 1398
1109 820 819 836
1109 1125 819 836
1109 1399 1092 1110
1109 1398 1399 1092
1109 1127 1399 1110
1109 1127 1398 1399
1109 820 838 1110
1109 1127 838 1110
1060 787 770 1076
1060 1059 770 1076
1060 1077 787 1076
1060 1059 1365 1349
1060 1059 1076 1365
1060 771 787 770
1060 1077 1365 1349
1060 1077 1076 1365
1060 1059 1043 1349
1060 1077 1078 1349
1060 1077 787 788
1060 771 787 788
1060 1059 1042 770
1060 1059 1043 1042
1060 1078 1061 1349
1060 1077 788 1078
1060 1043 1061 1349
1060 1043 754 1061
1060 1042 770 753
1060 1043 1042 753
1060 1043 754 753
1060 771 770 753
1060 771 754 753
1060 754 772 1061
1060 771 754 772
1060 1078 772 1061
1060 788 1078 772
1060 771 788 772
1431 1720 1415 1703
1431 1720 1719 1703
1123 1122 833 1139
1123 1140 851 1139
1123 1122 1412 1139
1123 1140 1412 1139
1123 850 833 1139
1123 850 851 1139
1123 850 851 833
1123 1106 1122 1412
1123 1140 1412 1124
1123 1106 1412 1124
1123 1140 851 1141
1123 1140 1141 1124
1123 851 1141 852
1123 1141 1124 852
1123 835 1124 852
1123 835 851 852
3138 3444 3155 3154
3138 3155 3154 2848
3138 3444 3137 3154
3138 3444 3427 3137
3138 3444 3155 3156
3138 3444 3427 3156
3138 3137 3154 2848
3138 3137 3121 2848
3138 3427 3137 3121
3138 3155 2848 2866
3138 3156 2866 2850
3138 3155 3156 2866
3138 3156 2850 3139
3138 3427 3156 3139
3138 2832 3121 2850
3138 2832 3121 2848
3138 3121 2850 3139
3138 3427 3121 3139
3138 2849 2866 2850
3138 2849 2848 2866
3138 2832 2849 2850
3138 2832 2849 2848
2310 2599 2582 2600
2310 2311 2582 2600
2310 2311 2294 2582
2310 2599 2292 2582
2310 2292 2309 2021
2310 2598 2292 2309
2310 2598 2599 2292
2293 2311 2022 2021
2293 2005 2311 2022
2293 2005 2022 2021
2293 2005 2311 2294
2293 2310 2311 2021
2293 2310 2311 2294
2293 2310 2292 2021
2293 2005 2004 2021
2293 2310 2292 2582
2293 2310 2294 2582
2293 2292 2003 2021
2293 2004 2003 2021
2293 2005 2004 1987
2293 2292 2582 2276
2293 2294 2582 2276
2293 2292 2003 1986
2293 2004 2003 1986
2293 2004 1987 1986
2293 2005 2294 2277
2293 1987 2276 1986
2293 2292 2276 1986
2293 1987 2276 2277
2293 2294 2276 2277
2293 2005 1988 2277
2293 1987 1988 2277
2293 2005 1987 1988
1397 1413 1396 1703
1397 1413 1108 1396
1397 1413 1125 1108
1397 1685 1686 1703
1397 1396 1685 1703
1397 1125 1398 1415
1397 1125 1108 1398
1397 1669 1685 1686
1397 1669 1396 1685
1397 1415 1686 1703
1397 1398 1415 1686
1397 1381 1398 1686
1397 1381 1108 1398
1397 1381 1669 1686
1397 1108 1380 1396
1397 1381 1108 1380
1397 1669 1380 1396
1397 1381 1669 1380
1416 1433 1706 1722
1416 1705 1706 1722
1416 1433 1432 1722
1416 1433 1417 1706
1416 1705 1706 1688
1416 1127 1432 1415
1416 1127 1433 1432
1416 1417 1706 1688
1416 1127 1433 1417
1416 1704 1705 1688
1416 1704 1415 1688
1416 1398 1415 1688
1416 1127 1398 1415
1416 1417 1399 1688
1416 1127 1417 1399
1416 1398 1399 1688
1416 1127 1398 1399
1144 1128 1145 1434
1144 1433 1128 1434
1144 1128 855 1145
1144 1127 1433 1128
1144 1128 855 838
1144 1127 1128 838
1144 855 838 854
1126 1125 1398 1415
1126 1127 1398 1415
1126 1127 1432 1415
1126 1109 1125 1398
1126 1109 1127 1398
1126 1109 1127 838
1126 1109 1125 836
1126 836 853 854
1126 1109 820 838
1126 1109 820 836
1126 838 854 837
1126 836 854 837
1126 820 838 837
1126 820 836 837
1721 1720 1704 1415
1721 1416 1704 1415
1721 1416 1432 1415
1721 1431 1432 1415
1721 1431 1720 1415
1721 1416 1432 1722
1721 1416 1705 1722
1721 1416 1704 1705
1721 1704 1705 2010
1721 1704 2010 2009
1721 1720 1704 2009
1721 1705 1722 2011
1721 1705 2010 2011
1414 1431 1415 1703
1414 1397 1415 1703
1414 1397 1125 1415
1414 1126 1125 1415
1414 1397 1413 1703
1414 1397 1413 1125
1414 1431 1432 1415
1414 1126 1432 1415
1414 1413 1702 1430
1414 1413 1702 1703
1414 1431 1719 1430
1414 1431 1719 1703
1414 1413 1124 1430
1414 1413 1125 1124
1414 1702 1719 1430
1414 1702 1719 1703
1414 1141 1124 1430
834 1122 833 1105
834 1123 1122 833
834 1106 1122 1105
834 1123 1106 1122
834 1106 817 1105
834 833 816 1105
834 816 817 1105
834 1106 1107 817
834 528 816 817
834 1106 1124 1107
834 1123 1106 1124
834 833 816 544
834 528 816 544
834 528 817 818
834 835 528 818
834 545 835 528
834 545 528 544
834 1123 851 833
834 1107 817 818
834 835 1107 818
834 835 1124 1107
834 1123 835 1124
834 545 835 851
834 1123 835 851
834 851 833 544
834 545 851 544
1143 1126 853 854
1143 1144 838 854
1143 1126 838 854
1143 1126 1127 1432
1143 1144 1127 838
1143 1126 1127 838
1143 1127 1433 1432
1143 1144 1127 1433
1142 1414 1431 1432
1142 1414 1126 1432
1142 1143 1126 1432
1142 1414 1141 1430
1142 1414 1431 1430
1142 1414 1141 1124
1142 1143 1126 853
1142 1141 1124 853
1142 1414 1125 1124
1142 1414 1126 1125
1142 836 1124 853
1142 1126 836 853
1142 1125 836 1124
1142 1126 1125 836
