VAPOR_TET 1
1331 6177
0 0 0
0 0 0.10889091857935491
0 0 0.20478990734172742
0 0 0.30048668081381252
0 0 0.39842915783047667
0 0 0.4988187960795446
0 0 0.60164332652813313
0 0 0.70093588812174124
0 0 0.800470427039495
0 0 0.90120451108534549
0 0 1
0 0.08645860878539087 0
0 0.10286316017060605 0.10066839351175713
0 0.10018915535300217 0.20086498583610882
0 0.094655247654756497 0.29850558932722127
0 0.10033918872581374 0.39992013714222063
0 0.089619398143978388 0.49441775401189081
0 0.10443967942792826 0.5965431316123887
0 0.095798139944228547 0.70064106757767064
0 0.099269042353214348 0.80082591894960908
0 0.089995383275285543 0.9070486023791462
0 0.099863432043706735 1
0 0.18708510032425194 0
0 0.20224362147749089 0.10021161607317833
0 0.20099907459503985 0.19783439050559656
0 0.19277927839340847 0.29788984108760808
0 0.20308098391288651 0.40162870161854164
0 0.18754997469376389 0.50158025593044497
0 0.21456304087190278 0.59937151086369111
0 0.18922230864504777 0.69520360039280205
0 0.20002987300689151 0.79375222711838211
0 0.19803081842295867 0.89358940875844695
0 0.2012370272814398 1
0 0.29186118128267036 0
0 0.30035352290594064 0.11458098612337465
0 0.3007184959440381 0.21943669195070009
0 0.29587084129800451 0.31658649916690773
0 0.29932154004448958 0.41798782802945045
0 0.28627100688337975 0.51338111551365984
0 0.32032816318327317 0.60791388538414159
0 0.28934913541385027 0.70696161454798279
0 0.3018008234456292 0.80380297847936699
0 0.29191652235782001 0.90504167660384927
0 0.30477978081395679 1
0 0.39481479656048246 0
0 0.39881792024629847 0.088775392224351338
0 0.39606898124333895 0.19159608409520895
0 0.39935867504557576 0.29238484059594588
0 0.40130822740377708 0.39186862789421312
0 0.39076718160857382 0.49424008180495993
0 0.4122722775864342 0.59546125041659126
0 0.3956513471844475 0.69904572768014095
0 0.39728240876353804 0.79939596561879012
0 0.39125271100483977 0.90019963599690223
0 0.40844398110864472 1
0 0.50279715279918491 0
0 0.49600226364056843 0.10895314403870805
0 0.49438768788369641 0.2058049560904997
0 0.50422808296476074 0.29842190736952035
0 0.5061440273235247 0.39465236296686684
0 0.49074613077211865 0.49690389860545814
0 0.50516367962382136 0.59875892900046535
0 0.50270247101315269 0.69810025255183616
0 0.49958034915465777 0.7913347782488056
0 0.49471448858286543 0.89267925675743032
0 0.50308395978985088 1
0 0.61014515362781974 0
0 0.59438615754094992 0.090888047298305005
0 0.59716830509685404 0.19269189952538379
0 0.61057093348855807 0.29631894084256921
0 0.60920195046438197 0.40132563602640242
0 0.59124933572193183 0.50018789946977482
0 0.5987195174421015 0.59921374969144248
0 0.59939484064152793 0.70003774937795449
0 0.58885590317446757 0.80405462187092225
0 0.60082101111344977 0.90150446249092075
0 0.5956751054729702 1
0 0.70746270366775832 0
0 0.69671187754464936 0.10091689759023698
0 0.70581585625040166 0.1994782422191268
0 0.70257424548424552 0.30197403247676391
0 0.71108303347407575 0.39925340975112306
0 0.68940665605268159 0.49221941331779906
0 0.6903101956586617 0.59449596351906675
0 0.69924930463339807 0.69613905745978477
0 0.69394509721536335 0.80157970206968576
0 0.70146578454548125 0.89454108617192052
0 0.68989763269487359 1
0 0.81015169248588714 0
0 0.79691391114137677 0.097013671634139098
0 0.80996446033270897 0.19558704477205432
0 0.79236384925597347 0.2961611678251404
0 0.8107157730564537 0.39987277437038249
0 0.79347711228549811 0.49947509741419688
0 0.78931080609440019 0.59958749097014508
0 0.80394831745095008 0.69336819153838647
0 0.8006847652419552 0.78775650253201646
0 0.79296191131618188 0.88875570598256715
0 0.79516271212509804 1
0 0.90363839727488793 0
0 0.89820525252483374 0.097843673149791865
0 0.90808953390385216 0.19535844643432246
0 0.89231062484758272 0.29554723452153525
0 0.90937547287452636 0.39485500340796992
0 0.90048031790263661 0.49640508785344439
0 0.89385295080708727 0.60204313705985824
0 0.90447303470595675 0.70712203569378373
0 0.90105360065533102 0.81082199715420467
0 0.89436673256553501 0.90975907716804505
0 0.90011072870229236 1
0 1 0
0 1 0.10796092325196026
0 1 0.20228073083509981
0 1 0.3013655524966693
0 1 0.40320995380764385
0 1 0.50333662683031055
0 1 0.59657456787243035
0 1 0.69494208022184867
0 1 0.80506356146011915
0 1 0.90364577768326804
0 1 1
0.097085811926558213 0 0
0.10026507734692763 0 0.10134190698176412
0.099451689146305727 0 0.19658800502419413
0.09736376286930877 0 0.29435640255058726
0.10144470038582772 0 0.3927458736677093
0.10101440251221712 0 0.49172131248586115
0.095982895310311872 0 0.59193880444827496
0.10575746428627116 0 0.69181022915909351
0.094081036403462853 0 0.79443129857339989
0.10338862673067131 0 0.89760016622226779
0.1082421328493316 0 1
0.099471919447198465 0.10504029930397155 0
0.10743796207431154 0.12025438179406407 0.10461866330194161
0.10801057316323531 0.073708542248325556 0.19529049697460157
0.066219407642315042 0.081122857870170442 0.30949318194335335
0.090803287231225063 0.1140548417680859 0.43258690050723259
0.10902951286555386 0.083168475607762471 0.54081327470058949
0.079266071432273863 0.10077842825760062 0.64982615126513343
0.0949065123967784 0.075327378208570953 0.74849282583252874
0.081160721207475583 0.072690925226286174 0.85125728008238999
0.14490477719543335 0.093562389568432672 0.91561761464774749
0.099597820273646817 0.099543285685724667 1
0.098512178933310809 0.20572357404980296 0
0.068878707581862444 0.21444189256806231 0.068515596872193385
0.088580850021574897 0.19990664634737068 0.17226235569173157
0.10097486238174716 0.17001265456874587 0.25501021564207033
0.084629376894627684 0.19520700664116816 0.36028464048992459
0.067093557129040776 0.17057516291999505 0.53945131604602103
0.11692747501071578 0.1904372035703262 0.62777433274538941
0.092728184672823399 0.18213963876753533 0.73676125305748552
0.10075343168869842 0.17198674415926921 0.83970453386122412
0.081891315323296368 0.20168527351178589 0.92284657268597658
0.095211698709986275 0.20027988337654246 1
0.099849906724274337 0.30167656470960164 0
0.11379711871843326 0.28474448075599129 0.13493329073414778
0.12101266627012536 0.29935097941852662 0.21805940092804171
0.078858515586210626 0.27663557911262843 0.2824217211035121
0.12645444325780189 0.30008541949786827 0.39080169353845789
0.097088074301418123 0.23839324745627602 0.45861183013058771
0.095874244512944171 0.27222801247048223 0.56722494602373474
0.087751890261791074 0.28660197041859575 0.67523543369627947
0.099308810426574717 0.27881627094496597 0.79954492822466594
0.097543696305231922 0.33710113516148538 0.91192195131909415
0.10008661316255127 0.30055649548057428 1
0.10184176322672371 0.40355063352124848 0
0.079494042433331719 0.3625793424201546 0.11326803609477404
0.092687163937630712 0.39481697306828512 0.24005212782663404
0.10365531095174177 0.37096955110369079 0.34027507669932544
0.082297772084854101 0.4170046553869789 0.43079990913361105
0.08352864662126018 0.35440096797331289 0.50370195129742534
0.11291483394834111 0.38049455521066916 0.61290734289212012
0.085021446505556736 0.39427306337439927 0.73567058030257904
0.062593436949952869 0.39699561314792048 0.8387129495098824
0.1118074383692908 0.45387167570013615 0.91335363399361291
0.099913022313063246 0.39890917340095988 1
0.095047289448948205 0.50792685543584581 0
0.12881212654947927 0.46957281349201085 0.087408473162800926
0.090701660718238833 0.46974386219292963 0.1803699772307307
0.080938006839383944 0.46533471483201944 0.31199911318268486
0.08341172767026353 0.52092448755262089 0.44448377488334939
0.081739928053711594 0.48916623457472685 0.54319573851302538
0.10855537717794904 0.4749151948470296 0.65030453791879006
0.12734659703073611 0.51043907845607994 0.72921799278274935
0.081926444317098945 0.51100924248594304 0.81779991511653249
0.098604515712183954 0.55137678641388999 0.90905479760440056
0.10759625907424819 0.49548234580178402 1
0.095021490909855399 0.60753565264026022 0
0.090378326975984982 0.57999341134724758 0.12674563659792099
0.090558944296555088 0.567028545661726 0.23436823820552932
0.094450786082575358 0.56043803434980832 0.34014653137178513
0.12283758253504538 0.60540244726586134 0.41622856110228934
0.10027211292254667 0.60757783078630567 0.53389231998795184
0.093131383516131289 0.59517415676430208 0.63376949019861861
0.076367396635912729 0.60998826432159114 0.72979635665831133
0.12261603787588518 0.61697774217747725 0.80538828565462639
0.068487596866036046 0.64170392062098691 0.89324209679254918
0.093153359064219926 0.59220280453914176 1
0.10898122843198992 0.69898742897526955 0
0.079098205867457527 0.67312658940592052 0.087221924938354553
0.091697457513137945 0.67569846874179063 0.20761444684555935
0.085075612375788465 0.66690535347607438 0.33014465025534301
0.10391419035157849 0.69346858859147054 0.43667051485140113
0.10127055977653845 0.72213527874658789 0.54246539266325489
0.091081028496141553 0.7244121180683103 0.65205183141246215
0.10141733816074629 0.72898604880901696 0.75426370668611342
0.10871736241397947 0.72637844636376891 0.84323587024995139
0.12485767173933651 0.7438682433346695 0.92250466333569769
0.099262575314014473 0.692807577254823 1
0.097450692224947608 0.79604983930454243 0
0.074659366999239044 0.76741282863086924 0.12357112198753166
0.12039016562658011 0.78731055647720682 0.19720122575093368
0.075525485709830711 0.78972353896865022 0.26772713239585461
0.088025537758135847 0.78733708524983437 0.35693660032089569
0.091098530759653476 0.80898375807798706 0.45284807794289977
0.082459973063645955 0.82965367694322811 0.58024198760119372
0.10135853998132785 0.82521903365129756 0.70895699756285568
0.089956387799559639 0.83393659624345295 0.81855004701173373
0.097441580288083043 0.83221018719874873 0.9163566947762446
0.096663258080856435 0.79128960664727022 1
0.10512095986163543 0.89900213546670371 0
0.070635520670342122 0.89035044013389142 0.065560024474427672
0.086857352771228108 0.88818715407260751 0.14871343123485056
0.093344376017177405 0.90623263076201022 0.25236221553472055
0.10149357563835812 0.90093401564957731 0.35582294475241677
0.075371966164060042 0.91565988970918233 0.50052562793012745
0.072215619887124188 0.91129909592273217 0.63285270820037653
0.088494849465646189 0.91877397604063804 0.74278362084634131
0.089389719073643861 0.93005503995980565 0.84719012763760349
0.14847860982440084 0.9040884062449851 0.90705184937611083
0.099801293966861396 0.89333575592661463 1
0.10123901282119058 1 0
0.092639272612505999 1 0.10430463441577757
0.10390840343429314 1 0.20161805125867799
0.091809608624756928 1 0.30383466901598566
0.1017596931132646 1 0.40325314434366999
0.10510266406834251 1 0.49608104299557099
0.10106569223541709 1 0.59077083635019056
0.10378268242350983 1 0.69081606826497377
0.096218307760165656 1 0.78820843968605714
0.092313142074789314 1 0.89424905229644847
0.10834615213097994 1 1
0.19206581063994513 0 0
0.20181942422754567 0 0.10053431248190205
0.1990938161137126 0 0.20191840378713655
0.20022882339096862 0 0.29515449608984379
0.19825930071252815 0 0.39320095376688569
0.19895011742533802 0 0.4952966108628909
0.19291901901331332 0 0.60297723137875558
0.21299645460872496 0 0.70323343457572252
0.18933958849658164 0 0.80178156380740173
0.21016903049424812 0 0.89846487105969852
0.20924574293607132 0 1
0.1996866304860041 0.099057124977873182 0
0.19812297113872154 0.072132380181687286 0.092818919314824541
0.20253354891364958 0.12891401486078363 0.20315752058693859
0.15981444472349671 0.10360623228442097 0.31849244928349091
0.18934930347991882 0.077255712460662221 0.43984072217000536
0.23800059486638039 0.099792624177512099 0.5251704775247068
0.17823045124876927 0.086526125889339237 0.61123736793677674
0.18438301968709961 0.1265941774933298 0.70068946474514771
0.16796273294322317 0.098633964870709315 0.80213236257020426
0.25095804558061513 0.091989683352794158 0.86072963178481277
0.19987075500824686 0.098582574345047636 1
0.19739313529249733 0.20039352926685133 0
0.18632657339990724 0.18784183658065573 0.098504369424814331
0.21236874087796034 0.22927204674566731 0.21421572667902153
0.18306190326751601 0.22627381714540182 0.3115356952961475
0.19648375313342439 0.1780233836175347 0.41019803550213296
0.16484760199140294 0.18395453603195439 0.5209012655525147
0.22697582959326493 0.19119890402631257 0.61867694878212542
0.18660134618751303 0.24240359949067461 0.70595536864586794
0.20313377052352902 0.20010151717166821 0.79833638005064234
0.21264170014303554 0.16737679352301599 0.90341734561570786
0.18621755582874538 0.2006497524750632 1
0.19689216957941313 0.30424254678117352 0
0.16169762845998367 0.2853978333706752 0.068377942794883434
0.22002283754639754 0.30037100531313926 0.17110912946228035
0.19914850244829604 0.33072431178131845 0.28525164316123397
0.22263447970842187 0.27870366037920247 0.4512377649008712
0.18056704875401383 0.31938993813285982 0.51480566082415002
0.19340135154801485 0.28690063520850834 0.59616267308445947
0.17982830515437107 0.3358900967884802 0.70565112015556064
0.21649512781267852 0.31288953938251912 0.81819033601917102
0.1602595093019018 0.26711011000173662 0.89408431960491253
0.20089664382172287 0.30144131421034981 1
0.20452965592016298 0.40080596213561598 0
0.19762587522403763 0.37424945094518541 0.089249720082322931
0.17072988460595961 0.40357347974938956 0.18191890555281648
0.20344545611865558 0.43224053505774096 0.2853887875014412
0.20000576517376534 0.38866507453509125 0.41109292483636112
0.16284817261751983 0.42817474495162916 0.50321300817115233
0.21527810402698161 0.40328102969885132 0.61629218674879582
0.20225350240642018 0.42474304716334915 0.72926600144265263
0.15173028961409102 0.39656868913880383 0.81783482117438633
0.20161231374354843 0.3942651826586146 0.90822281936379323
0.19959919074659016 0.399477659318145 1
0.18595748399635906 0.50058920246240579 0
0.24662274733565423 0.46204494120698075 0.094823766263779266
0.20349377714629827 0.50854329273993315 0.17605075366202372
0.17361382535337908 0.51524795110029342 0.27040070385859039
0.15572142130607378 0.47939521991787754 0.38006778298554644
0.18759911811750837 0.52779619454440208 0.46383900362440056
0.1867549272180333 0.50396969298599614 0.56515621917938008
0.24132092081760875 0.49974834533156604 0.68179624559546459
0.19445447856652495 0.50504436480731707 0.8251508281446519
0.21308645064600715 0.53573800363350921 0.92000459740397755
0.21574159938300558 0.5012051733733498 1
0.19047227158788926 0.59839250559655532 0
0.18061208595147765 0.58515885558027825 0.080849064965671263
0.1919667817573284 0.6197991458948453 0.17955999652767726
0.16797553297661108 0.63086042675198684 0.2889256585768567
0.22250045367945359 0.57873788272914861 0.35782387814334349
0.19497279969546957 0.630238141721147 0.49217527221897245
0.19151808829668412 0.57463535165496793 0.62317109167895557
0.20517291665214676 0.57671355099955846 0.73905372545574299
0.22072327081714443 0.62786819715712372 0.8336324534803955
0.16825645866637579 0.63621839899908106 0.90787079328257558
0.19113204863999989 0.59853538567225295 1
0.21117250996259976 0.70064790877106498 0
0.17228910555831237 0.70455868853041537 0.12155227966801822
0.20625569513833389 0.723359848281383 0.21493302213510093
0.1595059820296825 0.72822302232506542 0.30817340188332326
0.21165486014647705 0.67483246204267078 0.39613262310554365
0.20910132323401004 0.73090968853766514 0.50176490152116393
0.19809739065741289 0.68295421794067124 0.60112391066539383
0.18286737126138536 0.65987115970461585 0.69441597867161187
0.21608051918010918 0.70268733353655222 0.77717346454069525
0.23286624926265331 0.72011028509823283 0.88095720507719366
0.194399691860378 0.70320963398287717 1
0.18931029391156964 0.80356782110992986 0
0.12297662601263766 0.79768625594315867 0.081798831621972032
0.20843836908248181 0.83227973762232588 0.16235471365208012
0.17703716919696635 0.81996213571216547 0.27641020766987662
0.20167069475071109 0.77860273626449261 0.39633813077409874
0.17649439364753519 0.82852792993977942 0.4983718657212865
0.15888793790443564 0.79156268313259481 0.60346419019450226
0.1936021414556259 0.776966891028393 0.70476637123761599
0.19291031284628701 0.80701425787641545 0.81963730878213414
0.22328383727325898 0.80754916330863924 0.92897409504507655
0.19111396743900577 0.81104919112028651 1
0.2119163784525587 0.90066080698119588 0
0.20315305141344878 0.91477078743688434 0.085668372279489508
0.16574576735915103 0.92008018305425743 0.18732723722237823
0.22063203728994241 0.90425695811881246 0.26671549780770709
0.19250701727668951 0.8762355346800772 0.36714036792079863
0.16455231677807777 0.91469807997044583 0.44949190550973994
0.17443528252069418 0.90566615221805324 0.55939254980718889
0.17721852023893772 0.89587802001232719 0.65930467549993743
0.17346107644274286 0.89460622565561976 0.76618139936765439
0.23883724614094759 0.91054390398162188 0.90064893765649645
0.20664239292985775 0.90465418364763972 1
0.20045820113303611 1 0
0.20006212263121526 1 0.10264382585929022
0.208479922114679 1 0.20208695376116895
0.18904821446537828 1 0.30091251629167026
0.19939016924741307 1 0.3997355411572478
0.20966506068675086 1 0.49801931280293432
0.20595714409918342 1 0.59877182994238587
0.2088630325055254 1 0.70059730100233242
0.19790099456716559 1 0.80149299954077224
0.18847713311658992 1 0.90172447049065441
0.21385351044058573 1 1
0.29537115610636089 0 0
0.2983846175917621 0 0.101341189452961
0.29922748761006646 0 0.20194071541502706
0.30331670302405728 0 0.29444190998510406
0.29854474876673526 0 0.39238239341629094
0.30375712167861546 0 0.49308469434471375
0.29154681110351149 0 0.5948340709710217
0.31226247938497942 0 0.69442583964670868
0.29222368809528931 0 0.79886965280295852
0.30603927692250366 0 0.89816649355114198
0.30944797563468579 0 1
0.3000897944049486 0.099376069448215962 0
0.28783223867569974 0.12883776894997609 0.10591382768795204
0.29692303265526865 0.067002820082162115 0.18557311951684854
0.24774015490159368 0.082206630286647639 0.30805608437923737
0.28618184783461476 0.10710275053191649 0.41905613512856082
0.34300802079027615 0.071374105018236114 0.50840979165862754
0.27285546561841617 0.10348814498246206 0.62185461024668842
0.26667723266227594 0.097797665944182002 0.75604219245057402
0.35067751020548421 0.093105287172023279 0.83323551149370811
0.31189557829586362 0.068885868865585634 0.93313914629774064
0.30391053573983662 0.10013355855615626 1
0.29444071009662554 0.19057601763920334 0
0.29296838759736338 0.21862836243809006 0.11069771793472161
0.30426759857700986 0.17149471033229025 0.21890258681173885
0.27383137066749985 0.17789130840869663 0.31858877689138443
0.31786315528230674 0.21023714147413655 0.40738442788245616
0.25871737355977076 0.20485020364704354 0.52195757122506348
0.3315288786123744 0.21341113605007753 0.61403186534762921
0.29664225341403189 0.19624909459167292 0.70868855284071974
0.30275322856819076 0.20129279091056765 0.81043633414528915
0.32840473907331102 0.16390205484157838 0.90897904670076479
0.27484980580811125 0.19900390597704223 1
0.29285463771190695 0.29312798980124294 0
0.26407193420611519 0.29850610835209118 0.078414250928289311
0.32536117237890133 0.29544000068283888 0.17778543238655747
0.31591665025551813 0.28576555565447948 0.27691218341867346
0.26039812321949002 0.28973978315783744 0.37366030463364086
0.31984982955134517 0.28470015367810458 0.51551685721043661
0.28292445619478779 0.3003357441665363 0.6315081560510597
0.27844287538456436 0.30375739566130394 0.74551891933784786
0.33669942269188097 0.31080754214020589 0.83165193310312968
0.2567681557241781 0.26251894663388059 0.90433813911473226
0.30566632135336563 0.30177616796295864 1
0.31495397965045496 0.39705077741646644 0
0.32880007585324572 0.37305422736762922 0.091336255211645304
0.27351596345100909 0.3872876584364589 0.20013971253260973
0.29342378376187522 0.38552196209371986 0.32328718511912402
0.31484619491110577 0.37903554647157045 0.43002283516292322
0.27004498572695634 0.38531021000112076 0.52787267935343507
0.32806626727623112 0.41291316415863821 0.6133640481179059
0.30265567190441456 0.38939823700824894 0.69884683950587734
0.27107862717877773 0.40562716773760138 0.81619302547259343
0.30680501888549461 0.35229923028899507 0.91936671426216321
0.29999548205819682 0.40255531827879759 1
0.28186760562940055 0.49995917467985518 0
0.29291176252016432 0.5540928008978232 0.070213061539549287
0.31722034681188854 0.48550963998324898 0.18748624893737617
0.30203640292420947 0.49014483554309773 0.27880094653087617
0.25873199818622966 0.4849118362940063 0.3734259933470146
0.27606509354013214 0.48051335847837018 0.48245541324558877
0.30111087410735815 0.50727957792968092 0.58371185195445918
0.35127912981917803 0.50986580011361771 0.67937126188374863
0.3153626537266539 0.49221617670215928 0.77926192337576361
0.28459646146112971 0.47643107515076827 0.90452082458387517
0.31940138442452964 0.5008738894068312 1
0.29369865417284574 0.60302310535492865 0
0.30135668381097636 0.57861276534790551 0.14799565024318481
0.26223946107249063 0.59389532126461853 0.24423117130124647
0.33200810597884373 0.58447463707295766 0.32138101021399101
0.29434870556136022 0.58091475169396578 0.43447684569905265
0.27308584743492886 0.60269718172897668 0.53619702478533193
0.29030437508296464 0.61292076438093468 0.64435016661062705
0.30638442946477629 0.61459961996659207 0.73606070559785719
0.29890769613717022 0.57403544005203289 0.83532579928712314
0.29094554814222878 0.62227073801474253 0.9236597444762914
0.29014003637569946 0.59946319746428711 1
0.31085607584688318 0.70410807915165363 0
0.26133583623793011 0.66408335272668251 0.08938253915785549
0.3024418050105645 0.69671397913962574 0.18236397235986471
0.26904423095361479 0.69450943980621838 0.2973633681954464
0.32871493480253156 0.65870062917960248 0.37776182632609728
0.3062588900222884 0.69796255143321118 0.47122013101840299
0.31638832673765771 0.70943152809708121 0.57096710964263209
0.29038470880521156 0.72821072578318113 0.68322477422925942
0.32662143925771042 0.68610120607394942 0.81648665900550854
0.32937699633581707 0.72994535412111194 0.92376482728849729
0.29297183704308483 0.70022574182201025 1
0.29435502654453571 0.80082861069075106 0
0.25233870097519012 0.77671357711558786 0.088687480594643681
0.28262970752929439 0.79627822700412498 0.20138447368869841
0.28651669771167509 0.81853646306591366 0.30086649125082426
0.29933190857394842 0.75745174152541073 0.39788635736749445
0.27995075592081525 0.81789002184773352 0.51676537060377059
0.24460431900857768 0.80026215547818358 0.60386691748813137
0.27946656172509415 0.83995783425101667 0.70821123504598216
0.30977197027700087 0.77612620422897194 0.77798718051953331
0.30265429443097369 0.81808449601007593 0.87080828883903894
0.29100144787073046 0.80091541916765385 1
0.31068852224760984 0.89944492774071017 0
0.32283983919847858 0.87341522204522692 0.077540329628629778
0.29442760168464732 0.91110893787540426 0.1919589500190314
0.29725334605968046 0.92206631518217808 0.33918702768117076
0.27568991020465938 0.87076405039159166 0.42082657782572869
0.27902671650301725 0.91878154546620672 0.50019911098824399
0.27471492960452654 0.90462832250602454 0.61200230868591021
0.26596883046806397 0.92715487376181072 0.72445823002246967
0.27011026950487399 0.8955280751495065 0.81297775605203937
0.34281487522650272 0.92561570527052373 0.89379762150657616
0.31051720825679718 0.90030788633567704 1
0.29709667798587019 1 0
0.30069989947436548 1 0.10201475612057495
0.30684033367599106 1 0.20285463015096161
0.29026490172965236 1 0.30514638344946526
0.3015748408000003 1 0.40408199727546862
0.30222855876802091 1 0.4996837665153202
0.31024723002717275 1 0.59875640323762847
0.30855938128644445 1 0.70038229681738196
0.30523616897574291 1 0.80038887117771829
0.29014614646288206 1 0.89818866572676481
0.31438266573681523 1 1
0.39468350350672482 0 0
0.3998296370984219 0 0.098490348023485677
0.38323646916844811 0 0.22604205951782488
0.4015189718383157 0 0.30847735904172213
0.39403726009390655 0 0.40640514975528791
0.40880040788025995 0 0.50313623950238362
0.38981432748063344 0 0.59724150717369107
0.40966993203935265 0 0.69176547412868816
0.39574037886268337 0 0.78949085127864094
0.39669547936611216 0 0.89564940967858431
0.40870537098300747 0 1
0.39937616986898727 0.10072659441337639 0
0.37897225590842476 0.06668210211187961 0.077099637725310879
0.39569541536454284 0.10639452023504883 0.19383991677413567
0.34647808586329792 0.08371817012503352 0.29834529037345314
0.38605923124899533 0.11403654222123004 0.39864612143754524
0.34353069394664548 0.16015317020948439 0.51513585666990602
0.37437530197814811 0.096528184652822438 0.60739423251662683
0.3696850972177555 0.09848021717699329 0.72805739573703399
0.44608479505569221 0.080469058717054648 0.8056505703578668
0.43617411484670077 0.12661065394491483 0.90300275079782499
0.40914381162382768 0.099527370488270275 1
0.39171619288238979 0.20088541237134871 0
0.39287841083969721 0.16311919840567438 0.074492249987313991
0.3932919753682132 0.20830191649752636 0.17274927515188296
0.38079324744852411 0.19521861659753068 0.29237865121597928
0.42806742791265517 0.20104388961278824 0.36937539909764011
0.4166538561548131 0.2126219944270302 0.46497671292547688
0.4217070986999012 0.20827785158468573 0.56632938968301227
0.40967989303690583 0.18115210981598914 0.67652441599223723
0.41079367882547302 0.19049257908447118 0.8000885082716318
0.36998632272667842 0.24867175956168061 0.9037300424992486
0.37402133676494975 0.20061942377921635 1
0.39067282025098532 0.30089357337577383 0
0.40564500672257825 0.27128021594144913 0.089794247071486505
0.4189251561180613 0.30809529245436246 0.22672443403709738
0.44488859205157311 0.29813782224734836 0.31951451890239985
0.37335082008674109 0.29788226508233873 0.38840790290319982
0.4057109741652718 0.32724133558111679 0.4881792186739683
0.40439991032834799 0.29995456104256585 0.6242227470133036
0.37900874338356427 0.28189012072093289 0.72421298357953212
0.42527285043191992 0.31899849382415818 0.82166456371124541
0.43091564578290048 0.34221122754982325 0.91304653816710624
0.40870471184555568 0.29865767957755751 1
0.41727609043958003 0.3982339760634217 0
0.39442370954511485 0.390808050752603 0.14283267584845971
0.38710679826810646 0.41240319220409016 0.23994756980911736
0.3959736894007978 0.39521163629512002 0.32497792639942247
0.42770967679637145 0.39753267420697047 0.41844288346387554
0.37402622062522334 0.44103495298325646 0.5026023196939049
0.40111780996086266 0.37651188051227591 0.56520181241101508
0.41515856201809614 0.40065551586279352 0.67549328370567974
0.37893966107063531 0.40196426703098664 0.77008767213078533
0.37780390277845338 0.4313524140403277 0.88237985634270022
0.39190287525708584 0.39910631415663739 1
0.37830930698785237 0.49443501361734349 0
0.36038057368694193 0.47916762554060355 0.086093327998277805
0.41805612816499493 0.51150099232081758 0.1732558461445371
0.42217619453299343 0.51574180280131954 0.28654648870709659
0.36623505068122125 0.48690847210402566 0.39219479750505032
0.37923691633198187 0.54551247518138213 0.50714792833417233
0.42753302746150651 0.49068245657501158 0.59288230780825535
0.44438835351328726 0.49200630135896867 0.71220369392139848
0.44167691105016099 0.49726629055686544 0.81485190651188011
0.38133889219589584 0.53675163394858505 0.89426025333022374
0.42014244413701884 0.49902094841329969 1
0.39487394201368892 0.59351249099642234 0
0.42054392386782302 0.58833177169496198 0.095636609207797096
0.36354557799127407 0.60587220480491089 0.22129401427934997
0.43374565418680283 0.63849548537959566 0.30143246160286391
0.41431427536738175 0.58228944014324735 0.40081091740084945
0.3875072829527183 0.63712678339980355 0.48650505366295654
0.37614559733271713 0.61041330917920089 0.58975791060186922
0.42916014782147116 0.60250092945055489 0.66767283937680943
0.39508178360928414 0.58434806163149888 0.77678227203737882
0.41041139300696611 0.63950948215897985 0.89444712237722246
0.39104054727623577 0.60069095895538083 1
0.41171406165899421 0.69466391928932469 0
0.36441045032043362 0.65561707288102311 0.092223580053126891
0.41628044691932509 0.70218523280288658 0.18253391777043881
0.37146043384231031 0.72322981556882193 0.2852784212748804
0.40939548102874312 0.71807819961839781 0.39391414069405989
0.42867748773090053 0.71162799231286811 0.51754037919047746
0.41299227030959085 0.73113478956827138 0.61046734639723732
0.38701341695921737 0.69641165818675188 0.68858824665749974
0.4214865933367507 0.68943350125266689 0.77027758284304815
0.40608839426912013 0.7450853822569804 0.88184452095776733
0.39132294984091726 0.7014480216699297 1
0.4027310188238768 0.80428891248088874 0
0.36413203992709275 0.76452535902803709 0.099707501289611727
0.37158173422327262 0.81839689854385844 0.19812727965455382
0.41709710934549632 0.8077674758551413 0.27066022657054117
0.37618747983362671 0.82501581363472909 0.3670301048499453
0.36792452713204299 0.80118530599763627 0.48943496431635736
0.35731896302716865 0.8177882687764485 0.60917455441718016
0.39707080724202592 0.8109766147888442 0.71172616230764041
0.41469696386826344 0.80215309485588038 0.81378679679679156
0.37192804889139852 0.84366398605089332 0.9141550648758332
0.39395921717736648 0.79998280858534065 1
0.40596070265553053 0.9055691192340537 0
0.42654826287157899 0.89808756619946029 0.065360286346990301
0.40977797357325185 0.9038225191798821 0.14962410746873012
0.37717025796506198 0.90803804487619666 0.2775640061078492
0.37864318195475716 0.90859831273417457 0.42526521502777864
0.39264796481137176 0.90722223219457088 0.53877418944685529
0.44757316318930768 0.90598925263094643 0.6243124622717342
0.36353902267157973 0.91035707011038125 0.66805551706790423
0.36814138082651965 0.89806018205566662 0.78223474077304789
0.43941014996885169 0.92001920340712262 0.89236597069561552
0.40479756256829358 0.90315714850741058 1
0.39143232871206746 1 0
0.40065545800717423 1 0.069451744418073863
0.39578271266788312 1 0.18321865006159244
0.39068417795647592 1 0.28280928315578951
0.40184480784997778 1 0.38688174437309125
0.39384244156464193 1 0.49644927481204787
0.40792012383456822 1 0.60674927001687262
0.40236575944141711 1 0.71152760668299908
0.41153021766719217 1 0.80591074799470952
0.38734952755464369 1 0.90175103150855651
0.40470714294897048 1 1
0.49260353278699359 0 0
0.50149684070824097 0 0.10534675277850343
0.49505764185450785 0 0.21108675580969224
0.50377051313689714 0 0.3086922064592949
0.49114300046056597 0 0.40792524305154609
0.51127733752565008 0 0.50473752157046881
0.49187940781166828 0 0.60532882649502084
0.50504302063456863 0 0.70798097929065096
0.497225241999457 0 0.81155695281275586
0.49541349577774779 0 0.907102965753535
0.50407755058165327 0 1
0.50213149904405507 0.1020503609203619 0
0.45614751765314909 0.091201209808888781 0.11814224931958338
0.52820383546744554 0.10031958441718063 0.18577269877396246
0.45338860717333596 0.097023867571386688 0.29307491934258922
0.49494399111102511 0.065529466237140607 0.40548567012801373
0.44764240622856782 0.10158012651064367 0.51302851038467101
0.46227849041230673 0.08700465132738551 0.62853345599519495
0.50700757453612211 0.10345205682677504 0.73030262624165287
0.53425450417289966 0.076542563508964018 0.84656740267735864
0.54503374385218439 0.11673166110665024 0.92620275195893664
0.5103257637647306 0.099451174212838098 1
0.48896937813680452 0.20495846937053344 0
0.49875181266202528 0.18515113938217626 0.11039012278089576
0.47423384296346838 0.18944168715537657 0.22781933778092195
0.50807402711784466 0.20294738327974851 0.31630083345960258
0.50566772241727542 0.14884108474143462 0.409700414425616
0.52154318073747408 0.21109471793128612 0.51389450048209617
0.51133132386295144 0.16237816687881521 0.61596491009930732
0.49566553930586338 0.22964642991063927 0.71823208136442351
0.5312752656993559 0.17381233025948681 0.82680666559334104
0.47518755650706324 0.23075510376120636 0.91490046785822587
0.47527095726222757 0.1974669489357887 1
0.49310672980812875 0.30866379516169434 0
0.54214183940780025 0.26075928888826516 0.088630381407796222
0.49414218640659002 0.29030681034497063 0.16121919601916651
0.525355724951033 0.30491885824646953 0.24533147731441074
0.49662675371037163 0.2699644627909113 0.41739667092437327
0.48905283616560963 0.31003003698596593 0.52595694945094507
0.50307307226756037 0.26903324002101964 0.61935097596164179
0.48799740247650197 0.33068143267181588 0.71677368847820411
0.486482222036486 0.28133140709760424 0.80740044006059797
0.5341009035566644 0.34050565504493985 0.90155323784949748
0.51189078134528765 0.29606276061127607 1
0.51707958611279847 0.40965485370713184 0
0.46620085542211598 0.36195616279333692 0.08288630633421723
0.48539437566164745 0.39716811392474682 0.18058593152279126
0.50245513901179906 0.40482791627995085 0.29495448739755947
0.51555688010797729 0.35691892244885737 0.40342594891000888
0.49162078264349962 0.42382415277588448 0.50252088366766468
0.50692007796118799 0.37928655936265382 0.60635977196504065
0.51606090268169136 0.42048484935686609 0.68469030311276868
0.48767979895330688 0.40052794966267447 0.79926986639296682
0.49071335477790473 0.4473645500688519 0.91288924393534754
0.48894411588269293 0.39200375780640534 1
0.47601720640625661 0.50388436981770801 0
0.46910699409230172 0.47269926561882036 0.085828547306987468
0.51753450144148627 0.49262388049013156 0.20503311207656624
0.52320770812590889 0.53331611552327862 0.28834053200875642
0.49083181989465074 0.47380382818388395 0.38337353594551143
0.46824445073426196 0.51390405682052764 0.47763551119994896
0.53143945916316193 0.51103025928608503 0.60190651800364903
0.55060242576772922 0.47980555622230026 0.73763455640071107
0.53638335100861889 0.51528849196599591 0.83601738026701022
0.48684752762968991 0.5499422020413236 0.91888010992189229
0.52019584317021739 0.49291476837978099 1
0.50595554858914393 0.60709284470439262 0
0.52777865822758385 0.57185056087027974 0.10581752814098513
0.48034961884882937 0.60859824678969565 0.2010254863428371
0.54298455061600936 0.63974830035365593 0.28382273569248534
0.49563110007361638 0.595847270732205 0.36957307693913188
0.51084220507589406 0.60329368686675644 0.48646737616574998
0.4923214394749954 0.61560687787604496 0.57627070498216104
0.51207565424188295 0.57410561852142172 0.71892000371539933
0.49045647561891154 0.61059906969326383 0.82239550091752911
0.54937610173141327 0.63258855306260131 0.90433454358340681
0.49197964797200022 0.59047174590781148 1
0.50674928170452327 0.70975742746661397 0
0.48100012560451355 0.69659515861505039 0.10911404734751884
0.50093718014610267 0.72230682524112677 0.24618437465115339
0.51301096545854141 0.7153342678012643 0.34748467970816604
0.49950867048285319 0.68738473541842382 0.43754041686856632
0.53075145911733079 0.73318253026792057 0.51473815649055732
0.5060525294776167 0.71223993211633729 0.62450280426542626
0.52270401060545835 0.67017588536547634 0.71556029746011585
0.50417281789475543 0.70930784528328783 0.82136351470047408
0.48509266425125591 0.71513372507452189 0.9247929851534209
0.48855639594458639 0.69255999572143079 1
0.5075689538765763 0.80494136359231006 0
0.4624823310701297 0.79666628767123249 0.088039365371675143
0.48973069773597439 0.80077731971423405 0.1770480847518516
0.48367926391795346 0.79626880448166115 0.3205922670836821
0.4549181855703211 0.81091680546370515 0.4405266224140566
0.47365660327491127 0.81328748998324685 0.54186075036262715
0.48771944258341887 0.82304225748475968 0.64207941291941262
0.49171901525856582 0.78206309610277835 0.73023720233539813
0.53257833898175755 0.78830651926903628 0.83678530237233628
0.47331333565737371 0.82432260190433471 0.91626760373682137
0.5026751879967436 0.79160669770710335 1
0.49939618235066996 0.89827900209449496 0
0.55027332609752699 0.91739842028742313 0.10159629277974601
0.48182113698573109 0.89561371357372888 0.23174041882446117
0.48012981508375335 0.89518310318659289 0.34056794472868024
0.49325278124490779 0.9173055248370694 0.44971310037352019
0.53177887254192935 0.89877643159605858 0.53777804291734255
0.54990337796654731 0.91727301491512414 0.63655018148591913
0.47856120966308391 0.90672030002710702 0.72379712948883224
0.47506527369364399 0.87831824646976264 0.8121255858940587
0.53605456133358931 0.92957132599579539 0.89336513934420081
0.49622986067289104 0.88645845715875904 1
0.49695457905228296 1 0
0.49985379731078189 1 0.098069562459176501
0.5043460690918985 1 0.20503121334590568
0.4948153637037831 1 0.30305222284885108
0.50065893606800882 1 0.39763503428738783
0.48797056950744905 1 0.49319723206960031
0.50708391655536222 1 0.59023917508137047
0.49943433766467088 1 0.68790376938108022
0.50891163741338741 1 0.79205680824586544
0.49441365044226288 1 0.8949432836677389
0.50034617515543389 1 1
0.59178644505127098 0 0
0.60171609440416607 0 0.1007425020978702
0.58912476885563803 0 0.19785748514588819
0.61041198146417552 0 0.29854275100694688
0.59541855806006749 0 0.40104663812399988
0.60592978813564213 0 0.50212231087356385
0.59456215691996539 0 0.5992596722279232
0.60149804184489741 0 0.69922920670691635
0.60062612977276775 0 0.8007306940729958
0.59771338583301459 0 0.89954958767484683
0.60070305335955299 0 1
0.60192515760711818 0.10669705926433684 0
0.5558970265005132 0.097959999883289295 0.078790861824423436
0.62146871177408636 0.089299661003122713 0.19214365465290276
0.5566427375593842 0.098072675133841034 0.2962371906707042
0.62333854111905151 0.098455037186038735 0.40860717572251254
0.55580689620684254 0.093483078021168453 0.51637757788551242
0.57233220913657101 0.098616789685705392 0.63353596731721951
0.64339428323445391 0.091638506408331766 0.71396031724633324
0.61090623776967945 0.10106273289414365 0.79524390970544845
0.64656373111659438 0.10867131939542199 0.89362651584361741
0.60976783955681413 0.096623195121188957 1
0.59474731385818447 0.20707459221870458 0
0.61435030058456175 0.18419909517757826 0.11153195919578734
0.57289047114954195 0.20603254750344974 0.21834661920878082
0.60214171898343349 0.1948344136017971 0.33353275262657534
0.58431737634945369 0.20427303247280265 0.42713177139118197
0.61526941830203841 0.18228348568852712 0.52995379457933522
0.59100228399006083 0.21604790726147088 0.62536777060494497
0.58757698496729649 0.18084154173598616 0.71859272439376431
0.63870728391616083 0.21672220662545469 0.81791864104882717
0.58985213329391328 0.23295388736678888 0.90427213452521327
0.57532966694607723 0.19518015020423624 1
0.58914087724034614 0.31106601833065201 0
0.64732224381426695 0.292357409773702 0.071582214366398653
0.62852623982619094 0.29696469772425405 0.18270744987048806
0.56480597820645018 0.28937518629055087 0.32066327737648515
0.62661816444731122 0.29387948991873719 0.39282628290282162
0.59632462268733422 0.31058064082887066 0.47526825183936633
0.60129092533900708 0.30737621328343895 0.56632377549022594
0.60375475382566191 0.3128042721505645 0.67549412458520508
0.57394976788949137 0.29119077484005029 0.77658245702292028
0.62016396266894025 0.32547217327120226 0.85394518916162243
0.60936777793780783 0.29676898373726568 1
0.62089967309970462 0.40298750499946789 0
0.56411259304572159 0.35415773443336146 0.095501294475961243
0.58182621136356383 0.39144614555160789 0.20516285108979834
0.62160937681593686 0.36644352113224277 0.30033706401012866
0.59892611815826047 0.41823006392975504 0.40667986948384716
0.57796745286244777 0.40755475409737602 0.53229513300483722
0.6171904491303043 0.42374156690267689 0.6369662938415771
0.6151388838049433 0.38571649760466442 0.74692330639164095
0.57458551991440476 0.41120766032321332 0.83880634647634988
0.62510208341212259 0.41216149179830608 0.92053592590895572
0.59013371843565077 0.39738490917852487 1
0.57836398732463867 0.50742525363237367 0
0.57218393649887 0.45183626737607491 0.10510314059408254
0.62795942401658322 0.47683148454399049 0.21972800958867042
0.60133098721633838 0.46227854029055898 0.31404967163456776
0.57087118105498413 0.53433819847939734 0.40337167855210732
0.59149400504982419 0.49786716297074129 0.48697257604618188
0.64036335462937377 0.51076229007635299 0.57274642019086042
0.62720747495352347 0.52032765645870482 0.69348132416039088
0.63659291063367107 0.47075853619435648 0.81365844245344388
0.61299943631798626 0.52208135738613271 0.9114217432557189
0.61579635507882902 0.4983683237479708 1
0.61198850105384861 0.60028907290871969 0
0.61147321587859604 0.54287831910965823 0.11827397943291589
0.6017820019797343 0.58892285771874675 0.21186198410977733
0.61372621801591909 0.56511244018623286 0.31029054982312942
0.60170224769154868 0.62975063427487787 0.39057245709709248
0.60513800039876475 0.60952322415184346 0.50959059650996907
0.58650835631621245 0.60457936370137277 0.62564852312446095
0.62677831441459808 0.62040288705225843 0.72011963218086961
0.59809619703371486 0.58273350904379595 0.80143596846650056
0.64690090011590473 0.63518349545232489 0.90782208601390424
0.58988593752796703 0.59818056039233825 1
0.60507279395957325 0.70142544408038077 0
0.60426954629296359 0.65303434838980023 0.095853382053254901
0.57592509094115851 0.6990281245833424 0.1792784318125957
0.62223114091763632 0.69998067237431139 0.28301738608957339
0.60096808184841688 0.73484052983992654 0.41459611190811607
0.61110225744543223 0.67556957792307215 0.49262537666250228
0.6044473723100805 0.70175500302514349 0.57879035327967177
0.62136273198556746 0.69031964484025166 0.6672021739313192
0.60867481219012443 0.68969214952324553 0.81027785910484129
0.59661934888752943 0.74324051773590472 0.91303119704155722
0.59034435201935787 0.70123492720625369 1
0.60211833310750607 0.79899250403254485 0
0.58716134634448425 0.78975911553218747 0.09743207219344785
0.57481894026379965 0.80908173206398915 0.23831245763140244
0.59252254427173945 0.80861754960766119 0.3266884831882324
0.54681509728839417 0.82004393340427184 0.43229800266509522
0.62952081706218177 0.8043029475976855 0.51306041529393787
0.5804284813985997 0.81323611806903662 0.59471162435700287
0.5902743635964719 0.76516312314827717 0.66700856164334199
0.5976276146705255 0.75965329532495918 0.75658159278521708
0.56848917051789738 0.84523332452040512 0.90733704453317998
0.60611857614363418 0.80698788499645635 1
0.59830526403797546 0.90073637197350176 0
0.64469042826571654 0.92040467138846993 0.10494226966652989
0.58769630816492924 0.88212018157471683 0.16952334999921154
0.5938846918873566 0.91058385842266387 0.27025757398987293
0.59542221834122622 0.91488177978797924 0.37224035309256531
0.62249937429983093 0.90780799587444161 0.46633719221486181
0.63349557795899003 0.90483472045635993 0.56825349617642074
0.58819515016753166 0.86272681537344675 0.69460937642997722
0.57146087337814033 0.88636201422394312 0.78554545747186744
0.64137671388541528 0.92181710273135242 0.89015968881036767
0.58742486640975389 0.906209550627328 1
0.6025196784955299 1 0
0.59658458145107374 1 0.10032977237253767
0.60060706605953607 1 0.19922833583685007
0.60290203306204682 1 0.30034408337806651
0.59597269884652693 1 0.40101944429607328
0.58987083696246201 1 0.4987148306880399
0.60445623909966539 1 0.59927673511421098
0.6000241602052977 1 0.70444930233039516
0.60586069089241168 1 0.81306916381875249
0.59642781602677597 1 0.90817971254169749
0.59965234721117888 1 1
0.69152464108945266 0 0
0.69880662605661659 0 0.10050446500096233
0.69078771828671881 0 0.20304527776663497
0.7103390282328812 0 0.30153147874523833
0.70559144492461245 0 0.39791867460536251
0.70886240390811717 0 0.4941716938565045
0.70240616477087658 0 0.60061218840835895
0.70179606947141648 0 0.69940777536080112
0.69903801843211999 0 0.79938300584037192
0.70133339130925498 0 0.89933121345333134
0.70194655040880616 0 1
0.70538146938163993 0.091853979475255518 0
0.6575726490313667 0.093554800173368924 0.083469050007930021
0.70307553272960854 0.1175884339165193 0.17866145405234254
0.68328708643890146 0.075614820495289239 0.29797894719020679
0.73756432269894212 0.091327312799059382 0.40092341518017705
0.6968609940219761 0.094036575183434529 0.50968419567785472
0.65469818634162857 0.070521756934232585 0.59833828457495042
0.73406263267521832 0.10531194900485193 0.70256188587534607
0.7344052313343864 0.068938400681953102 0.80779389520495082
0.74437057701338061 0.11060832684945603 0.91456913216965918
0.70165684583634425 0.11006473503727336 1
0.69703632423199591 0.18925495500265097 0
0.71807444192797654 0.21048724568400032 0.10434589107483473
0.67284490619740212 0.20257716041347751 0.20949470946716539
0.66006522773073073 0.14726093087420675 0.29619337121065875
0.70815180902559782 0.20145822112359962 0.37219873694715877
0.6862549267678123 0.19782698123013215 0.46456514331581827
0.6860014175272483 0.15831008025903726 0.60994876856823654
0.66482104251416008 0.21984135690484055 0.70276481449210548
0.70616987595628944 0.16227393369037574 0.79134968237874825
0.72890972015448141 0.2147623116014819 0.88610258038816225
0.67587402328527946 0.2066042900567909 1
0.69399319379958102 0.29275519642214742 0
0.73852548095561943 0.32902964348954739 0.1124667425863449
0.74077034424968702 0.27341469798308793 0.19932818455040449
0.67736040495988303 0.27514112080593001 0.28207945601647216
0.7161624667885349 0.3064456155688115 0.37422684209934104
0.71891162161666189 0.2841370108114542 0.47135032897469969
0.69165389356024076 0.2489818923920111 0.59081714013142284
0.72690610434735603 0.30647475588039907 0.66817059998493888
0.71156496304921291 0.29215956270343896 0.77226032364645647
0.6845844569115398 0.30821977222581554 0.90057020966398671
0.71260413858364968 0.30118234204644484 1
0.72064734816374165 0.39277660302696338 0
0.66008780150370605 0.39677746167708711 0.11261596241854299
0.71067426979997839 0.38646695596165948 0.21858580268183486
0.72267790778365049 0.40997719310289815 0.32112345552594884
0.69373826250352577 0.38587308083317645 0.42140088488766225
0.67506323718437289 0.41732753195161182 0.51061908777628551
0.68965312879691976 0.3613719285631114 0.58953152044309887
0.71343899584200265 0.39031533999380491 0.69979529471178881
0.71196127482252081 0.38918233961909399 0.81978102471204728
0.73176655591196438 0.44199369493084223 0.90410538502737392
0.68860705142313083 0.39707419488056994 1
0.68262626079054556 0.4926085642947749 0
0.67987945722916709 0.50083969123130334 0.067882011275784485
0.69478600893492337 0.47502548021038488 0.15666275119780265
0.70871466930413096 0.50820067622865495 0.27198958749746488
0.67815095020494465 0.5158619795887931 0.40295286687192267
0.73560581192250463 0.49755649957283626 0.49096504306757199
0.71352462740803724 0.48560269042199772 0.61924048868521719
0.70580451834351365 0.46779983880874687 0.73460136383460672
0.69213119582070992 0.53337537610848029 0.82467679531964078
0.73599837541781998 0.54880298214111645 0.91025099019867783
0.70840243553950111 0.49753804135564628 1
0.714211364264004 0.58780429348300767 0
0.70793158815640866 0.61845100268180297 0.085616454284382415
0.70037713543532443 0.56620470720165494 0.17883439832824127
0.700396749374538 0.60489007067550382 0.31060861320517463
0.6941204083250011 0.63856152914160313 0.41812151801601838
0.71635609692324009 0.59055075941377055 0.51103033886406091
0.70709024741210169 0.59766331779924187 0.62782155439991982
0.72243943906754537 0.57790346463728659 0.72658194563520817
0.69690504382239415 0.64089540023577185 0.82099158808225614
0.75696713497792101 0.64755547176874217 0.91675965694367323
0.69152363546940099 0.59690048307179244 1
0.70361501639504032 0.68900147779129417 0
0.68752385617436684 0.71395772674386826 0.11894041941637497
0.69563969921456192 0.65945632811922805 0.19995955735336973
0.73992087587067601 0.69789910827885393 0.29836819684193749
0.68116692966957815 0.72457037561835036 0.35966273892306977
0.7009370016633103 0.72482579663571334 0.46256440371113278
0.70187675806596428 0.69630048849386494 0.56744290362604133
0.69528539719491966 0.69970649163642828 0.6997215785374965
0.72757816933800812 0.71642366567841675 0.77413486312340563
0.71121571799993888 0.73629179331041839 0.89033255112456666
0.69528969012467945 0.69989788290755672 1
0.70942791045316145 0.80472087428933758 0
0.71801250818445028 0.76778730506700188 0.079324096335085428
0.67126047916327625 0.77514438309295208 0.18998759208942348
0.69990111747665829 0.80324392493808427 0.28227044233345383
0.66285779530161948 0.82492503532226213 0.40512919901043998
0.7426140609818227 0.80430336053524332 0.50969919357993665
0.699949688782182 0.801092588255787 0.6191500646514001
0.68216630711017356 0.81033777090652548 0.72675390688616959
0.64839814523232076 0.80848137486468818 0.82851750888172149
0.68177573915787226 0.8307457808633163 0.91608045546846151
0.70631245250960972 0.79574749944736434 1
0.69957470653860498 0.89823376585561499 0
0.70722414870766803 0.85979291147726222 0.091303641287233922
0.68474215106989544 0.88872790032478222 0.21619221063310365
0.70463703942770761 0.9059751261294392 0.33555370322481676
0.72603301792479613 0.90072860041177838 0.44039128701599489
0.72518570768024759 0.90076425468413968 0.5444179475264439
0.66621716067665182 0.9091778230401083 0.6577630086012507
0.74787460807412698 0.89836404127586711 0.72886090685501381
0.6596014273530284 0.90770998897083066 0.7705901414716847
0.75445427887841909 0.90403037217468751 0.93231733540650197
0.69347709207453379 0.89748307936921901 1
0.7076458368508074 1 0
0.68424198068665176 1 0.10165290080683942
0.70445891363776891 1 0.20010861999120169
0.70713369091104883 1 0.29889847450659035
0.68859149765041727 1 0.39823142943216444
0.69169190900395761 1 0.50413950518100581
0.70162369653305423 1 0.61129861965768306
0.70306958845602718 1 0.70392621892600715
0.70173946171111756 1 0.79934541374258972
0.70003231477583305 1 0.90082729015589924
0.69813412061804025 1 1
0.79467109089629562 0 0
0.80084593359116274 0 0.099699389606636449
0.79110478221223901 0 0.1972537392932219
0.80895109658314812 0 0.29745466033341789
0.81065240313686437 0 0.40163043161616663
0.78891026587593049 0 0.50108706021078853
0.80578994853713881 0 0.60641490668715692
0.79998865501676042 0 0.70953366076643598
0.80055927902034929 0 0.80853634632394467
0.80061179782970637 0 0.90452558052690235
0.79932313258425369 0 1
0.8027192530993531 0.10444936565122534 0
0.75926165257546685 0.10091709460900344 0.083313143799005299
0.76828721114860954 0.074045161028307688 0.20125804590642327
0.81047272268169723 0.092815965258551139 0.31117497173688452
0.81557474023326693 0.1367412672352368 0.40159770374160925
0.81914650739008665 0.090686176223128939 0.50025478994245387
0.77430933057289864 0.093340125951689765 0.60569823873031048
0.83654318209567158 0.085739205250991088 0.7006169848955045
0.80557340031468838 0.11929175867381017 0.81514128213555903
0.84579280843399718 0.076402635436148336 0.89579934895801716
0.79439570210784793 0.097990151053984467 1
0.79832081691509849 0.21101846004611988 0
0.84000650401233268 0.16467611600224163 0.099523115580182328
0.78830068994383118 0.19087594078969372 0.19175448362480899
0.76287710082805882 0.17839466989973571 0.28492318378079362
0.80270265727636958 0.23398985976021702 0.40017030148957733
0.76376942984149965 0.1845094714810919 0.50618403860533778
0.81508935118323489 0.1986521273861967 0.58860255300526809
0.76209681539794127 0.19837836135090917 0.68073028438839489
0.80843446715980238 0.19626147922991602 0.77631418393209828
0.83045330318401156 0.19338089274610437 0.91103554971440048
0.78590171478712467 0.20179158998481025 1
0.79833022374292906 0.3131628299835767 0
0.80524103011087123 0.25646704374463319 0.080854522976352511
0.83303752158001254 0.26775968298233516 0.18565897740774395
0.79219245514670622 0.29947809997792246 0.29648196811824162
0.79900573533790709 0.33326800353042008 0.40579262116084702
0.8295516063928019 0.28038478129654587 0.50156524075909625
0.774039338779828 0.29675957052949842 0.58682482501802391
0.82703699599248548 0.27076986072600756 0.69713047357441249
0.80736542955175916 0.2899422707384583 0.82206934894209338
0.77455787382233565 0.31489298996055171 0.91996645435095115
0.81204839397139483 0.30107861461232249 1
0.81458357144246607 0.41689839341497181 0
0.83277006512925766 0.35372166371944502 0.09075943135499516
0.81478681580360812 0.37084425205294458 0.210290382152168
0.83307711527718686 0.40109085127110383 0.33444813450252009
0.78895737031383129 0.43596870055538611 0.41726778388100799
0.79563259707258849 0.38531269929001544 0.51094434927407206
0.78019771109558367 0.41521804351949237 0.60144678649376182
0.81318648432844409 0.36371008359107465 0.70705171108487019
0.80735745415266191 0.41549852329479792 0.79250749973733792
0.83955110094266494 0.37248140647178746 0.89812747867191955
0.7902384519008786 0.40673137686557337 1
0.79207185184419249 0.51358745157511743 0
0.77062885884388199 0.43403014432885184 0.099917213782350578
0.79122511529644213 0.49050290204896091 0.18311905526848529
0.82047900656989625 0.46973493356942903 0.25864186908595382
0.80306418778720823 0.52084801181742879 0.35156972855491531
0.83257486111402368 0.50328999319690715 0.45730890035596133
0.81071209751879314 0.51364353720207112 0.57691178976608481
0.80839163894758592 0.49244346601740874 0.69027448134675529
0.78590246582502465 0.50880878042894606 0.80716579851112458
0.83085760349101778 0.4742843168407383 0.90383138906393634
0.80235333105268669 0.5079420724417244 1
0.80689765490015031 0.62073718427104163 0
0.7874535326437655 0.54756557064093692 0.093699400274479178
0.80443906755800798 0.60841829310177553 0.16272679990587413
0.80217075288114414 0.58962915246958114 0.25251714671267689
0.77474013266292374 0.59676161068683831 0.40267833359582006
0.82666086870893429 0.60319167841111843 0.48949424087564658
0.79660178948782512 0.63556440161774563 0.5814482216246758
0.81552435941537149 0.60676272622467753 0.70491377237161545
0.7884670998962795 0.60941598394069019 0.81058597433434054
0.84308193190428249 0.57813712041671217 0.90089744107315139
0.78668251399608946 0.60842710420762625 1
0.79892433349344771 0.72031968360777265 0
0.80048058772838371 0.68360262649286541 0.099032426482653271
0.79012350947023846 0.7095402426189672 0.21113500250350722
0.83043428493963112 0.64253464224843759 0.31641905089999356
0.80896985486152817 0.70671559806628503 0.39445428907268176
0.78412592107397616 0.69500598880980191 0.4871905767234358
0.81829660478795974 0.74086106262700524 0.56666021155860036
0.77952987587636957 0.68247094683592613 0.66635078757129129
0.82399611983148247 0.71171371338040723 0.76462583976974652
0.8118085840289242 0.71457844065023091 0.85814477309837178
0.80446667806489147 0.70771983184446241 1
0.81612780888251768 0.82187948658766441 0
0.82709093051043314 0.81021944681405711 0.093001505255583025
0.78310860382705183 0.80435527703235354 0.18333337754363971
0.82549938206180085 0.77192534975278937 0.29079209466331729
0.7680970654698851 0.8028576921518723 0.37900993404101108
0.8347094020574396 0.81481501887855978 0.46483455524365325
0.82514757190554799 0.83706804277833124 0.59215363337464599
0.79686636856965298 0.79392401471911223 0.69543449989781925
0.75903844697647571 0.81360268847180839 0.80788702509346222
0.79984959532519695 0.80296320517402109 0.91225111327810537
0.80291713177214075 0.80993201186392172 1
0.79438168503440465 0.91072334407945754 0
0.83598798026877619 0.91440233979671448 0.089621558522255215
0.76129873293676142 0.9116924079483133 0.15804152395056453
0.78656948749111555 0.89192260329448092 0.26919873298680308
0.82747590383980707 0.89727216905528806 0.36902502503880996
0.82327902837883149 0.91334479710279204 0.49423715496677312
0.77937989026122023 0.91145559140102261 0.62924090092885676
0.817812679716028 0.88367523955263172 0.71928864136354498
0.8257224971301883 0.90718337326496923 0.83337900564131173
0.73228706637707874 0.90695826354596276 0.84317105861163322
0.7931056231277166 0.90576959107819488 1
0.8028119739119185 1 0
0.78408576559325838 1 0.098927036954448294
0.81010271752117979 1 0.20148379327034063
0.80768373099782953 1 0.29495314523595467
0.79209407941886667 1 0.39323260692154749
0.79326764051092413 1 0.48994047536383056
0.79968754638971484 1 0.58530399336730476
0.80501553749142563 1 0.68853176353389056
0.79771602901270233 1 0.79300987486979979
0.79842097162063241 1 0.89826135719607991
0.80198711519915944 1 1
0.90129242223112505 0 0
0.9000295815408148 0 0.10147936650454133
0.8973820833609768 0 0.19788220504814297
0.90463599250562166 0 0.29776149437923383
0.9055200385642187 0 0.40519146834964109
0.89136155550618523 0 0.50754806725063095
0.90976163200822524 0 0.61196785890462868
0.899953010751816 0 0.70857029436456254
0.90009846055492126 0 0.80541441771699651
0.89897355297557957 0 0.8987700833136707
0.89953879342184884 0 1
0.89815612862865002 0.097092330784911016 0
0.88546408812791166 0.079701423708119321 0.12827612419133225
0.8571720239536661 0.094994140752953496 0.22247505555679004
0.92811531903547029 0.10737703400164272 0.26856947201158915
0.89996844533968146 0.074072473936709571 0.35486025105884833
0.91139766038772074 0.093237598755381387 0.45507405997054773
0.89392629996307449 0.10883338927568484 0.57691876245014551
0.93183693683591617 0.10274343479807231 0.66429257454425783
0.91133771201172997 0.10937634759996416 0.76946769071526
0.93102034095474273 0.099015027239095249 0.9119458764612477
0.89744961258360734 0.099488473783705192 1
0.89761260089436778 0.18688663038725378 0
0.93583826390358194 0.1733733856657621 0.069926078301187938
0.91708796597625064 0.18126533104828971 0.18736098668503468
0.86363073602966423 0.19597174585199936 0.2864437707591026
0.90841701317127321 0.16979991222847449 0.37173350091851498
0.88974125204789767 0.18851238566298262 0.49082571524540125
0.91722658854535677 0.23058391099665851 0.59622495077049043
0.87990942484897761 0.17769364941621582 0.67742389857108809
0.91194363146783342 0.23608909744012169 0.7698922478299095
0.9011986965056491 0.17660751871484745 0.85571036142602297
0.8974279131042584 0.20133763245185049 1
0.90014966491888537 0.28030337128974581 0
0.90885228333160062 0.25411026958406951 0.11629762033028598
0.91049604148904706 0.29359928949601566 0.23441749388101382
0.89965242388139222 0.28112634081944843 0.34474146282983481
0.90832648841950225 0.26610691062312819 0.43784038890173188
0.91713292805666113 0.3296564949962239 0.53259640848627998
0.85938904039316877 0.32226326129558219 0.59798952628330659
0.92065823211634545 0.31312540516793036 0.67998965780268428
0.90221587741536369 0.33787601194761568 0.7851661628998331
0.90538069039504776 0.26537028132629814 0.89569585501181515
0.90879195445434569 0.30600037944979774 1
0.90184671947136685 0.38394844035525344 0
0.91863747808213903 0.3467675848048678 0.11770593127283965
0.89905287456350402 0.42417488114768281 0.17811342911991995
0.91333192563063215 0.37264385200041528 0.29812998616121689
0.89654627379979779 0.36666985670055524 0.42903403658026329
0.89821504358623261 0.43633049170510146 0.51222037951712029
0.88978322712245261 0.40996949580230335 0.62304009790297132
0.90595580832925238 0.4327669070803748 0.73648975356864732
0.90824392413834332 0.43870270150769047 0.83695544306855962
0.9346348259515207 0.36096986864727915 0.89831976048540541
0.8926175281769485 0.40837902323962189 1
0.90817060067033351 0.4945034204118845 0
0.88624450120039289 0.47154227261726889 0.10799699232364188
0.8957997890412156 0.53431188360996218 0.17696641809445876
0.91151137683981154 0.46822200106094308 0.27816932949307316
0.9114597045882572 0.47231162407489596 0.38524168928617403
0.91075207458711704 0.54156053441999319 0.4869658211842488
0.92908337762161841 0.51889537692168652 0.57529645622514036
0.91123782562557787 0.48803816621239271 0.66320910625354368
0.88869861866095334 0.5281435831850394 0.79604305815100629
0.92166523466111983 0.47034139100543687 0.9206812975160481
0.90090551884371139 0.5109449922726309 1
0.90117971811704234 0.59963449836327065 0
0.88904019281030844 0.57509920836056394 0.075162039791693419
0.89941912822861825 0.63807347889242716 0.16629034083200361
0.90689890657361694 0.56779056029302588 0.29340118827649125
0.90132721461912224 0.60702014132537818 0.40795221609164939
0.90840271292188157 0.65668361496103711 0.53449127092060944
0.87380605690651902 0.57773633680162251 0.60458447599104692
0.91928062953569734 0.5767430888496683 0.70165741700469775
0.89189110360201784 0.63718290953245049 0.80043386954639295
0.93504651542532102 0.59932362223108948 0.90109914212943309
0.89486254079379035 0.60808281393819585 1
0.90128300068937439 0.69627508354233658 0
0.91101156405665296 0.70307664918803803 0.069055013766953915
0.89348540261197329 0.74965351728293228 0.16371705921957699
0.90581732956499794 0.68680862933544029 0.24700294642146345
0.91623871494198417 0.69707401088339838 0.3377172834047068
0.89979216890816693 0.71938897814435221 0.45221456058178006
0.89930405290595694 0.66733249149336038 0.64036427252989625
0.90691621689069712 0.71772562498448944 0.72613566830851539
0.92226358986971513 0.7191978071611369 0.84067659587671206
0.86997461955698352 0.68741745057701431 0.92269239024020788
0.90708058121999713 0.70559998766306875 1
0.89969701632752519 0.80006479678560782 0
0.92572713420440722 0.83050932261869359 0.072284171162734195
0.91136038645251793 0.84338866420564418 0.15962225591983673
0.89794051439783362 0.81992405329588547 0.26312987297925872
0.90181229307204314 0.80611313157250686 0.37785961302193294
0.92037750653616512 0.78774124754489228 0.51925557273746281
0.90649197437252427 0.76909544133049601 0.62723870901705547
0.91348144880484683 0.83306436754271884 0.71535805576122147
0.86975331838540393 0.80784971872187605 0.80945599110668176
0.91720529940034368 0.79976264785629603 0.90940056653821877
0.89777351830956875 0.79971646124723905 1
0.90001019934554549 0.900640355132584 0
0.93376431469010135 0.93548966915523024 0.10351434217512751
0.86555942049210122 0.9117598088481359 0.20318946948861794
0.91428306429938611 0.91831074367756316 0.31348937997506221
0.91627643435284123 0.8947754824419748 0.44635905518346702
0.90204119769433455 0.89935686183539731 0.55680947620819177
0.90348131854822356 0.91052393029050205 0.64861486604903162
0.90475370060695204 0.92650770356141454 0.75561837091842332
0.93045210817936774 0.89366421695185949 0.84071586074903881
0.86425124404592479 0.8959292170231512 0.92160121672690865
0.90008638194719803 0.89911496194334539 1
0.90048599235118154 1 0
0.89097595130491059 1 0.10436997606769359
0.90532541033974701 1 0.20673242862239569
0.90124402942413828 1 0.30905393546996135
0.89846518475129467 1 0.40992737049851297
0.89755073001138874 1 0.50877954354019683
0.91665419207396737 1 0.61781400790104002
0.90032884784204714 1 0.71000480333526605
0.89649905996446544 1 0.80979437376914987
0.90118252306757629 1 0.90244362604135131
0.90094072035769035 1 1
1 0 0
1 0 0.10058764789413271
1 0 0.19906170737211318
1 0 0.29610822525583147
1 0 0.39062938780708095
1 0 0.4942612839211124
1 0 0.60552688735414029
1 0 0.70395226552759482
1 0 0.79478499539708003
1 0 0.89642595427530525
1 0 1
1 0.10027942769850402 0
1 0.08793109497971395 0.085691620930840012
1 0.098842868051065222 0.20219978445398826
1 0.10466945391275403 0.30900227236994915
1 0.099842536673572582 0.4108667502717368
1 0.093068022946024717 0.51127786668707376
1 0.093373839395501659 0.61116560042282975
1 0.099183436089149618 0.70983360805975426
1 0.092432486660385282 0.80970600116135916
1 0.10820383761125435 0.90185019797503185
1 0.098224440414949807 1
1 0.2060542535160744 0
1 0.19861360691081137 0.099261019902306735
1 0.19747236661150158 0.20408914897597755
1 0.20718180020734908 0.30728745245644756
1 0.20138148538292558 0.4078289198903069
1 0.19109610614792025 0.50986338573087786
1 0.19656952480499817 0.60969186352278337
1 0.19940927915515602 0.70716850264116604
1 0.19087573356896262 0.80440344690400423
1 0.20496781626137667 0.90029844912716117
1 0.20141224656677231 1
1 0.30640757952298769 0
1 0.29795644396431259 0.092135361260116344
1 0.29756938462368115 0.19087737285491621
1 0.30113091817493232 0.28883352114609684
1 0.30367528904977725 0.39133519279504309
1 0.28442150436133845 0.49727042263745863
1 0.30279907292576874 0.597572292458867
1 0.30159929686354364 0.69815995916754137
1 0.2965852563459741 0.80027174997911399
1 0.30044623276086008 0.89919372726655489
1 0.29438694582859348 1
1 0.40417536825808636 0
1 0.3987895304150908 0.10017363817549241
1 0.39515148029123059 0.19963363582377952
1 0.40194123753661587 0.2997049970588383
1 0.40286872989760703 0.40299520934657518
1 0.37923587956789334 0.50170148058018005
1 0.40730558281142709 0.59916588517410696
1 0.40603656173844388 0.69826204046743279
1 0.40322024434584247 0.80079928158591951
1 0.39824012788531182 0.90149319523919624
1 0.39235929752564264 1
1 0.49924778428159422 0
1 0.49447906440732653 0.1062804716861479
1 0.49883594513730595 0.21204460253110638
1 0.49926994873413361 0.30563561151650825
1 0.49944571689058836 0.40206393993328732
1 0.48301987231715887 0.49927924909653293
1 0.51023314300640321 0.5992126440170864
1 0.50981314465581573 0.70159948077456646
1 0.50782285256383819 0.80001871987364515
1 0.50075867015884779 0.89935189297212914
1 0.49036486809970992 1
1 0.62017870725364421 0
1 0.5897907295356053 0.098926620335598278
1 0.59632290131541177 0.20103354533094572
1 0.59671893640884965 0.30133697170196266
1 0.60140797857861983 0.39995926977355079
1 0.58147074182575276 0.50649421119382665
1 0.61019968891312515 0.60809787442250884
1 0.6080987904171975 0.71132233167676773
1 0.60671571384880918 0.80699231934762861
1 0.59992781418681562 0.90009273090579556
1 0.59361631761822709 1
1 0.69960838916649726 0
1 0.69240904299557127 0.095444521613213776
1 0.69422613144071621 0.18751970555884523
1 0.69310697931202103 0.28888534382356384
1 0.70787258919428497 0.39140356419052036
1 0.68288384557280946 0.48527048994387501
1 0.70659557303204101 0.57484745299843432
1 0.70726020491493713 0.67609607699586771
1 0.7045634725083687 0.786643723776281
1 0.70082289611688009 0.89525575947954139
1 0.69487290552445768 1
1 0.80067299551342197 0
1 0.79614287617425383 0.1043111912498221
1 0.79063611790390642 0.20986106013187425
1 0.79086743854437924 0.30698130808331292
1 0.80977355461698175 0.40648354111656726
1 0.78536754570606604 0.50224377061860126
1 0.80990445326950566 0.60720499274260342
1 0.80193554231723718 0.70929652905623786
1 0.79858113430910183 0.8095888517827774
1 0.79892185655724091 0.91154123892411121
1 0.8017006297861905 1
1 0.89927188174207306 0
1 0.8986348032323298 0.10083716541653921
1 0.89322231447361899 0.20860947327550172
1 0.89505459305268686 0.30643165778698062
1 0.9091845438794306 0.40475386949938641
1 0.89142768512174642 0.50045856641870723
1 0.92555906617640138 0.59052247376939815
1 0.89994487722648897 0.6964129310087398
1 0.89831391981318653 0.79809642998866259
1 0.90027775452865233 0.89967467742375795
1 0.89856764052534888 1
1 1 0
1 1 0.093935034374526966
1 1 0.19511866864043068
1 1 0.30157626320460779
1 1 0.40063178235817148
1 1 0.50128455611892775
1 1 0.60002070653820871
1 1 0.70050098630370927
1 1 0.79662393634120143
1 1 0.89462024524643058
1 1 1
414 536 403 524
786 785 676 665
732 742 731 610
8 19 129 140
424 413 545 425
402 414 292 413
402 414 523 413
402 414 403 524
402 414 523 524
535 414 536 524
535 414 523 524
535 414 523 413
535 546 536 657
535 414 413 425
535 414 536 425
535 546 536 425
535 413 545 425
535 546 545 425
547 546 536 657
547 658 668 657
547 669 658 668
666 786 676 665
666 654 545 665
666 654 786 665
666 654 786 775
556 424 545 425
333 344 454 453
333 344 332 453
790 669 658 670
790 669 658 668
1155 1277 1156 1265
392 402 403 524
664 786 785 665
664 654 786 665
134 135 123 2
134 122 123 243
608 728 607 740
49 170 39 38
160 170 39 38
160 28 39 38
371 370 381 249
661 540 529 528
661 528 649 660
298 286 418 407
298 540 418 407
1023 1155 1156 1034
730 742 731 610
20 21 142 10
20 131 142 10
20 8 19 140
163 42 43 53
163 54 43 53
163 54 175 43
163 54 175 53
304 414 413 425
304 424 413 425
304 414 292 413
304 424 292 413
304 414 292 293
412 424 292 413
412 402 292 413
412 402 401 413
412 292 281 280
412 402 292 281
412 401 281 280
412 402 401 281
655 765 766 644
655 666 654 775
655 666 654 545
390 401 281 280
390 402 401 281
656 535 546 657
656 535 546 545
656 655 535 545
656 666 546 545
656 655 666 545
549 681 669 670
549 681 669 560
549 669 658 670
426 546 536 425
426 547 546 536
426 414 536 425
426 304 414 425
426 304 414 293
539 661 528 660
539 661 540 528
539 540 418 407
539 540 528 407
573 574 442 453
464 344 332 453
464 574 454 453
464 344 454 453
222 100 232 221
222 342 232 221
111 232 221 110
111 100 221 110
111 100 232 221
111 222 232 112
111 222 100 232
355 235 224 356
355 235 234 224
680 800 790 801
680 790 669 668
680 800 790 668
659 549 658 670
393 392 403 524
393 392 272 403
393 283 272 403
393 392 272 381
645 655 766 644
645 656 655 766
645 656 535 657
645 656 655 535
645 535 536 524
645 525 536 524
645 535 536 657
645 525 536 657
645 535 523 524
645 655 523 644
645 655 535 523
625 626 747 736
625 747 735 736
614 625 735 624
614 625 504 624
614 625 504 626
856 747 735 736
1128 1117 1249 1129
1268 1257 1147 1148
1136 1257 1147 1148
1276 1155 1277 1265
86 98 97 207
86 87 98 207
1119 1251 1131 1240
271 392 272 403
271 392 402 403
271 283 272 403
271 283 272 162
1250 1117 1249 1238
1250 1117 1249 1129
1031 1020 900 899
1031 1020 900 1032
1274 1286 1154 1275
934 923 922 801
911 923 922 801
911 923 790 801
911 921 922 801
911 912 923 790
911 912 900 790
911 1031 900 1032
1103 1223 1224 1234
980 847 968 848
396 397 286 407
146 256 134 135
146 267 156 266
275 396 397 264
275 396 397 286
675 785 676 665
675 664 785 665
675 796 785 676
124 134 135 123
124 256 125 245
124 256 125 135
124 135 123 2
124 256 134 245
124 256 134 135
4 15 125 135
254 134 122 243
254 122 242 243
254 242 363 243
121 11 122 0
121 254 122 242
1 11 122 0
1 134 123 2
1 134 122 123
859 726 847 737
859 749 869 737
859 980 869 870
859 749 869 870
727 739 849 848
727 728 739 849
727 859 739 848
727 859 847 848
727 859 726 847
727 859 726 737
620 730 608 609
620 730 608 740
620 730 609 610
620 730 742 610
246 256 125 245
246 256 125 257
246 126 125 257
161 51 39 40
161 51 172 40
161 28 39 40
161 160 28 39
161 29 28 40
161 172 162 40
290 158 170 280
250 371 381 249
562 429 440 550
408 396 397 407
408 298 540 407
408 540 528 407
408 540 529 528
1015 1027 1147 1148
1015 1136 1147 1148
734 745 735 624
734 623 745 624
743 633 623 755
743 633 753 742
729 728 739 740
729 728 739 849
729 608 728 740
729 730 608 740
512 513 523 644
512 633 513 644
512 401 523 522
512 511 401 522
886 765 766 897
130 20 131 10
130 20 131 142
130 8 129 140
130 250 129 140
41 51 172 40
41 172 162 40
41 163 42 162
63 51 172 62
63 183 172 62
63 183 184 172
174 54 175 53
174 163 175 53
151 20 19 140
138 29 28 17
138 6 127 17
152 42 43 32
152 153 21 32
152 163 42 162
152 153 21 142
152 20 21 142
152 151 20 140
164 163 175 43
164 163 175 296
164 152 43 32
164 152 153 32
164 163 42 43
164 152 42 43
164 152 163 42
294 183 172 293
294 183 184 172
137 126 127 5
137 6 127 5
137 6 127 17
137 138 127 17
501 491 490 370
314 183 193 315
314 183 304 315
533 424 413 545
533 412 424 413
533 654 545 665
171 161 160 281
171 160 170 39
171 161 160 39
171 161 51 39
171 161 51 172
171 292 281 280
171 160 281 280
171 160 170 280
378 390 258 268
378 258 257 268
378 367 257 368
378 258 257 368
378 246 367 257
791 912 923 790
548 549 428 560
548 549 669 560
548 547 669 658
548 549 669 658
548 439 428 560
326 314 193 315
326 314 325 193
1038 1027 1159 1048
1038 1050 918 1039
1161 1150 1282 1160
1149 1039 1160 1159
1149 1161 1039 1160
1149 1161 1150 1160
811 921 800 801
811 680 800 801
811 943 822 932
811 943 701 822
823 835 824 944
345 355 224 356
345 355 344 224
345 333 344 454
345 333 344 224
551 671 550 660
551 539 550 660
551 539 661 660
551 539 550 540
551 539 661 540
781 661 649 660
781 661 782 649
452 573 440 451
452 573 442 453
595 594 583 715
473 342 341 352
99 100 221 110
99 88 100 221
572 573 440 451
463 452 341 451
463 452 342 341
463 595 474 585
463 464 474 585
463 464 342 474
463 464 342 332
463 452 342 332
463 452 573 451
463 572 573 451
463 464 332 453
463 452 332 453
463 573 574 585
463 464 574 585
463 452 573 453
463 573 574 453
463 464 574 453
353 464 474 354
353 464 342 354
353 464 342 474
353 473 342 352
353 473 342 474
231 232 221 110
231 353 342 352
231 353 342 232
231 99 221 110
696 697 707 576
696 575 707 576
797 786 785 906
797 796 785 906
797 918 786 906
797 786 785 676
797 796 785 676
797 666 786 676
797 930 918 919
916 1038 927 1048
916 905 1027 906
916 1038 1027 906
101 111 222 112
101 111 222 100
233 222 232 112
233 101 222 112
114 103 234 224
114 235 234 224
114 235 103 224
1042 911 921 922
1042 1054 921 922
1042 1031 1152 1041
1042 1054 921 932
1272 1152 1140 1151
679 680 800 668
679 547 669 668
679 680 669 668
679 811 680 800
679 548 547 669
813 934 923 801
778 658 668 657
778 647 658 657
778 790 658 668
503 614 504 624
503 491 623 612
646 647 525 657
646 645 525 657
646 645 525 524
273 263 384 395
273 384 394 395
635 745 756 755
635 623 745 624
635 623 745 755
635 625 504 624
635 636 625 504
635 503 504 624
635 503 623 624
758 625 626 747
746 758 879 747
746 758 625 747
746 625 747 735
746 635 745 756
746 856 747 735
746 745 735 624
746 625 735 624
746 635 745 624
746 635 625 624
746 734 856 735
746 734 745 735
857 856 747 736
857 746 856 747
1139 1128 1249 1129
1139 1128 1017 1018
1267 1268 1257 1147
1258 1268 1257 1148
1258 1136 1257 1148
1138 1258 1259 1270
1138 1258 1148 1270
1138 1149 1148 1270
1138 1139 1128 1017
1138 1149 1150 1270
1138 1139 1017 1018
1301 1170 1180 1169
1191 1324 1323 1313
1191 1324 1203 1313
1059 1169 1048 1047
1059 1170 1169 1048
1059 927 1048 1047
1059 1170 1180 1169
1059 938 927 1047
1059 1058 938 1047
1171 1292 1160 1159
1171 1039 1160 1159
1171 1050 1039 1160
1171 1170 1291 1159
1171 1292 1291 1159
1171 1292 1182 1160
1303 1171 1292 1291
1303 1171 1292 1182
958 1079 959 1069
1080 1079 959 1069
936 1046 1057 1045
936 1058 1046 1057
1056 1177 1057 1045
1056 936 1057 1045
1056 936 935 1045
1166 1046 1034 1045
1146 1157 1277 1278
1146 1157 1277 1156
1146 1267 1135 1147
1144 1155 1156 1265
1144 1023 1155 1156
1144 1145 1023 1156
1167 1166 1276 1287
1167 1166 1177 1287
1167 1157 1277 1156
1167 1166 1276 1155
1167 1276 1155 1277
1167 1155 1277 1156
1167 1157 1046 1156
1167 1166 1177 1045
1167 1177 1057 1045
1167 1166 1155 1034
1167 1155 1156 1034
1167 1046 1156 1034
1167 1166 1046 1034
1167 1046 1057 1045
1167 1166 1046 1045
1036 1157 1169 1047
1036 1157 1046 1047
1036 1157 1046 1156
1036 1146 1157 1156
933 1054 921 932
933 1054 921 922
933 811 921 932
933 811 943 932
933 921 922 801
933 934 922 801
933 811 921 801
194 63 183 62
194 63 183 184
194 183 193 315
194 326 193 315
194 183 193 62
586 464 574 585
586 575 707 576
586 464 574 454
586 575 574 454
586 575 454 576
1008 1128 1117 1129
774 654 786 775
774 653 654 775
774 664 654 786
774 664 653 654
774 786 785 906
774 664 786 785
774 652 664 653
1183 1193 1304 1194
1183 1193 1304 1182
1314 1193 1304 1182
1314 1303 1304 1182
1314 1204 1193 1325
833 943 701 822
833 823 943 701
1130 1250 1251 1262
1130 1119 1251 1131
1130 1250 1119 1129
1130 1250 1119 1251
1130 1008 1119 1129
1030 1031 1152 1041
1030 1152 1140 1151
1030 1020 1152 1140
1030 1031 1020 1152
1030 1139 1140 1151
1164 1274 1286 1285
1164 1274 1286 1154
1164 1286 1285 1297
1153 1143 1154 1275
1153 1274 1154 1275
1153 1274 1263 1275
1153 1143 1154 1032
1153 1264 1143 1275
1153 1264 1263 1275
1153 1164 1274 1154
1153 1164 1274 1152
910 911 900 790
910 911 1031 900
910 1031 900 899
910 800 790 801
910 921 800 801
910 911 790 801
910 911 921 801
910 1042 911 921
910 1042 911 1031
1134 1255 1145 1135
748 749 869 737
1213 1103 1212 1092
1213 1103 1224 1092
1213 1103 1223 1212
1213 1103 1223 1224
1091 1103 1212 1092
1091 1103 1223 1212
1127 1248 1126 1116
1127 1248 1117 1116
1127 1128 1117 1249
1127 1248 1117 1249
1127 1248 1259 1249
1127 1138 1128 1017
1127 1138 1139 1128
1127 1139 1128 1249
969 980 968 848
969 1089 1100 968
969 1089 1100 1090
858 980 847 968
858 859 980 869
858 859 847 737
858 859 869 737
858 980 847 848
858 859 847 848
858 859 980 848
37 36 48 168
37 36 158 168
37 49 170 38
279 290 158 280
279 290 400 158
279 158 267 268
279 400 267 268
279 400 158 267
279 390 401 280
279 290 412 280
279 412 401 280
521 642 511 522
521 511 401 522
521 642 653 520
399 521 509 520
629 630 520 641
629 630 509 520
287 275 397 286
287 177 298 286
287 275 165 286
287 177 165 286
287 397 286 407
287 408 397 407
287 298 286 407
287 408 298 407
686 687 676 566
686 555 676 566
686 697 687 566
686 675 796 676
57 56 46 178
57 179 189 58
57 179 189 178
47 36 48 168
47 179 48 168
47 57 179 58
47 179 48 58
167 47 179 168
167 57 179 178
167 47 57 179
167 47 57 46
167 57 46 178
167 47 46 35
176 67 56 55
14 4 15 135
14 25 146 135
157 25 36 35
157 167 156 35
157 47 36 35
157 167 47 35
157 167 168 156
157 146 267 156
157 47 36 168
157 167 47 168
157 36 158 168
147 14 25 15
147 14 15 135
147 14 25 135
147 146 256 135
147 25 146 135
147 158 267 268
147 256 267 268
147 146 256 267
147 157 158 267
147 37 36 158
147 157 146 267
147 157 25 146
147 157 36 158
147 157 25 36
253 254 374 375
253 254 242 363
253 254 374 363
253 265 375 264
253 265 254 375
255 146 256 134
255 146 267 266
255 146 256 267
255 376 254 375
255 265 254 375
364 365 376 243
364 365 376 485
364 254 363 243
364 376 254 243
364 376 254 375
364 254 374 363
364 254 374 375
650 638 528 649
650 771 638 649
650 661 528 649
650 661 782 649
650 771 782 649
650 661 529 528
650 408 529 528
650 771 638 639
650 771 640 639
132 121 11 122
132 121 254 122
132 121 254 242
132 253 254 242
132 253 265 264
24 157 25 35
24 157 25 146
860 739 849 848
860 859 739 848
860 859 980 848
860 859 980 870
860 859 749 739
860 859 749 870
510 630 509 520
510 521 509 520
510 642 630 520
510 521 642 520
510 521 642 511
741 620 730 740
741 620 730 742
741 729 730 740
741 753 742 752
741 730 742 731
565 686 555 566
565 686 697 566
565 696 575 576
565 696 697 576
563 673 684 683
563 573 574 442
563 562 573 683
563 562 573 442
563 551 562 683
563 551 673 683
663 542 652 664
663 675 664 785
663 542 675 664
896 765 897 775
896 774 786 775
896 774 895 906
896 774 786 906
896 1017 1018 897
896 908 1018 897
517 408 528 407
517 408 396 407
517 650 408 528
517 650 638 528
310 430 431 442
1028 1138 1149 1148
1028 1038 1039 1159
1028 1038 1027 1159
1028 1027 1148 1159
1028 1149 1148 1159
1028 1149 1039 1159
804 671 682 683
733 734 623 612
733 734 623 745
733 743 623 612
733 743 732 612
754 765 766 644
754 886 765 766
754 886 753 765
754 743 633 755
754 743 633 753
643 642 511 522
643 512 511 522
643 655 765 644
643 655 523 644
643 512 523 644
643 512 523 522
643 653 654 522
643 642 653 522
643 655 654 775
643 655 765 775
1007 1017 1018 897
1007 1128 1017 1018
874 741 753 752
877 745 756 755
877 746 745 756
9 130 20 10
9 20 8 140
9 130 8 140
9 130 20 140
64 174 54 65
64 174 54 53
173 63 184 172
173 294 184 172
173 64 63 184
173 294 174 184
173 64 174 53
173 64 174 184
173 41 172 162
173 294 172 162
173 174 163 53
173 294 174 163
173 41 42 53
173 163 42 53
173 41 163 42
173 41 163 162
173 294 163 162
186 174 54 65
186 174 54 175
186 64 174 65
186 174 175 296
295 163 175 296
295 174 175 296
295 174 163 175
295 294 174 163
30 41 162 40
128 138 6 7
128 138 6 127
150 161 271 162
150 30 151 162
150 271 272 162
150 151 272 162
150 30 29 19
150 30 151 19
150 161 162 40
150 161 29 40
150 30 29 40
150 30 162 40
18 128 138 7
18 138 29 17
18 150 29 19
18 150 138 29
18 138 6 7
18 138 6 17
284 152 163 162
284 294 283 162
284 294 163 162
284 295 294 283
284 295 294 163
284 283 272 162
284 164 152 163
284 151 272 162
284 152 151 162
284 273 151 272
284 273 152 151
284 164 152 153
16 137 6 5
16 137 6 17
16 137 126 5
16 4 126 5
380 370 381 249
247 137 126 127
247 248 137 127
247 137 126 257
247 137 258 257
247 258 257 368
247 246 126 257
247 367 257 368
247 246 367 257
500 380 390 258
500 512 511 401
500 378 390 258
622 501 491 490
622 491 623 612
622 743 623 612
622 743 633 623
622 633 623 513
622 743 633 742
622 512 633 513
622 501 512 513
534 533 412 413
534 533 412 522
534 412 401 413
534 412 401 522
534 401 523 522
534 402 523 413
534 402 401 413
534 402 401 523
534 535 523 413
534 655 535 523
534 533 413 545
534 643 523 522
534 643 655 523
534 533 654 522
534 535 413 545
534 655 535 545
534 655 654 545
534 533 654 545
534 643 654 522
534 643 655 654
544 533 545 665
544 556 424 545
544 533 424 545
544 555 676 665
544 556 424 434
544 556 555 434
532 664 654 665
532 533 654 665
532 664 653 654
532 653 654 522
532 533 654 522
532 642 653 522
532 521 642 522
532 521 642 653
532 521 653 520
532 652 664 653
72 61 181 193
72 61 193 62
182 183 193 62
182 61 193 62
182 61 181 193
182 183 172 62
182 314 183 193
182 51 172 62
182 171 51 172
182 183 172 293
182 171 172 293
182 171 292 293
182 304 292 293
182 183 304 293
182 314 183 304
50 181 49 60
50 61 181 60
50 181 49 170
50 171 181 170
50 182 61 181
50 182 171 181
50 49 170 39
50 171 170 39
50 171 51 39
50 182 171 51
50 182 51 62
50 182 61 62
169 180 179 301
169 290 301 168
169 179 48 168
169 179 301 168
169 37 49 48
169 37 49 170
169 181 49 170
169 49 48 60
169 290 158 168
169 290 158 170
169 37 48 168
169 37 158 168
169 37 158 170
169 181 49 60
169 180 181 60
59 169 48 60
59 169 180 60
59 179 48 58
59 169 179 48
59 169 180 179
192 72 181 193
192 314 325 193
192 302 180 181
303 314 424 434
303 192 302 181
303 304 424 292
303 314 304 424
303 412 424 292
303 192 181 193
303 192 314 193
303 182 304 292
303 182 314 304
303 182 181 193
303 182 314 193
303 182 171 292
303 182 171 181
433 544 555 434
282 161 271 281
282 171 161 281
282 171 292 281
282 402 292 281
282 271 402 281
282 171 292 293
282 171 172 293
282 171 161 172
282 271 402 403
282 161 172 162
282 161 271 162
282 402 414 403
282 402 414 292
282 414 403 293
282 414 292 293
282 283 403 293
282 271 283 403
282 294 172 293
282 294 283 293
282 271 283 162
282 294 172 162
282 294 283 162
387 399 508 509
387 255 376 375
802 791 790 670
802 790 669 670
802 681 669 670
802 680 790 669
802 680 681 669
802 680 790 801
802 923 790 801
802 791 923 790
802 813 923 801
802 813 680 801
802 680 681 692
802 813 680 692
779 912 900 790
779 791 912 790
779 778 790 658
779 790 658 670
779 791 790 670
779 778 647 658
779 768 778 899
779 768 778 647
779 768 647 769
438 548 439 428
438 318 439 329
438 450 439 560
438 548 439 560
438 450 439 329
438 328 450 329
846 835 713 725
714 835 713 725
714 823 835 713
714 823 703 824
714 823 835 824
1077 955 967 1088
956 955 944 945
956 824 944 945
956 835 824 944
956 1077 955 967
1197 1209 1208 1088
404 393 283 403
404 536 403 524
404 525 536 524
404 393 403 524
417 295 416 296
537 525 536 657
537 404 525 536
537 548 549 658
537 547 536 657
537 547 658 657
537 548 547 658
537 426 547 536
537 548 426 547
537 548 549 428
917 1038 1050 918
917 1038 918 906
917 797 918 906
917 797 796 906
917 916 796 906
917 916 1038 906
917 916 1038 927
1281 1149 1150 1270
1281 1150 1271 1270
1281 1150 1282 1271
1281 1150 1282 1160
1281 1149 1150 1160
1281 1292 1160 1159
1281 1149 1160 1159
107 119 228 118
107 239 228 118
219 98 97 207
219 218 97 207
219 218 98 97
219 87 98 207
240 119 109 120
240 360 361 228
240 239 360 228
240 119 228 118
240 239 228 118
950 830 961 962
950 830 951 962
700 833 701 822
557 666 546 545
557 546 545 425
557 556 545 425
799 811 921 800
357 358 478 467
347 357 358 467
456 457 335 324
456 347 335 467
456 347 457 335
346 214 345 224
346 214 345 335
346 235 224 356
346 345 224 356
346 357 467 356
346 347 335 467
346 347 357 467
672 551 661 660
672 551 671 660
672 781 671 660
672 781 661 660
672 781 661 782
672 551 671 683
672 804 671 683
672 551 673 683
419 551 550 540
419 429 539 550
419 539 550 540
419 430 551 540
419 562 429 550
419 551 562 550
419 429 539 418
419 539 540 418
419 430 551 562
419 298 540 418
330 452 341 451
330 452 342 341
561 562 440 550
561 562 573 440
561 572 573 440
561 562 573 683
561 671 682 683
561 551 562 683
561 551 562 550
561 551 671 683
561 551 671 550
462 463 341 451
462 463 572 451
462 463 572 583
462 473 342 341
462 463 342 341
462 595 594 583
462 463 595 583
462 473 595 594
462 473 342 474
462 463 342 474
462 473 595 474
462 463 595 474
220 342 232 221
220 231 232 221
220 231 342 232
220 330 342 341
220 342 341 352
220 231 342 352
220 231 99 221
220 88 209 221
220 99 88 221
1070 1081 959 960
1070 948 959 960
1070 1080 1081 959
1070 948 959 1069
1070 1080 959 1069
1070 1058 948 938
1070 1059 1058 938
1070 1058 948 1069
1070 1059 1058 1180
798 799 810 919
798 799 788 919
829 950 830 961
829 950 939 830
343 233 353 354
343 353 342 354
343 233 353 232
343 233 222 232
343 222 342 332
343 222 342 232
343 353 342 232
343 233 355 354
343 355 344 354
343 464 342 354
343 464 342 332
343 464 344 354
343 464 344 332
343 333 344 332
211 343 333 332
211 343 222 332
331 220 330 209
331 220 209 221
331 220 342 221
331 220 330 342
331 210 222 221
331 222 342 221
331 222 342 332
331 211 222 332
331 211 210 222
331 452 342 332
331 330 452 342
1121 1109 1110 1242
1021 1011 1143 1022
1021 1143 1022 1032
1021 900 1022 1032
1021 1020 900 1032
1021 1153 1143 1032
1021 1020 900 899
1273 1272 1152 1140
1273 1164 1274 1285
1273 1164 1274 1152
1162 1272 1282 1271
1162 1272 1151 1271
1162 1150 1151 1271
1162 1150 1282 1271
1162 1161 1150 1151
1162 1161 1150 1282
1162 1030 1161 1151
1162 1030 1161 1041
1162 1272 1152 1151
1162 1030 1152 1151
1162 1030 1152 1041
1162 1273 1272 1152
1261 1130 1140 1262
1261 1130 1250 1262
1261 1273 1140 1262
1261 1273 1272 1140
1261 1130 1140 1129
1261 1130 1250 1129
1261 1139 1140 1129
1261 1272 1140 1151
1261 1139 1140 1151
1261 1250 1249 1129
1261 1272 1151 1271
690 679 811 680
690 811 701 822
690 700 701 822
559 548 669 560
559 679 548 669
559 438 548 560
559 681 692 560
559 681 669 560
559 679 680 669
559 680 681 669
691 813 703 692
691 813 680 692
691 680 681 692
691 559 681 692
691 559 680 681
691 690 679 680
691 559 679 680
691 559 690 679
789 910 788 800
789 778 790 668
789 800 790 668
789 910 800 790
789 779 778 790
789 779 778 899
789 910 900 790
789 779 900 790
789 910 900 899
789 779 900 899
637 625 504 626
637 636 625 504
637 758 636 648
637 758 625 626
637 758 636 625
526 537 404 525
526 537 404 416
526 646 647 525
526 646 636 525
526 646 636 647
526 659 647 648
526 636 647 648
526 659 647 658
526 647 658 657
526 647 525 657
526 537 658 657
526 537 525 657
492 503 491 612
502 393 392 381
502 501 392 513
502 492 503 491
502 503 491 623
502 380 392 381
502 380 501 392
502 501 491 370
502 622 501 513
502 622 501 491
502 492 491 370
502 622 623 513
502 622 491 623
502 380 370 381
502 380 501 370
502 492 371 370
502 371 370 381
634 645 766 644
634 754 766 644
634 754 766 755
634 646 645 524
634 754 633 644
634 754 633 755
634 633 513 644
634 635 623 755
634 633 623 755
634 633 623 513
634 513 523 524
634 513 523 644
634 645 523 524
634 645 523 644
878 877 746 756
767 634 766 755
767 634 645 766
767 634 646 645
767 635 756 755
767 634 635 755
767 634 635 646
767 646 645 657
767 768 778 647
767 778 647 657
767 646 647 657
1099 988 1110 978
1099 988 978 977
274 273 263 395
274 284 164 153
274 284 152 153
274 284 273 152
405 273 394 395
405 273 393 394
405 274 273 395
405 274 284 273
405 295 416 283
405 284 295 283
405 284 283 272
405 284 273 272
405 404 393 283
405 404 416 283
405 393 283 272
405 273 393 272
262 393 272 381
262 273 393 272
262 250 371 381
262 273 393 394
757 746 758 879
757 758 879 769
757 878 746 756
757 878 746 879
757 746 758 625
757 746 635 756
757 746 635 625
757 768 647 769
757 635 636 625
757 758 636 625
757 767 768 756
757 767 635 756
757 647 769 648
757 636 647 648
757 758 769 648
757 758 636 648
757 767 635 646
757 646 636 647
757 635 646 636
757 767 646 647
757 767 768 647
615 625 626 736
615 614 625 626
615 625 735 736
615 614 625 735
505 614 504 626
505 615 494 614
505 615 614 626
505 637 504 626
868 746 879 747
868 857 746 747
868 857 746 856
1231 1109 1110 1242
1231 1099 1109 1220
1231 1099 1109 1110
1241 1121 1131 1242
1241 1121 1109 1242
1241 1251 1131 1240
1241 1252 1251 1131
1230 1231 1109 1242
1230 1241 1109 1242
1256 1267 1135 1147
1256 1267 1257 1147
1256 1136 1135 1147
1256 1136 1257 1147
1256 1134 1255 1135
1266 1255 1145 1135
1266 1146 1145 1135
1266 1146 1267 1135
1266 1256 1255 1135
1266 1256 1267 1135
1266 1146 1277 1156
1266 1146 1145 1156
1266 1146 1277 1278
1266 1146 1267 1278
1266 1277 1156 1265
1266 1144 1255 1145
1266 1144 1156 1265
1266 1144 1145 1156
1269 1258 1148 1270
1269 1258 1268 1148
1269 1149 1148 1270
1269 1281 1149 1270
1269 1149 1148 1159
1247 1258 1136 1257
1260 1138 1259 1270
1260 1150 1271 1270
1260 1138 1150 1270
1260 1138 1139 1150
1260 1127 1138 1259
1260 1127 1138 1139
1260 1150 1151 1271
1260 1139 1150 1151
1260 1261 1151 1271
1260 1261 1139 1151
1260 1127 1259 1249
1260 1127 1139 1249
1260 1139 1249 1129
1260 1261 1249 1129
1260 1261 1139 1129
1202 1191 1324 1323
1202 1191 1324 1203
1312 1191 1323 1313
1192 1191 1203 1313
1192 1314 1193 1182
1192 1314 1204 1193
1192 1314 1303 1182
1192 1204 1203 1325
1192 1314 1313 1325
1192 1314 1204 1325
1192 1324 1313 1325
1192 1324 1203 1325
1192 1324 1203 1313
1290 1279 1169 1278
1290 1301 1170 1169
1290 1279 1170 1169
1290 1301 1170 1291
1290 1279 1170 1291
1280 1170 1291 1159
1280 1279 1170 1159
1280 1279 1170 1291
1280 1292 1291 1159
1280 1281 1292 1159
1280 1281 1149 1159
1280 1269 1149 1159
1280 1269 1281 1149
1049 1038 1039 1159
1049 1038 1050 1039
1049 1171 1039 1159
1049 1171 1050 1039
1049 1038 1159 1048
1049 1170 1159 1048
1049 1171 1170 1159
1049 1038 927 1048
1049 1059 1170 1048
1049 1059 927 1048
1049 917 1038 927
1049 917 1038 1050
1181 1059 1170 1180
1181 1049 1059 1170
1181 1049 1171 1170
1181 1301 1170 1180
1181 1301 1170 1291
1181 1171 1170 1291
1181 1312 1301 1180
1181 1312 1191 1180
1181 1192 1191 1313
1181 1312 1191 1313
1315 1204 1326 1325
1315 1204 1193 1325
1315 1314 1193 1325
1315 1204 1326 1205
1315 1204 1193 1205
1315 1314 1193 1304
1315 1193 1205 1194
1315 1193 1304 1194
1315 1327 1326 1205
1315 1327 1205 1194
1078 1079 1067 957
1068 1078 1079 1067
1068 1080 1079 1069
1068 1056 1057 1067
925 1058 1046 1047
925 936 1058 1046
947 1056 935 1067
947 1056 1057 1067
947 1056 936 1057
947 1056 936 935
947 1068 1057 1069
947 1068 1057 1067
947 1058 1057 1069
947 936 1058 1057
947 1068 1079 1069
947 1068 1079 1067
947 1058 948 1069
947 958 1079 1069
815 804 682 683
705 704 825 715
705 704 716 715
705 836 825 715
705 716 717 585
705 827 838 717
584 595 716 715
584 704 716 715
584 704 583 715
584 595 583 715
584 595 716 585
584 463 595 585
584 463 595 583
584 704 572 583
584 705 716 585
584 705 704 716
584 463 572 583
584 463 573 585
584 463 572 573
1158 1279 1267 1278
1158 1146 1267 1278
1158 1279 1169 1278
1158 1146 1267 1147
1158 1157 1169 1278
1158 1146 1157 1278
1158 1279 1267 1268
1158 1267 1268 1147
1158 1170 1169 1048
1158 1279 1170 1169
1158 1268 1147 1148
1158 1170 1159 1048
1158 1279 1170 1159
1158 1027 1159 1048
1158 1027 1148 1159
1158 1027 1147 1148
1158 1280 1279 1268
1158 1280 1279 1159
1158 1269 1148 1159
1158 1280 1269 1159
1158 1280 1269 1268
1158 1269 1268 1148
1026 1146 1135 1147
1026 1015 1027 1147
1026 1015 1136 1147
1026 1015 1014 1136
1026 1158 1027 1147
1026 1158 1146 1147
1026 1136 1135 1147
1026 1014 1136 1135
1037 1169 1048 1047
1037 1036 1169 1047
1037 927 1048 1047
1037 1036 1157 1169
1037 916 927 1048
1037 1158 1169 1048
1037 1158 1157 1169
1037 1036 1146 1157
1037 1158 1146 1157
1037 916 915 905
1037 916 905 1027
1037 1158 1027 1048
1037 1026 1158 1027
1037 1026 1158 1146
1037 1026 905 1027
1037 1038 1027 1048
1037 916 1038 1048
1037 916 1038 1027
1035 1036 914 915
1035 1145 1023 1156
1035 913 1023 1034
1035 913 914 1034
1035 1023 1156 1034
1035 914 1046 1034
1035 1036 914 1046
1035 1146 1145 1156
1035 1036 1146 1156
1035 1046 1156 1034
1035 1036 1046 1156
1055 933 934 945
1055 933 934 922
1055 1175 1054 922
1055 933 1054 922
1043 1042 1054 922
1043 1175 1054 922
1043 1042 911 922
1043 911 1031 1032
1043 1042 911 1031
1043 1153 1154 1032
1043 1153 1164 1154
1043 1031 1152 1032
1043 1042 1031 1152
1043 1153 1152 1032
1043 1153 1164 1152
1174 1306 1307 1186
1174 1175 1054 1186
1329 1318 1208 1330
1319 1209 1208 1330
1319 1318 1208 1330
1319 1308 1307 1186
1319 1318 1307 1186
1062 1183 1193 1194
1062 941 951 940
1062 1183 1193 1182
1084 1193 1205 1194
1084 1085 1205 1194
1084 1204 1193 1205
1084 963 951 962
196 85 86 75
196 86 87 75
196 76 87 75
196 76 197 87
196 76 197 75
596 595 474 585
596 464 474 585
596 586 464 585
596 716 717 585
596 595 716 585
466 455 454 576
466 346 467 356
466 346 345 356
466 456 335 467
466 346 335 467
466 346 345 335
931 941 930 810
931 930 810 919
931 799 810 919
931 811 822 932
931 811 810 822
931 799 811 810
931 811 921 932
931 799 811 921
722 589 601 711
722 589 710 711
479 358 478 467
598 599 708 720
577 466 456 467
577 466 455 576
577 466 456 455
577 565 697 576
577 565 455 576
577 565 697 566
699 700 567 688
699 589 710 711
446 567 556 566
446 556 555 566
446 556 555 434
446 577 567 566
446 456 457 324
446 325 324 434
446 457 325 324
898 1030 908 1018
898 908 1018 897
1239 1250 1117 1238
1239 1119 1251 1240
1239 1250 1119 1251
1239 1250 1117 1129
1239 1250 1119 1129
1106 1107 1117 1238
1294 1183 1305 1304
1040 1050 1039 1160
1040 1161 1039 1160
1040 1050 918 1039
1040 930 1050 918
1040 930 918 919
1196 1306 1318 1307
1196 1318 1307 1186
1196 1306 1307 1186
1196 1197 1318 1186
1196 1197 1318 1208
1196 1197 1075 1208
1196 1329 1318 1208
1142 1252 1263 1262
1142 1252 1251 1262
1142 1130 1251 1262
1142 1252 1251 1131
1142 1130 1251 1131
1142 1021 1130 1131
1142 1021 1153 1143
1142 1264 1252 1263
1142 1153 1264 1263
1142 1153 1264 1143
1029 1030 908 919
1029 1030 1041 919
1029 1030 1161 1041
1029 1030 908 1018
1029 908 918 919
1029 1040 918 919
1029 1040 1041 919
1029 1040 1161 1041
1029 1030 1161 1151
1029 1040 918 1039
1029 1040 1161 1039
1029 1030 1139 1151
1029 1030 1139 1018
1029 1138 1017 1018
1029 1028 1138 1017
1029 1149 1161 1039
1029 1028 1149 1039
1029 1161 1150 1151
1029 1139 1150 1151
1029 1138 1139 1018
1029 1138 1139 1150
1029 1149 1161 1150
1029 1138 1149 1150
1029 1028 1138 1149
1019 1030 1020 1140
1019 1030 1139 1140
1019 1030 1139 1018
1019 1130 1020 1140
1019 1139 1140 1129
1019 898 1030 1018
1019 898 1030 1020
1019 1130 1140 1129
1019 1130 1008 1129
1019 1139 1128 1129
1019 1008 1128 1129
1019 898 1020 899
1019 1139 1128 1018
1019 1007 1128 1018
1019 1007 1008 1128
1254 1266 1144 1265
1254 1266 1144 1255
759 771 638 639
759 748 638 639
759 771 638 649
1024 1035 1145 1023
1236 1115 1126 1116
1236 1247 1248 1126
1236 1115 1126 1125
1236 1247 1126 1125
1236 1115 1225 1224
1101 1211 1090 1212
1101 1211 1223 1212
1101 1091 1090 1212
1101 1091 1223 1212
1101 969 1091 1090
1101 969 1100 1090
1104 1115 1103 1224
1104 1103 1224 1092
1104 1115 1225 1224
1104 1214 1093 1092
1104 1225 1214 1224
1104 1225 1214 1093
1104 972 1093 1092
1104 1213 1214 1092
1104 1213 1214 1224
1104 1213 1224 1092
1114 1104 1115 1103
1244 1243 1232 1122
1244 1112 1232 1122
1244 1112 1233 1232
1244 1134 1243 1122
1244 1134 1243 1255
979 969 1100 968
979 969 980 968
979 858 980 968
979 1101 969 1100
979 1101 969 980
979 858 980 869
411 279 412 401
411 279 400 401
411 521 400 401
411 279 290 412
411 279 290 400
411 412 401 522
411 521 401 522
411 533 412 522
411 532 533 522
411 532 521 522
519 399 509 520
519 399 508 509
519 629 509 520
519 629 508 509
519 629 508 640
519 629 520 641
519 629 640 641
519 652 520 641
388 399 400 267
388 400 267 268
388 387 399 509
388 399 267 266
388 387 399 266
388 256 267 268
388 255 267 266
388 387 255 266
388 255 256 267
278 399 267 266
278 399 277 266
278 267 156 266
278 277 156 266
278 399 400 267
278 157 267 156
278 157 168 156
278 400 158 267
278 167 168 156
278 290 158 168
278 290 400 158
278 157 158 267
278 157 158 168
750 629 640 641
750 629 630 641
750 629 630 740
750 872 739 740
386 507 508 375
386 265 397 264
386 387 508 375
386 255 265 266
386 255 265 375
386 265 277 266
386 265 277 397
386 387 255 266
386 387 255 375
628 748 749 639
628 629 508 640
628 750 749 639
628 750 640 639
628 750 629 640
497 507 508 375
497 387 508 375
497 387 376 375
497 629 508 509
497 387 508 509
288 278 277 156
288 278 167 156
288 287 177 298
166 288 287 177
166 44 165 154
166 287 177 165
166 34 46 35
166 288 167 156
166 44 154 33
166 34 154 33
166 167 156 35
166 167 46 35
166 167 46 178
166 288 167 178
166 288 177 178
808 917 797 796
808 686 687 676
808 797 796 676
808 686 796 676
808 797 930 918
808 917 797 918
818 686 697 687
818 696 697 707
818 829 939 830
818 708 697 707
818 829 708 707
818 829 708 830
68 69 189 58
68 57 189 58
45 44 165 55
45 176 165 55
45 176 56 55
45 166 44 165
45 176 177 165
45 176 177 56
45 166 177 165
45 177 56 178
45 166 177 178
45 56 46 178
45 166 46 178
45 166 34 46
45 166 44 33
45 166 34 33
66 176 67 55
80 201 69 70
190 201 69 70
190 59 69 70
190 201 69 189
190 59 180 70
190 59 180 179
190 59 69 58
190 59 179 58
190 180 179 301
190 179 189 58
190 69 189 58
13 134 135 2
13 14 135 2
13 146 134 135
13 14 146 135
13 1 134 2
13 14 25 146
13 24 25 146
3 124 135 2
3 14 135 2
3 14 4 135
3 124 125 135
3 4 125 135
26 147 25 15
26 147 25 36
26 147 37 36
159 147 158 268
159 279 158 268
159 279 158 280
159 147 37 158
159 26 147 37
159 158 170 280
159 160 170 280
159 160 170 38
159 26 37 38
159 37 170 38
159 37 158 170
244 365 376 243
244 134 123 243
244 256 134 245
244 255 256 245
244 255 256 134
244 254 134 243
244 255 254 134
244 376 254 243
244 255 376 254
244 124 134 245
244 124 134 123
496 364 376 375
496 364 376 485
496 497 376 375
496 497 376 485
496 364 374 375
496 497 507 375
496 507 374 375
496 364 484 485
496 484 374 363
496 364 484 363
496 364 374 363
496 484 485 605
762 642 763 653
762 652 520 641
762 652 653 520
762 642 653 520
762 750 630 641
762 630 520 641
762 642 630 520
762 642 630 752
762 642 763 752
144 34 23 33
144 34 154 33
145 157 156 35
145 24 157 35
145 24 34 35
145 157 146 156
145 24 157 146
145 24 34 23
145 144 34 23
145 146 156 266
145 13 146 134
145 13 24 146
145 255 146 266
145 255 265 266
145 255 146 134
970 1101 969 1091
871 860 749 870
871 860 749 739
871 750 749 739
871 860 872 739
871 750 872 739
631 510 642 511
631 741 742 752
631 741 620 742
631 642 630 752
631 510 642 630
631 741 620 740
389 510 521 511
389 510 521 509
389 500 378 390
389 521 511 401
389 500 511 401
389 521 400 401
389 388 400 268
389 388 378 268
389 399 521 400
389 388 399 400
389 399 521 509
389 388 399 509
389 378 390 268
389 500 390 401
389 279 390 268
389 279 400 268
389 279 390 401
389 279 400 401
499 389 510 509
499 488 378 367
499 389 388 509
499 389 388 378
499 389 510 511
499 631 510 511
499 389 500 511
499 389 500 378
489 620 609 610
489 488 620 609
564 563 575 684
564 696 575 684
564 565 696 575
564 565 575 576
564 575 454 576
564 565 455 576
564 443 442 453
564 563 574 442
564 563 575 574
564 455 454 576
564 443 455 454
564 443 454 453
564 574 442 453
564 574 454 453
564 575 574 454
685 565 686 675
685 686 675 796
685 564 696 684
685 564 565 696
685 565 696 697
685 565 686 697
685 818 696 697
685 818 686 697
795 916 905 906
795 796 785 906
795 916 796 906
795 675 796 785
795 663 675 785
795 916 796 806
651 650 661 529
651 650 661 782
651 650 640 529
651 519 640 529
651 772 640 641
651 772 652 641
651 650 771 782
651 772 771 782
651 650 771 640
651 772 771 640
651 519 640 641
651 519 652 641
674 685 684 806
674 795 663 675
674 685 796 806
674 685 675 796
674 795 796 806
674 795 675 796
787 896 786 775
787 666 786 775
787 797 918 786
787 798 788 666
787 797 666 786
787 798 797 666
787 908 918 919
787 797 918 919
787 788 908 919
787 798 788 919
787 798 797 919
541 661 540 529
541 430 551 540
541 651 661 529
541 551 661 540
541 672 551 661
541 672 551 673
518 408 396 397
518 517 408 396
518 386 396 397
518 386 507 508
518 517 650 408
518 650 408 529
518 628 508 640
518 628 507 508
518 650 640 529
518 650 640 639
518 519 640 529
518 519 508 640
518 628 640 639
518 650 638 639
518 517 650 638
385 507 374 375
385 386 507 375
385 396 397 264
385 386 397 264
385 386 396 397
385 253 375 264
385 253 374 375
385 265 375 264
385 386 265 264
385 386 265 375
188 177 56 178
188 176 177 56
188 176 67 56
188 57 189 178
188 68 57 189
188 68 67 56
188 68 57 56
188 57 56 178
321 431 443 442
321 310 431 442
321 443 442 453
321 452 442 453
321 452 332 453
321 333 332 453
321 211 333 332
321 333 454 453
321 443 454 453
321 443 333 454
441 310 430 442
441 562 429 440
441 430 562 442
441 562 573 442
441 452 573 442
441 562 573 440
441 452 573 440
441 419 562 429
441 419 430 562
1016 1015 1027 1148
1016 1028 1027 1148
1016 1005 1017 895
1016 896 1017 895
1016 1028 1138 1017
994 1115 1126 1125
994 1005 1126 1125
994 1114 1115 1125
994 1115 1126 1116
1137 1138 1258 1148
1137 1028 1138 1148
1137 1016 1028 1148
1137 1016 1028 1138
1137 1016 1015 1148
1137 1016 1005 1015
1137 1016 1138 1017
1137 1016 1005 1017
1137 1127 1138 1017
1137 1138 1258 1259
1137 1127 1138 1259
1137 1015 1136 1148
1137 1258 1136 1148
1137 1005 1126 1125
1137 1005 1015 1125
1137 1247 1258 1259
1137 1127 1248 1126
1137 1127 1248 1259
1137 1015 1136 1125
1137 1247 1126 1125
1137 1247 1248 1259
1137 1247 1248 1126
1137 1247 1136 1125
1137 1247 1258 1136
744 733 623 745
744 733 743 623
744 623 745 755
744 743 623 755
744 877 745 755
744 733 734 745
851 741 730 731
851 850 972 862
632 633 753 742
632 643 512 511
632 512 633 644
632 643 512 644
632 754 633 644
632 754 633 753
632 643 765 644
632 754 765 644
632 754 753 765
632 643 642 511
632 753 742 752
632 631 742 752
632 631 642 752
632 631 642 511
764 874 763 752
764 896 765 897
764 896 765 775
764 642 763 752
764 874 753 752
764 774 763 895
764 896 774 775
764 896 774 895
764 632 642 752
764 632 753 752
764 632 753 765
764 774 653 775
764 774 763 653
764 643 765 775
764 632 643 765
764 632 643 642
764 642 763 653
764 643 642 653
764 653 654 775
764 643 654 775
764 643 653 654
885 1007 886 897
885 1007 995 886
885 874 995 886
885 1007 1017 897
885 874 886 753
885 764 874 753
885 764 896 897
885 764 896 895
885 886 765 897
885 764 765 897
885 896 1017 897
885 896 1017 895
885 763 884 895
885 764 763 895
885 764 874 763
885 886 753 765
885 764 753 765
885 1005 884 895
885 1005 1017 895
885 994 1005 884
885 994 874 995
873 874 763 752
873 874 741 752
873 741 872 862
873 874 741 862
873 883 763 884
873 885 763 884
873 885 874 763
873 885 994 884
873 885 994 874
873 994 874 995
866 877 746 745
866 744 877 745
52 173 41 53
52 173 64 53
52 173 64 63
52 41 51 172
52 173 41 172
52 63 51 172
52 173 63 172
307 186 174 296
307 295 174 296
305 295 294 174
305 294 174 184
305 426 304 293
305 426 304 315
305 294 183 293
305 294 183 184
305 183 304 293
305 183 304 315
415 426 414 293
415 294 283 293
415 295 294 283
415 295 416 283
415 414 403 293
415 283 403 293
415 426 414 536
415 305 426 293
415 305 294 293
415 305 295 294
415 404 416 283
415 414 536 403
415 537 404 416
415 404 536 403
415 404 283 403
415 537 426 536
415 537 404 536
31 41 42 162
31 30 41 162
31 152 42 162
31 152 151 162
31 30 151 162
31 152 151 20
31 152 42 32
31 151 20 19
31 30 151 19
31 152 21 32
31 152 20 21
149 150 161 271
149 161 160 281
149 161 271 281
149 161 160 28
149 161 29 28
149 150 161 29
149 138 29 28
149 150 138 29
260 150 271 272
260 392 272 381
260 271 392 272
260 149 150 271
260 380 392 381
260 149 150 138
260 380 381 249
136 16 137 126
136 137 126 257
136 126 125 257
136 16 4 15
136 4 15 125
136 4 126 125
136 16 4 126
136 15 125 135
136 147 15 135
136 26 147 15
136 159 26 147
136 256 125 135
136 256 125 257
136 147 256 135
136 159 147 268
136 256 257 268
136 147 256 268
148 16 137 17
148 138 28 17
148 149 138 28
148 137 138 17
148 149 137 138
148 149 160 28
148 136 16 137
148 160 28 38
148 159 160 38
369 380 370 249
369 380 248 249
369 501 490 370
369 380 501 370
369 380 248 258
369 247 258 368
369 247 248 258
391 500 380 390
391 380 501 392
391 500 380 501
391 501 392 513
391 390 402 401
391 500 390 401
391 500 512 401
391 501 512 513
391 500 501 512
391 512 513 523
391 402 401 523
391 512 401 523
391 513 523 524
391 392 513 524
391 402 523 524
391 392 402 524
611 622 491 612
611 622 491 490
611 743 732 612
611 622 743 612
611 743 732 742
611 622 743 742
611 732 742 610
531 399 521 520
531 532 521 520
531 411 532 521
531 519 399 520
531 519 652 520
531 652 653 520
531 532 653 520
531 532 652 653
531 542 652 664
531 532 652 664
71 192 72 181
71 59 180 60
71 59 180 70
71 180 181 60
71 192 180 181
71 61 181 60
71 72 61 181
313 433 302 434
313 325 324 434
313 303 302 434
313 303 192 302
313 314 325 434
313 192 314 325
313 303 314 434
313 303 192 314
291 169 290 170
291 290 170 280
291 169 181 170
291 171 170 280
291 290 412 280
291 171 181 170
291 303 171 181
291 303 302 181
291 302 290 301
291 169 290 301
291 171 292 280
291 303 171 292
291 412 292 280
291 303 412 292
291 302 180 181
291 169 180 181
291 302 180 301
291 169 180 301
423 544 533 424
423 544 424 434
423 433 544 434
423 533 412 424
423 433 302 434
423 303 412 424
423 411 533 412
423 303 424 434
423 303 302 434
423 291 303 412
423 291 303 302
423 411 290 412
423 291 290 412
423 291 302 290
554 433 544 555
554 675 664 665
554 542 675 664
554 544 555 665
554 555 676 665
554 675 676 665
554 565 686 555
554 565 686 675
554 686 555 676
554 686 675 676
334 345 333 454
334 443 455 454
334 466 455 454
334 466 345 454
334 214 335 324
334 214 345 335
334 466 345 335
334 456 335 324
334 456 455 324
334 466 456 335
334 466 456 455
204 194 84 193
204 194 326 193
204 326 325 193
780 779 647 769
780 779 791 670
780 647 769 648
780 659 647 648
780 659 647 658
780 779 647 658
780 659 658 670
780 779 658 670
1087 1197 1208 1088
1087 1197 1075 1208
1087 1197 1075 955
1087 1077 955 1088
1087 1197 1077 1088
1087 1197 1077 955
1207 1196 1075 1208
1207 1087 1075 1208
1207 1196 1329 1328
1207 1196 1329 1208
1065 1197 1075 955
1065 1055 933 945
1065 1055 933 1054
1065 955 944 945
1065 933 944 945
1065 1197 1187 1186
1065 1197 1077 955
1065 1175 1187 1186
1065 1055 1175 1187
1065 1175 1054 1186
1065 1055 1175 1054
834 956 835 944
834 823 835 944
834 823 835 713
834 956 955 944
834 956 846 835
834 823 943 944
834 833 823 713
834 956 846 967
834 833 844 713
834 954 833 844
834 833 823 943
834 954 833 943
1198 1197 1209 1088
1198 1197 1077 1088
1198 1197 1187 1186
1198 1197 1209 1208
1198 1319 1209 1208
1198 1308 1187 1186
1198 1319 1308 1186
1198 1197 1318 1186
1198 1319 1318 1186
1198 1197 1318 1208
1198 1319 1318 1208
206 85 86 97
206 86 97 207
206 218 97 207
206 218 217 97
206 196 86 207
206 196 85 86
206 316 328 327
74 194 63 184
74 196 85 75
74 64 184 75
74 64 63 184
929 930 1050 918
929 917 1050 918
929 808 930 918
929 808 917 918
929 930 1050 940
929 1049 917 1050
349 239 360 359
349 469 360 359
349 239 360 228
108 107 119 228
108 240 119 228
108 240 119 109
108 218 217 228
108 107 217 228
108 218 217 97
108 107 217 97
108 218 98 97
108 218 109 98
227 107 217 228
227 349 217 228
227 349 216 217
227 107 239 228
227 349 239 228
227 107 239 118
229 241 361 362
229 240 241 361
229 240 361 228
229 360 361 228
229 350 360 361
229 218 217 228
229 108 218 228
229 108 240 228
229 349 360 228
229 349 350 360
229 349 217 228
702 714 823 713
702 714 823 703
481 469 360 359
840 830 961 962
840 841 830 962
840 829 830 961
840 841 708 830
840 829 708 830
831 841 842 962
831 841 830 962
831 830 951 962
831 842 963 962
831 963 951 962
831 952 842 710
831 952 963 951
831 952 842 963
831 952 941 951
831 952 820 941
721 722 842 710
721 722 589 710
1083 950 961 962
1083 950 951 962
1083 1084 951 962
1082 1083 950 961
678 679 800 668
678 679 547 668
678 799 788 800
678 798 799 788
678 557 666 546
678 798 788 666
689 690 700 822
689 798 688 810
689 798 799 810
689 678 798 799
689 690 679 811
689 679 811 800
689 678 679 800
689 811 810 822
689 799 811 810
689 690 811 822
689 799 811 800
689 678 799 800
558 678 679 547
558 548 426 547
558 679 548 547
558 559 679 548
558 678 547 546
558 678 557 546
558 426 546 425
558 426 547 546
558 557 546 425
821 689 810 822
821 689 688 810
821 689 700 822
821 689 700 688
821 931 810 822
821 931 941 810
821 699 700 688
821 699 820 688
578 446 456 457
578 446 577 567
578 446 577 456
225 235 103 224
225 346 235 224
225 214 103 224
225 346 214 224
225 104 214 103
225 104 114 103
225 114 235 103
225 104 114 115
225 346 214 335
225 346 347 335
225 104 214 93
236 346 235 356
236 346 357 356
236 225 346 235
236 346 347 357
236 225 346 347
236 225 114 115
236 225 114 235
793 672 781 782
793 804 914 915
308 419 429 418
792 672 781 671
792 672 804 671
792 793 672 781
792 793 672 804
792 793 804 914
1060 1070 1059 938
1060 1181 1049 1059
1060 1059 938 927
1060 1049 1059 927
1060 950 939 940
1060 929 939 940
1060 929 1050 940
1060 929 1049 1050
828 948 959 960
828 838 948 959
828 827 838 948
828 827 838 717
828 829 718 707
826 838 958 959
826 838 948 959
826 948 959 1069
826 958 959 1069
826 827 838 948
826 947 948 1069
826 947 958 1069
826 947 827 948
826 815 947 827
826 705 815 827
826 815 947 825
826 705 815 825
826 836 958 957
677 797 666 676
677 798 797 666
677 678 557 666
677 678 798 666
677 808 687 676
677 808 797 676
677 557 666 545
677 557 556 545
677 689 557 688
677 689 798 688
677 689 678 557
677 689 678 798
677 687 676 566
677 688 687 566
677 666 545 665
677 666 676 665
677 544 556 545
677 557 567 556
677 557 567 688
677 544 545 665
677 544 676 665
677 544 555 676
677 544 556 555
677 555 676 566
677 556 555 566
677 567 556 566
677 567 688 566
949 829 950 961
949 1082 961 960
949 1082 950 961
949 829 950 939
949 1082 1081 960
949 1070 1081 960
949 1070 948 960
949 1070 948 938
949 1060 939 938
949 1060 950 939
949 1060 1070 938
949 828 948 960
949 828 948 938
113 103 234 224
113 102 234 224
113 102 103 224
113 114 103 234
223 233 355 234
223 343 233 355
223 343 355 344
223 355 344 224
223 355 234 224
223 102 234 224
223 333 344 224
223 343 333 344
223 233 234 112
223 233 101 112
223 113 102 101
223 113 102 234
223 102 212 224
223 233 101 222
223 343 233 222
223 212 333 224
223 113 234 112
223 113 101 112
223 211 212 333
223 211 343 333
223 211 343 222
1253 1142 1264 1252
1253 1121 1131 1242
1253 1241 1131 1242
1253 1241 1252 1131
1141 1021 1020 1032
1141 1021 1153 1032
1141 1153 1152 1032
1141 1142 1021 1153
1141 1031 1152 1032
1141 1031 1020 1032
1141 1031 1020 1152
1141 1020 1152 1140
1141 1021 1130 1020
1141 1142 1021 1130
1141 1130 1020 1140
1141 1273 1140 1262
1141 1273 1152 1140
1141 1130 1140 1262
1141 1142 1130 1262
1141 1142 1263 1262
1141 1142 1153 1263
1141 1273 1274 1262
1141 1153 1274 1152
1141 1273 1274 1152
1141 1274 1263 1262
1141 1153 1274 1263
888 1019 1020 899
888 1019 898 899
888 878 877 756
888 767 768 756
1283 1162 1273 1272
1283 1162 1272 1282
571 559 692 560
571 438 450 560
571 559 438 560
571 691 559 692
812 691 813 680
812 691 690 701
812 691 690 680
812 690 811 701
812 690 811 680
812 811 680 801
812 813 680 801
812 823 943 701
812 702 823 701
812 702 691 701
812 811 943 701
812 933 811 943
812 933 811 801
812 702 823 703
812 702 691 703
812 823 703 824
812 813 703 824
812 691 813 703
812 813 934 801
812 933 934 801
812 823 943 944
812 933 943 944
812 823 824 944
812 813 934 824
812 824 944 945
812 933 944 945
812 934 824 945
812 933 934 945
667 789 778 668
667 778 668 657
667 656 546 657
667 789 800 668
667 789 788 800
667 547 668 657
667 547 546 657
667 678 800 668
667 678 788 800
667 678 788 666
667 678 547 668
667 678 547 546
667 656 666 546
667 678 666 546
516 637 636 504
516 384 394 395
516 505 384 394
516 505 504 394
516 505 637 504
515 526 636 525
515 526 404 525
515 405 393 394
515 405 404 393
515 516 504 394
515 516 636 504
515 526 404 416
515 405 394 395
515 516 394 395
515 405 404 416
538 659 549 658
538 537 549 658
538 526 659 658
538 526 537 658
538 537 549 428
538 537 417 428
538 537 417 416
538 526 537 416
613 492 503 612
613 503 614 624
613 503 623 612
613 503 623 624
613 734 623 612
613 734 623 624
613 614 735 624
613 734 735 624
514 634 635 646
514 635 503 504
514 635 503 623
514 634 635 623
514 635 636 504
514 635 646 636
514 634 646 524
514 634 623 513
514 515 636 504
514 634 513 524
514 646 525 524
514 502 623 513
514 502 503 623
514 515 393 394
514 515 504 394
514 646 636 525
514 515 636 525
514 502 392 513
514 502 393 392
514 392 513 524
514 393 392 524
514 404 525 524
514 404 393 524
514 515 404 525
514 515 404 393
1000 878 879 890
1010 1021 900 899
1010 1021 900 1022
1010 1011 1022 890
1010 1021 1011 1022
1010 1000 1011 890
1010 1000 878 890
1010 1021 1011 1131
1098 1109 988 1110
1098 1099 988 1110
1098 1099 1109 1110
1098 1099 988 977
1098 1099 1109 1220
285 274 284 164
285 405 274 284
285 164 163 296
285 295 163 296
285 405 284 295
285 284 164 163
285 284 295 163
285 405 274 395
285 295 416 296
285 405 295 416
285 417 416 296
141 152 151 140
141 273 152 151
141 262 273 263
141 152 20 140
141 152 20 142
141 274 273 152
141 274 263 142
141 274 273 263
141 130 250 140
141 130 20 140
141 130 20 142
141 274 153 142
141 152 153 142
141 274 152 153
141 263 131 142
141 130 131 142
141 252 263 131
493 505 614 504
493 505 494 614
493 503 614 504
493 613 503 614
493 613 492 503
867 878 746 879
867 868 746 879
867 1000 868 879
867 1000 878 879
867 868 746 856
867 866 746 856
867 878 877 746
867 866 877 746
867 866 856 977
867 866 988 977
867 857 856 977
867 868 857 856
867 857 978 977
1004 1003 882 1014
1004 1015 1136 1125
1004 1015 1014 1136
1004 1005 1015 1125
1004 994 1114 1125
1004 994 1005 1125
1004 994 1005 884
1004 873 883 884
1004 873 994 884
1013 1003 1134 1014
1013 1134 1145 1135
1013 1024 1145 1135
1013 1134 1014 1135
1013 1024 1014 1135
1245 1256 1134 1255
1245 1244 1134 1255
1298 1167 1177 1287
1298 1299 1167 1287
1168 1157 1169 1047
1168 1167 1046 1057
1168 1058 1046 1047
1168 1058 1046 1057
1168 1059 1169 1047
1168 1059 1180 1169
1168 1059 1058 1047
1168 1059 1058 1180
1168 1157 1046 1047
1168 1167 1157 1046
1288 1299 1167 1287
1288 1167 1276 1287
1288 1167 1276 1277
1288 1167 1157 1277
1288 1168 1167 1157
1288 1168 1299 1167
1311 1312 1301 1180
1311 1312 1191 1180
1311 1312 1191 1323
1302 1181 1312 1313
1302 1181 1312 1301
1302 1181 1192 1313
1302 1181 1301 1291
1302 1192 1314 1313
1302 1192 1314 1303
1302 1192 1303 1182
1302 1181 1192 1182
1302 1303 1171 1291
1302 1181 1171 1291
1302 1303 1171 1182
1302 1181 1171 1182
1188 1068 1056 1067
1188 1068 1078 1067
1188 1068 1078 1199
1188 1068 1056 1057
1200 1068 1078 1079
1200 1068 1078 1199
1200 1068 1080 1079
926 804 914 915
926 925 804 914
926 1036 914 915
926 1036 914 1046
926 925 914 1046
926 1037 1036 1047
926 1037 1036 915
926 1036 1046 1047
926 925 1046 1047
926 916 927 806
926 1037 927 1047
926 1037 916 927
926 1037 916 915
946 947 935 1067
946 1079 1067 957
946 947 1079 1067
946 826 947 825
946 958 1079 957
946 947 958 1079
946 826 836 957
946 826 836 825
946 826 958 957
946 826 947 958
937 947 1058 948
937 1058 948 938
937 925 936 1058
937 947 936 1058
937 947 827 948
937 815 947 827
937 815 925 936
937 815 947 936
937 1058 938 1047
937 925 1058 1047
937 926 925 1047
937 938 927 1047
937 926 927 1047
937 938 927 806
937 926 927 806
814 815 947 825
814 946 947 935
814 946 947 825
814 947 936 935
814 815 947 936
694 815 682 683
694 561 572 682
694 561 682 683
694 584 705 704
694 561 573 683
694 561 572 573
694 584 572 573
694 584 705 585
694 584 573 585
694 573 574 585
694 563 573 683
837 705 716 715
837 705 836 715
837 826 836 958
837 705 716 717
837 705 838 717
837 826 838 958
837 705 836 825
837 826 836 825
837 826 705 825
837 705 827 838
837 826 827 838
837 826 705 827
1176 1055 1175 1187
1176 1175 1187 1186
1176 1308 1187 1186
1176 1308 1307 1297
1176 1308 1307 1186
1044 934 923 922
1044 1055 934 922
1044 911 923 922
1044 1043 911 922
1044 1055 1175 922
1044 1043 1175 922
1044 911 912 923
1296 1174 1306 1295
1296 1174 1306 1307
1296 1164 1285 1297
1296 1174 1307 1186
1296 1174 1164 1175
1296 1176 1307 1297
1296 1176 1307 1186
1296 1176 1164 1297
1296 1176 1164 1175
1296 1174 1175 1186
1296 1176 1175 1186
1053 1042 1041 932
1053 1042 1054 932
1173 1306 1305 1295
1173 1174 1306 1295
1173 1294 1305 1295
1173 1294 1183 1305
1173 1283 1294 1295
185 64 174 184
185 305 174 184
185 64 184 75
185 74 184 75
185 74 196 75
185 74 196 184
185 196 197 75
185 64 75 65
185 186 64 174
185 186 197 318
185 76 75 65
185 76 197 65
185 76 197 75
185 186 197 65
185 186 64 65
208 196 197 87
208 219 329 207
208 219 87 207
208 86 87 207
208 196 86 207
208 196 86 87
475 464 474 354
475 596 464 474
475 596 586 464
475 464 344 354
920 931 799 921
920 931 799 919
920 910 1042 921
920 1042 1041 932
920 1042 921 932
920 931 921 932
920 1042 1031 1041
920 910 1042 1031
920 910 921 800
920 799 921 800
920 799 788 919
920 1030 1031 1041
920 910 788 800
920 799 788 800
920 1030 1041 919
920 788 908 919
920 1030 908 919
843 952 963 964
843 952 842 963
843 952 842 710
843 722 842 710
843 954 952 964
843 954 833 844
843 722 710 711
1073 1084 1085 963
1073 1085 963 964
1073 952 963 964
1073 1084 963 951
1073 952 963 951
1073 1084 1085 1194
1073 1062 941 951
1073 952 941 951
1073 1062 1193 1194
1073 1084 1193 1194
1073 1062 941 1063
723 722 601 711
723 724 844 713
723 833 844 713
723 843 833 711
723 843 722 711
723 843 833 844
590 589 601 711
588 479 599 478
588 599 478 467
588 479 478 467
588 590 578 589
588 577 456 467
588 578 577 456
588 599 708 720
597 586 718 707
597 598 718 707
597 598 586 707
597 475 596 586
587 598 708 707
587 697 707 576
587 708 697 707
587 586 707 576
587 598 586 707
587 588 708 697
587 598 599 708
587 588 599 708
587 577 697 576
587 588 577 697
587 577 466 576
587 577 466 467
587 588 577 467
587 588 599 467
587 599 478 467
436 558 557 425
436 326 327 315
436 426 304 425
436 426 304 315
436 558 426 425
436 316 327 315
1227 1216 1107 1217
1227 1106 1107 1238
1118 1107 1117 1238
1118 1239 1117 1238
1118 1239 1107 1238
1118 1239 1117 1129
1118 1239 1119 1129
1118 1008 1117 1129
1118 1008 1119 1129
1118 1106 1107 1117
1118 1106 986 1107
996 1106 1117 1116
996 995 984 1116
996 1106 984 1116
996 1118 1106 1117
996 1008 1128 1117
996 1007 1008 1128
996 1118 1008 1117
996 1007 995 886
1095 1216 1107 1217
1095 1106 986 1107
1095 1227 1106 1107
1095 1227 1216 1107
773 883 763 884
773 763 884 895
773 774 763 895
773 762 883 763
773 774 763 653
773 762 763 653
773 774 652 653
773 762 652 653
773 772 652 641
773 762 652 641
861 850 729 849
861 729 739 849
861 860 739 849
861 860 872 739
861 729 739 740
861 872 739 740
861 741 729 740
861 741 872 740
861 851 850 729
861 741 872 862
861 851 729 730
861 741 729 730
861 851 741 730
861 851 741 862
861 851 850 862
1293 1294 1183 1304
1293 1292 1182 1160
1293 1303 1292 1182
1293 1183 1182 1160
1293 1303 1304 1182
1293 1183 1304 1182
1293 1281 1282 1160
1293 1281 1292 1160
1172 1161 1282 1160
1172 1293 1294 1282
1172 1293 1282 1160
1172 1162 1161 1282
1172 1293 1183 1160
1172 1293 1294 1183
1172 1040 1161 1160
1172 1173 1294 1183
1172 1283 1294 1282
1172 1283 1162 1282
1172 1173 1283 1162
1172 1173 1283 1294
1172 1162 1161 1041
1172 1173 1162 1041
1172 1040 1161 1041
1051 1040 1050 1160
1051 1183 1182 1160
1051 1172 1183 1160
1051 1172 1040 1160
1051 1171 1182 1160
1051 1171 1050 1160
1051 1062 1183 1182
1051 1040 930 1050
1051 1062 1183 1063
1051 930 1050 940
1051 941 930 940
1051 1062 941 940
1051 1062 941 1063
1317 1196 1306 1318
1317 1196 1329 1328
1317 1196 1329 1318
907 1029 918 1039
907 1029 1028 1039
907 1038 918 1039
907 1028 1038 1039
907 1038 918 906
907 1029 908 918
907 1029 1028 1017
907 1038 1027 906
907 1028 1038 1027
907 787 908 918
907 787 896 908
907 896 908 1018
907 1029 908 1018
907 1016 896 1017
907 1016 1028 1017
907 896 1017 1018
907 1029 1017 1018
907 1016 1027 906
907 1016 1028 1027
907 918 786 906
907 787 918 786
907 896 786 906
907 787 896 786
907 896 895 906
907 1016 895 906
907 1016 896 895
760 759 771 639
760 748 749 639
760 759 748 639
760 749 869 870
760 748 749 869
1012 1144 1145 1023
1012 1024 1145 1023
1012 1013 1024 1145
903 1024 902 1023
903 1024 1035 1023
903 913 902 1023
903 1035 913 1023
903 1035 913 914
903 1035 914 915
903 793 914 915
903 793 781 782
903 792 913 914
903 792 793 914
903 792 913 902
903 792 902 781
903 792 793 781
1025 1026 1014 1135
1025 1024 1014 1135
1025 1037 915 905
1025 1037 1026 905
1025 1024 1145 1135
1025 1037 1036 915
1025 1035 1036 915
1025 1146 1145 1135
1025 1026 1146 1135
1025 1037 1036 1146
1025 1037 1026 1146
1025 1035 1036 1146
1025 1035 1146 1145
1025 1024 1035 1145
993 1004 994 1114
993 1004 873 994
993 873 872 862
993 861 872 862
993 861 860 872
993 1004 873 883
993 871 860 872
993 871 883 872
993 873 883 872
993 871 883 882
993 1004 883 882
1111 1112 1232 1122
1221 1112 1233 1232
1221 1111 1112 1232
1221 1111 1112 1100
1123 1111 1112 1122
1123 1245 1233 1234
1123 1244 1112 1233
1123 1013 1134 1122
1123 1013 1003 1134
1123 1244 1134 1122
1123 1244 1112 1122
1123 1245 1244 1233
1123 1245 1244 1134
1222 1101 1211 1223
1222 1221 1112 1233
1222 1112 1101 1100
1222 1221 1112 1100
1222 1101 1100 1090
1222 1101 1211 1090
1222 1221 1089 1100
1222 1089 1211 1090
1222 1089 1100 1090
1222 1089 1211 1210
1222 1221 1089 1210
991 1112 1101 1100
991 979 1101 1100
991 1111 979 1100
991 1111 1112 1100
991 979 1101 980
991 1123 1111 1112
410 411 290 400
410 278 290 400
410 411 521 400
410 531 411 521
410 278 399 400
410 399 521 400
410 531 399 521
289 290 301 168
289 278 290 168
289 179 301 168
289 410 278 290
289 167 179 168
289 278 167 168
289 288 278 167
486 365 376 485
486 497 376 485
618 628 750 629
618 727 728 739
618 728 607 740
618 728 739 740
618 750 739 740
618 750 629 740
618 750 749 739
618 628 750 749
299 310 430 431
299 419 430 298
299 288 177 178
299 288 177 298
299 188 177 178
299 188 189 178
299 188 310 189
807 808 686 687
807 818 686 687
807 685 818 686
807 808 686 796
807 685 686 796
807 808 917 796
807 929 808 917
807 685 796 806
89 88 209 77
89 210 209 77
89 88 100 221
89 222 100 221
89 210 222 221
89 331 210 209
89 331 210 221
89 88 209 221
89 331 209 221
202 334 214 324
90 102 212 91
90 89 210 222
90 223 102 212
90 223 102 101
90 211 210 222
90 101 222 100
90 89 222 100
90 223 101 222
90 223 211 222
90 223 211 212
377 366 365 245
377 366 365 376
377 244 365 245
377 244 365 376
377 244 255 245
377 244 255 376
377 255 256 245
377 388 255 256
377 387 255 376
377 388 387 255
377 246 256 245
377 366 367 245
377 246 367 245
377 378 246 367
377 246 256 257
377 378 246 257
377 388 256 268
377 388 378 268
377 256 257 268
377 378 257 268
22 144 23 33
143 132 265 264
143 22 144 132
143 144 154 33
143 22 144 33
276 143 144 154
276 143 144 265
276 166 165 154
276 166 287 165
276 143 275 154
276 275 165 154
276 287 275 165
276 287 275 397
276 287 277 397
276 265 277 397
276 143 275 264
276 143 265 264
276 275 397 264
276 265 397 264
155 145 156 35
155 145 34 35
155 166 156 35
155 166 34 35
155 145 144 34
155 166 34 154
155 144 34 154
155 288 277 156
155 166 288 156
155 276 287 277
155 276 166 287
155 277 156 266
155 145 156 266
155 276 265 277
155 276 166 154
155 276 144 154
155 145 144 265
155 276 144 265
155 288 287 277
155 166 288 287
155 265 277 266
155 145 265 266
133 145 144 23
133 145 13 134
133 145 144 265
133 145 255 134
133 145 255 265
133 143 132 265
133 143 144 265
133 143 144 132
133 255 254 134
133 255 265 254
133 254 134 122
133 132 254 122
133 253 265 254
133 132 253 254
133 132 253 265
12 145 24 23
12 145 13 24
12 133 145 23
12 133 145 13
12 133 144 23
12 22 144 23
12 133 144 132
12 1 11 122
12 13 1 134
12 133 13 134
12 22 132 11
12 22 144 132
12 132 11 122
12 133 132 122
12 1 134 122
12 133 134 122
982 1104 1103 1092
982 1114 1104 1103
982 1114 1104 1115
982 861 850 862
982 993 861 862
619 497 629 509
619 629 630 740
619 629 630 509
619 618 629 740
619 618 497 629
619 510 630 509
619 499 510 509
619 608 607 740
619 620 608 740
619 486 497 607
619 618 607 740
619 618 497 607
619 631 630 740
619 631 620 740
619 631 510 630
619 499 631 620
619 499 631 510
621 499 488 620
621 489 488 620
621 489 499 488
621 499 631 511
621 499 631 620
621 499 500 511
621 631 620 742
621 620 742 610
621 489 620 610
621 632 631 742
621 632 631 511
621 500 512 511
621 632 512 511
621 500 501 512
621 611 742 610
621 611 622 742
621 611 489 610
621 632 633 742
621 632 512 633
621 622 501 512
621 622 501 490
621 611 489 490
621 611 622 490
621 622 633 742
621 622 512 633
662 663 542 652
662 663 673 542
662 541 673 542
662 651 772 652
662 541 672 673
662 651 772 782
662 651 661 782
662 541 651 661
662 793 672 782
662 672 661 782
662 541 672 661
398 518 408 397
398 518 386 397
398 386 277 397
398 518 408 529
398 518 519 529
398 518 519 508
398 518 386 508
398 519 399 508
398 387 399 508
398 386 387 508
398 399 277 266
398 387 399 266
398 386 277 266
398 386 387 266
627 518 628 507
627 616 628 507
627 518 517 638
627 518 638 639
627 518 628 639
627 748 638 639
627 628 748 639
738 616 748 737
738 748 749 737
738 628 748 749
738 627 616 748
738 627 628 748
738 627 616 628
738 618 628 749
738 859 749 737
738 616 726 737
738 727 726 737
738 727 859 737
738 859 749 739
738 618 749 739
738 616 726 605
738 727 859 739
738 618 727 739
79 90 89 210
79 90 211 212
79 90 211 210
79 80 212 91
79 90 212 91
983 995 984 1116
983 994 995 1116
983 994 1115 1116
983 995 984 862
983 873 994 995
983 874 995 862
983 873 874 862
983 873 874 995
983 993 873 862
983 993 873 994
983 972 984 862
983 982 1104 1115
983 982 993 862
983 994 1114 1115
983 982 1114 1115
983 982 972 862
983 982 1104 972
983 993 994 1114
983 982 993 1114
876 744 877 755
876 877 756 755
876 888 877 756
876 754 766 755
876 754 886 766
876 767 766 755
876 888 767 766
876 767 756 755
876 888 767 756
985 996 995 984
985 996 1106 984
985 1118 1106 986
985 996 1118 1106
1006 885 1005 1017
1006 885 1007 1017
1006 994 1005 1126
1006 885 994 1005
1006 1137 1127 1126
1006 1137 1005 1126
1006 1137 1127 1017
1006 1137 1005 1017
1006 1127 1126 1116
1006 1127 1128 1017
1006 1007 1128 1017
1006 885 1007 995
1006 885 994 995
1006 994 1126 1116
1006 994 995 1116
1006 996 995 1116
1006 996 1007 995
1006 1127 1117 1116
1006 1127 1128 1117
1006 996 1007 1128
1006 996 1117 1116
1006 996 1128 1117
751 873 763 752
751 762 763 752
751 873 741 752
751 873 741 872
751 873 883 763
751 873 883 872
751 762 630 752
751 762 883 763
751 741 872 740
751 762 750 630
751 762 750 883
751 631 741 740
751 631 741 752
751 631 630 740
751 631 630 752
751 750 630 740
751 750 872 740
751 871 883 872
751 871 750 872
751 871 750 883
855 746 734 745
855 866 746 745
855 744 734 745
855 866 744 745
855 746 734 856
855 866 746 856
855 744 733 734
987 867 866 988
987 867 866 877
987 867 878 877
427 438 548 428
427 537 548 428
427 438 439 428
427 415 305 426
427 415 305 295
427 537 548 426
427 415 537 426
427 307 417 428
427 537 417 428
427 415 295 416
427 415 537 416
427 307 417 296
427 417 295 296
427 307 295 296
427 417 295 416
427 537 417 416
270 260 271 392
270 260 380 392
270 391 380 392
270 260 149 271
270 271 392 402
270 391 392 402
270 149 271 281
270 271 402 281
270 391 380 390
270 390 402 281
270 391 390 402
270 380 390 258
261 262 272 381
261 260 272 381
261 262 250 381
261 250 381 249
261 260 381 249
261 273 151 272
261 262 273 272
261 150 151 272
261 260 150 272
261 141 250 140
261 250 129 140
261 141 273 151
261 141 262 273
261 141 151 140
259 149 137 138
259 260 149 138
259 270 260 149
259 137 138 127
259 248 137 127
259 260 128 138
259 270 260 380
259 128 248 127
259 128 138 127
259 128 248 249
259 260 128 249
259 380 248 258
259 380 248 249
259 260 380 249
259 270 380 258
259 247 137 258
259 247 248 258
259 247 248 137
27 136 16 15
27 136 26 15
27 148 136 16
27 136 159 26
27 148 136 159
27 148 28 38
27 159 26 38
27 148 159 38
27 148 28 17
27 148 16 17
269 148 136 137
269 136 257 268
269 136 137 257
269 136 159 268
269 148 136 159
269 258 257 268
269 137 258 257
269 390 258 268
269 148 149 137
269 270 390 258
269 279 390 268
269 159 279 268
269 148 159 160
269 259 137 258
269 259 270 258
269 259 149 137
269 259 270 149
269 279 390 280
269 159 279 280
269 159 160 280
269 148 149 160
269 160 281 280
269 390 281 280
269 270 390 281
269 149 160 281
269 270 149 281
379 369 490 368
379 369 501 490
379 489 490 368
379 369 258 368
379 621 501 490
379 621 489 490
379 369 380 258
379 369 380 501
379 621 500 501
379 378 258 368
379 500 378 258
379 500 380 258
379 500 380 501
379 499 500 378
379 489 488 368
379 489 499 488
379 621 499 500
379 621 489 499
379 499 488 378
379 488 367 368
379 378 367 368
379 488 378 367
83 71 192 72
83 192 72 193
83 204 94 84
83 204 84 193
312 313 433 302
312 432 431 443
96 227 216 217
96 227 107 217
96 107 217 97
96 206 217 97
96 206 85 97
552 541 673 542
552 564 563 442
552 541 551 673
552 541 430 551
552 563 551 673
552 563 551 562
552 430 551 562
552 430 431 442
552 431 443 442
552 564 443 442
552 432 431 443
552 432 564 443
552 563 562 442
552 430 562 442
543 411 532 533
543 423 411 533
543 532 533 665
543 423 544 533
543 531 411 532
543 544 533 665
543 554 544 665
543 532 664 665
543 554 664 665
543 423 433 544
543 554 433 544
543 554 432 433
543 554 542 664
543 531 542 664
543 531 532 664
543 554 432 542
543 410 531 411
553 554 565 675
553 685 565 675
553 685 564 565
553 552 432 564
553 554 542 675
553 554 432 542
553 674 685 675
553 552 432 542
553 685 564 684
553 674 685 684
553 552 673 542
553 552 563 673
553 552 564 563
553 674 663 675
553 674 663 673
553 674 673 684
553 663 542 675
553 663 673 542
553 563 673 684
553 564 563 684
322 211 212 333
322 321 211 333
322 321 443 333
322 443 333 454
322 334 333 454
322 334 443 454
336 457 325 324
336 457 335 324
336 347 457 335
901 780 779 769
901 1010 1022 890
901 1010 900 1022
901 912 900 1022
901 779 912 900
901 779 791 912
901 780 779 791
965 843 954 964
965 843 954 844
965 834 954 844
1064 1053 1063 932
1064 933 943 932
1064 933 943 944
1064 1065 933 944
1064 1053 1054 932
1064 933 1054 932
1064 1065 933 1054
1195 1207 1196 1075
1195 1207 1196 1328
1195 1317 1196 1328
1195 1317 1327 1328
1066 1065 1055 945
1066 1065 1055 1187
1066 1065 955 945
1066 1065 1077 955
1066 1065 1197 1187
1066 1065 1197 1077
1066 956 955 945
1066 956 1077 955
1066 1198 1197 1187
1066 1198 1197 1077
845 846 835 713
845 834 835 713
845 834 846 835
845 834 844 713
845 724 844 713
845 834 846 967
845 724 713 725
845 846 713 725
966 956 955 967
966 834 956 967
966 834 956 955
966 955 967 1088
966 1087 955 1088
966 845 834 967
966 965 834 844
966 845 834 844
205 96 216 217
205 96 206 217
205 96 206 85
205 204 194 326
205 204 194 84
205 96 85 84
205 85 194 84
195 206 196 85
195 74 85 194
195 74 196 85
195 205 85 194
195 205 206 85
195 74 194 184
195 74 196 184
195 206 316 327
195 205 206 327
195 185 196 184
195 205 326 327
195 205 194 326
195 194 183 315
195 194 183 184
195 316 305 315
195 194 326 315
195 185 305 184
195 326 327 315
195 316 327 315
195 305 183 315
195 305 183 184
73 194 63 62
73 74 194 63
73 85 194 84
73 74 85 194
73 194 193 62
73 72 193 62
73 194 84 193
73 83 84 193
73 83 72 193
117 227 239 118
348 349 469 359
348 227 349 216
348 336 347 457
351 350 361 362
351 229 361 362
351 229 350 361
351 229 241 362
339 461 450 329
339 328 450 329
339 328 329 207
339 351 229 350
591 590 601 711
470 481 469 360
470 349 350 360
470 349 469 360
470 591 481 469
480 481 469 359
480 591 481 601
480 591 481 469
480 591 590 601
480 591 590 469
592 593 714 725
592 724 713 725
592 714 713 725
592 702 714 713
592 593 702 714
592 723 724 713
839 840 829 961
839 949 961 960
839 949 829 961
839 949 828 960
839 949 828 829
839 828 829 718
839 828 959 960
839 828 838 959
839 828 718 717
839 828 838 717
719 841 708 720
719 840 841 708
719 598 708 720
719 598 718 707
719 598 708 707
719 829 718 707
719 829 708 707
719 840 829 708
719 839 829 718
719 839 840 829
709 721 841 720
709 841 708 720
709 588 708 720
709 588 721 720
709 588 721 589
709 721 589 710
709 841 708 830
709 831 841 830
709 721 841 842
709 831 841 842
709 831 820 710
709 831 842 710
709 721 842 710
709 699 589 710
709 699 820 710
709 818 708 830
1072 1082 1083 1203
1072 1083 1204 1203
1072 1192 1204 1203
1072 1082 1083 950
1072 1192 1204 1193
1072 1083 1084 1204
1072 1084 1204 1193
1072 1083 950 951
1072 1083 1084 951
1072 950 951 940
1072 1073 1084 1193
1072 1073 1084 951
1072 1062 951 940
1072 1073 1062 1193
1072 1073 1062 951
942 821 931 822
942 821 931 941
942 931 822 932
942 1064 954 943
942 931 1063 932
942 931 941 1063
942 833 943 822
942 954 833 943
942 943 822 932
942 1064 943 932
942 1064 1063 932
237 347 357 358
237 236 347 357
237 348 347 358
237 236 225 347
237 236 225 115
297 298 286 418
297 177 298 286
297 177 165 286
297 176 177 165
297 419 298 418
297 308 419 418
187 66 176 67
187 188 176 67
706 828 718 707
706 828 718 717
706 586 718 707
706 828 827 717
706 597 718 717
706 597 586 718
706 586 575 707
706 596 717 585
706 596 586 585
706 597 596 717
706 597 596 586
706 705 717 585
706 705 827 717
706 696 575 707
706 586 574 585
706 586 575 574
809 677 798 797
809 677 808 797
809 808 797 930
809 677 808 687
809 797 930 919
809 798 797 919
809 677 688 687
809 677 798 688
809 930 810 919
809 798 810 919
809 798 688 810
809 821 688 810
809 941 930 810
809 821 941 810
809 821 820 941
809 820 688 687
809 821 820 688
1071 949 1070 1081
1071 949 1082 1081
1071 1070 1191 1081
1071 949 1082 950
1071 1082 1202 1081
1071 1202 1191 1081
1071 949 1060 950
1071 949 1060 1070
1071 1082 1202 1203
1071 1202 1191 1203
1071 1072 1082 950
1071 1192 1191 1203
1071 1070 1191 1180
1071 1181 1191 1180
1071 1181 1192 1191
1071 1060 1070 1059
1071 1060 1181 1059
1071 1072 1192 1203
1071 1072 1082 1203
1071 1070 1059 1180
1071 1181 1059 1180
1132 1121 1011 1131
1132 1253 1121 1131
1132 1021 1011 1131
1132 1142 1021 1131
1132 1021 1011 1143
1132 1142 1021 1143
1132 1142 1252 1131
1132 1253 1252 1131
1132 1253 1142 1252
1132 1142 1264 1143
1132 1253 1142 1264
887 1019 1007 1008
887 888 1019 1008
887 888 1019 898
887 1019 1007 1018
887 1019 898 1018
887 1007 886 897
887 1007 1018 897
887 898 1018 897
887 886 766 897
887 898 766 897
887 876 886 766
887 888 898 766
887 876 888 766
1284 1162 1273 1152
1284 1283 1162 1273
1284 1273 1164 1152
1284 1273 1164 1285
1284 1296 1174 1295
1284 1296 1164 1285
1284 1296 1174 1164
448 316 438 328
448 316 328 327
448 459 328 327
448 436 316 327
447 578 446 457
447 578 446 567
447 446 457 325
447 436 326 327
447 448 459 327
447 448 436 327
449 571 438 450
449 571 559 438
449 448 559 438
449 438 328 450
449 448 438 328
449 571 461 450
449 339 328 450
449 339 461 450
777 667 789 788
777 667 789 778
777 789 778 899
777 667 656 657
777 667 778 657
777 888 767 766
777 888 898 766
777 645 656 766
777 767 645 766
777 767 778 657
777 888 898 899
777 768 778 899
777 767 768 778
777 645 656 657
777 767 645 657
777 888 768 899
777 888 767 768
527 515 526 636
527 515 516 636
527 526 636 648
527 637 636 648
527 516 637 636
527 515 526 416
527 538 526 416
527 526 659 648
527 538 526 659
999 1000 1121 1011
999 1121 1011 1131
999 1010 1011 1131
999 1010 1000 1011
999 1010 1000 878
999 1109 988 1110
999 1121 1109 1110
999 867 1000 878
999 987 867 988
999 987 867 878
889 1010 878 890
889 757 768 769
889 878 879 890
889 757 878 879
889 757 768 756
889 757 878 756
889 779 768 769
889 901 1010 890
889 779 768 899
889 888 768 756
889 888 878 756
889 888 768 899
889 879 769 890
889 757 879 769
889 901 769 890
889 901 779 769
889 901 779 900
889 901 1010 900
889 779 900 899
889 1010 900 899
1009 1021 1020 899
1009 1010 1021 899
1009 888 1020 899
1009 889 888 899
1009 889 1010 899
1009 1021 1130 1020
1009 889 888 878
1009 889 1010 878
1009 1019 1130 1020
1009 888 1019 1020
1009 1021 1130 1131
1009 1010 1021 1131
1009 999 1010 878
1009 1019 1130 1008
1009 888 1019 1008
1009 1130 1119 1131
1009 1130 1008 1119
1009 999 1010 1131
1108 1239 1119 1240
1108 1118 986 1107
1108 1118 1239 1119
1108 1118 1239 1107
1219 1098 1109 1220
1219 1231 1109 1220
1219 1230 1231 1109
251 141 252 263
251 141 262 263
251 262 250 371
251 141 130 250
251 261 262 250
251 261 141 250
251 261 141 262
251 141 130 131
251 141 252 131
383 505 384 373
383 505 494 373
383 493 494 373
383 493 505 494
383 505 384 394
383 505 504 394
383 493 505 504
383 252 384 373
383 251 262 263
383 273 384 394
383 262 273 394
383 252 263 384
383 251 252 263
383 273 263 384
383 262 273 263
989 867 1000 868
989 988 1110 978
989 867 857 978
989 867 868 857
989 999 988 1110
989 999 867 988
989 999 867 1000
989 988 978 977
989 867 978 977
989 867 988 977
989 999 1121 1110
989 999 1000 1121
1124 1014 1136 1135
1124 1134 1014 1135
1124 1256 1136 1135
1124 1256 1134 1135
1124 1245 1256 1134
1124 1003 1134 1014
1124 1123 1003 1134
1124 1123 1245 1134
1124 1004 1014 1136
1124 1004 1003 1014
1124 1004 1136 1125
1124 1004 1114 1125
1124 1004 1114 1003
1289 1157 1277 1278
1289 1288 1157 1277
1289 1157 1169 1278
1289 1290 1169 1278
1289 1168 1157 1169
1289 1288 1168 1157
1289 1288 1168 1299
1190 1311 1191 1180
1190 1200 1068 1080
1190 1058 1057 1069
1190 1068 1057 1069
1190 1070 1191 1180
1190 1070 1080 1069
1190 1068 1080 1069
1190 1070 1058 1069
1190 1070 1058 1180
1190 1070 1191 1081
1190 1070 1080 1081
1190 1202 1191 1081
1178 1188 1056 1177
1178 1056 1177 1057
1178 1188 1056 1057
1178 1167 1177 1057
1178 1188 1068 1057
1178 1168 1167 1057
1178 1168 1299 1167
1178 1298 1167 1177
1178 1298 1299 1167
816 828 948 938
816 937 948 938
816 937 938 806
816 828 827 948
816 937 827 948
816 937 815 827
816 706 828 827
816 706 696 707
816 706 828 707
805 926 925 804
805 937 926 925
805 815 925 804
805 937 815 925
805 937 926 806
805 815 804 683
805 816 937 815
805 674 684 806
805 816 684 806
805 816 937 806
805 673 684 683
805 674 673 684
805 672 673 683
805 672 804 683
803 815 804 682
803 814 815 682
803 815 925 804
803 804 671 682
803 792 804 671
803 815 925 936
803 814 815 936
803 814 936 935
693 694 572 682
693 814 815 682
693 694 815 682
693 584 704 572
693 694 584 572
693 694 584 704
693 814 815 825
693 694 705 704
693 694 705 815
693 705 704 825
693 705 815 825
1165 1164 1286 1297
1165 1176 1164 1297
1165 1164 1286 1154
1165 1043 1164 1154
1165 1043 1164 1175
1165 1176 1164 1175
1165 1044 1043 1175
1165 1176 1055 1175
1165 1044 1055 1175
1033 1043 1154 1032
1033 1044 911 912
1033 1143 1022 1032
1033 1143 1154 1032
1033 900 1022 1032
1033 912 900 1022
1033 1043 911 1032
1033 1044 1043 911
1033 1165 1043 1154
1033 1165 1044 1043
1033 911 900 1032
1033 911 912 900
1163 1053 1042 1054
1163 1053 1174 1054
1163 1043 1042 1054
1163 1043 1175 1054
1163 1174 1175 1054
1163 1173 1053 1174
1163 1043 1164 1175
1163 1174 1164 1175
1163 1043 1042 1152
1163 1043 1164 1152
1163 1284 1164 1152
1163 1284 1174 1164
1163 1042 1152 1041
1163 1162 1152 1041
1163 1053 1042 1041
1163 1284 1162 1152
1163 1173 1162 1041
1163 1173 1053 1041
1163 1173 1283 1162
1163 1284 1283 1162
1163 1173 1174 1295
1163 1284 1174 1295
1163 1284 1283 1295
1163 1173 1283 1295
1185 1173 1174 1306
1185 1174 1306 1186
1185 1196 1306 1186
1185 1173 1053 1174
1185 1173 1053 1063
1185 1196 1197 1186
1185 1196 1197 1075
1185 1195 1196 1075
1185 1053 1174 1054
1185 1064 1053 1054
1185 1064 1065 1075
1185 1174 1054 1186
1185 1065 1197 1186
1185 1065 1197 1075
1185 1064 1053 1063
1185 1065 1054 1186
1185 1064 1065 1054
306 307 186 318
306 185 186 318
306 185 305 174
306 307 318 439
306 438 318 439
306 307 186 174
306 185 186 174
306 427 438 439
306 307 295 174
306 427 307 295
306 305 295 174
306 427 305 295
306 307 439 428
306 427 439 428
306 427 307 428
953 1073 1085 964
953 954 952 964
953 1073 952 964
953 965 954 964
953 942 954 952
953 1073 952 941
953 942 952 941
953 942 1064 954
953 1073 941 1063
953 942 941 1063
953 942 1064 1063
458 447 578 457
458 591 590 469
458 348 349 469
458 470 591 469
458 470 591 459
458 470 349 469
468 588 479 467
468 588 590 479
468 588 590 578
468 588 456 467
468 588 578 456
468 456 347 467
468 456 347 457
468 347 358 467
468 479 358 467
468 348 347 457
468 578 456 457
468 458 578 457
468 458 590 578
468 458 348 457
468 348 347 358
468 458 590 469
468 458 348 469
468 480 590 469
468 480 590 479
468 480 479 359
468 480 469 359
468 479 358 359
468 348 358 359
468 348 469 359
698 578 699 589
698 588 578 589
698 709 699 589
698 709 588 589
698 588 578 577
698 578 577 567
698 578 699 567
698 588 577 697
698 588 708 697
698 709 588 708
698 577 567 566
698 577 697 566
698 697 687 566
698 818 697 687
698 709 699 820
698 818 708 697
698 709 818 708
698 820 688 687
698 699 820 688
698 688 687 566
698 567 688 566
698 699 567 688
600 588 599 720
600 588 721 720
600 588 721 589
600 588 479 599
600 588 590 589
600 588 590 479
600 590 589 601
600 722 589 601
600 721 722 589
600 480 590 601
600 480 590 479
476 597 475 586
476 355 344 354
476 475 344 354
476 475 464 344
476 475 586 464
1228 1239 1107 1238
1228 1227 1107 1238
1228 1227 1107 1217
1228 1108 1239 1107
1228 1108 1239 1240
1226 1094 1216 1215
1226 1095 1227 1106
1226 1095 1227 1216
1226 1095 1094 1216
1226 1095 1094 1106
1096 1095 1107 1217
1096 1095 986 1107
1096 1108 986 1107
1096 1228 1107 1217
1096 1228 1108 1217
1096 1228 1108 1107
894 1026 1015 1014
894 1004 1015 1014
894 1026 905 1027
894 1026 1015 1027
894 773 884 895
894 1016 1015 1027
894 1016 895 906
894 1016 1005 895
894 1016 1005 1015
894 774 895 906
894 773 774 895
894 1005 884 895
894 1004 883 884
894 773 883 884
894 1004 1005 884
894 1004 1005 1015
894 905 1027 906
894 1016 1027 906
893 894 773 883
893 1004 883 882
893 894 1004 883
893 1004 882 1014
893 894 1004 1014
893 1025 1024 1014
893 1025 1026 905
893 894 1026 905
893 1025 1026 1014
893 894 1026 1014
981 970 850 849
981 861 850 849
981 861 860 849
981 982 861 850
981 970 849 848
981 860 849 848
981 860 980 848
981 993 861 860
981 982 993 861
981 970 969 848
981 969 980 848
981 1101 969 980
981 970 1101 969
981 991 1101 980
1052 1051 1172 1040
1052 1172 1040 1041
1052 1051 1183 1063
1052 1051 1172 1183
1052 931 941 1063
1052 1051 941 1063
1052 1051 1040 930
1052 1173 1183 1063
1052 1172 1173 1183
1052 1040 1041 919
1052 1173 1053 1063
1052 1173 1053 1041
1052 1172 1173 1041
1052 931 941 930
1052 1051 941 930
1052 931 930 919
1052 1040 930 919
1052 931 1063 932
1052 1053 1063 932
1052 1053 1041 932
1052 920 1041 919
1052 920 931 919
1052 920 1041 932
1052 920 931 932
1316 1315 1327 1194
1316 1195 1317 1327
1316 1315 1304 1194
770 760 759 771
770 771 782 649
770 759 771 649
770 903 781 782
770 903 902 781
770 781 782 649
880 760 748 869
880 760 759 748
880 760 869 870
880 770 760 759
881 880 760 870
881 1003 882 1014
881 1013 1003 1014
881 893 882 1014
881 1013 1024 1014
881 893 1024 1014
1133 1013 1001 1122
1133 1012 1013 1001
1133 1013 1134 1122
1133 1013 1134 1145
1133 1012 1013 1145
1133 1134 1243 1122
1133 1012 1144 1145
1133 1254 1243 1255
1133 1134 1243 1255
1133 1134 1255 1145
1133 1144 1255 1145
1133 1254 1144 1255
990 991 1111 979
990 880 869 870
990 980 869 870
990 991 980 870
990 979 980 869
990 991 979 980
992 860 980 870
992 991 980 870
992 981 860 980
992 981 991 980
992 981 993 860
992 871 882 870
992 871 860 870
992 993 871 882
992 993 871 860
992 1004 1003 882
992 993 1004 882
992 1004 1114 1003
992 993 1004 1114
530 531 519 399
530 410 531 399
530 398 519 399
530 398 519 529
530 651 519 529
530 541 651 529
530 651 519 652
530 531 519 652
530 531 542 652
530 662 541 542
530 662 541 651
530 662 542 652
530 662 651 652
300 190 179 301
300 289 179 301
300 312 190 301
300 190 179 189
300 179 189 178
300 299 189 178
300 167 179 178
300 289 167 179
300 299 288 178
300 299 289 288
300 288 167 178
300 289 288 167
300 299 310 189
300 299 310 431
498 486 366 365
498 366 365 376
498 486 365 376
498 486 497 376
498 377 366 376
498 619 486 497
498 497 387 376
498 377 387 376
498 497 387 509
498 619 497 509
498 388 387 509
498 377 388 387
498 619 499 509
498 377 366 367
498 499 488 367
498 499 388 509
498 499 378 367
498 377 378 367
498 499 388 378
498 377 388 378
819 807 808 687
819 807 929 808
819 809 820 687
819 809 808 687
819 807 818 687
819 807 929 939
819 929 808 930
819 809 808 930
819 698 820 687
819 698 818 687
819 807 818 939
819 929 939 940
819 809 820 941
819 929 930 940
819 698 709 820
819 698 709 818
819 818 939 830
819 831 820 941
819 941 930 940
819 809 941 930
819 709 818 830
819 950 939 940
819 950 939 830
819 941 951 940
819 831 941 951
819 709 831 830
819 709 831 820
819 950 951 940
819 950 830 951
819 831 830 951
928 807 796 806
928 807 917 796
928 916 796 806
928 917 916 796
928 916 927 806
928 917 916 927
928 938 927 806
928 807 929 917
928 1049 917 927
928 929 1049 917
928 807 929 939
928 1060 938 927
928 1060 939 938
928 1060 1049 927
928 1060 929 1049
928 1060 929 939
92 214 103 224
92 104 214 103
92 104 214 93
92 102 103 224
82 202 71 70
82 202 71 192
82 83 71 192
191 202 71 70
191 202 71 192
191 71 180 70
191 71 192 180
191 190 180 70
191 202 313 192
191 190 201 70
191 202 201 70
191 192 302 180
191 313 192 302
191 302 180 301
191 190 180 301
191 312 313 302
191 312 302 301
191 312 190 301
1102 1091 1103 1092
1102 982 1103 1092
1102 970 1101 1091
1102 981 970 1101
1102 1091 1103 1223
1102 1101 1091 1223
1102 982 1114 1103
1102 981 982 993
1102 992 981 993
1102 981 991 1101
1102 992 981 991
1102 982 993 1114
1102 992 993 1114
794 674 663 673
794 662 663 673
794 674 795 663
794 805 674 673
794 662 672 673
794 662 793 672
794 805 672 673
794 793 672 804
794 805 672 804
794 805 926 804
794 805 674 806
794 805 926 806
794 793 804 915
794 926 804 915
794 926 916 915
794 674 795 806
794 916 915 905
794 795 916 905
794 795 916 806
794 926 916 806
783 794 795 663
783 794 662 663
783 794 795 905
783 893 773 772
783 794 662 793
783 893 894 905
783 893 894 773
783 794 915 905
783 794 793 915
783 662 772 782
783 662 793 782
506 627 518 507
506 627 518 517
506 518 386 507
506 385 386 507
506 518 517 396
506 385 507 374
506 518 386 396
506 385 386 396
606 738 616 605
606 738 726 605
606 738 727 726
606 738 618 727
606 618 728 607
606 618 727 728
200 188 68 189
200 79 68 69
200 68 69 189
200 188 310 189
200 201 69 189
200 79 80 69
200 80 201 69
200 79 211 210
200 80 201 212
200 79 80 212
200 322 321 211
200 79 211 212
200 322 201 212
200 322 211 212
875 876 754 755
875 876 744 755
875 754 743 755
875 744 743 755
875 876 754 886
875 754 743 753
875 754 886 753
875 996 995 886
875 985 996 995
875 874 886 753
875 874 995 886
864 733 743 732
864 744 733 743
864 875 744 743
864 743 732 742
864 732 742 731
864 743 753 742
864 875 743 753
853 864 733 732
853 864 732 731
997 985 1118 986
997 985 996 1118
997 875 985 996
997 996 1118 1008
997 875 996 886
997 875 876 886
997 876 888 877
997 887 876 886
997 996 1007 1008
997 887 1007 1008
997 887 888 1008
997 887 876 888
997 996 1007 886
997 887 1007 886
976 866 856 977
976 855 866 856
976 975 855 866
976 866 988 977
976 987 866 988
976 987 866 986
976 975 866 986
976 1098 988 977
976 1108 987 986
437 427 548 426
437 427 438 548
437 558 548 426
437 427 305 426
437 306 316 438
437 306 427 438
437 436 558 426
437 448 316 438
437 559 438 548
437 448 559 438
437 558 559 548
437 448 558 559
437 305 426 315
437 316 305 315
437 306 316 305
437 306 427 305
437 436 426 315
437 436 316 315
437 448 436 316
437 448 436 558
139 128 250 129
139 261 250 129
139 128 250 249
139 261 250 249
139 18 128 138
139 260 128 138
139 260 128 249
139 261 260 249
139 18 150 138
139 128 129 7
139 18 128 7
139 260 150 138
139 261 260 150
139 18 150 19
139 8 129 7
139 18 8 7
139 19 129 140
139 261 129 140
139 18 8 19
139 8 19 129
139 151 19 140
139 150 151 19
139 261 151 140
139 261 150 151
444 312 432 443
444 312 432 433
444 554 565 555
444 554 433 555
444 564 443 455
444 564 565 455
444 432 564 443
444 554 432 433
444 553 564 565
444 553 432 564
444 553 554 565
444 553 554 432
106 96 227 216
106 96 227 107
106 227 107 118
106 117 227 118
422 543 423 411
422 543 410 411
422 423 411 290
422 410 411 290
422 302 290 301
422 423 302 290
422 289 290 301
422 289 410 290
422 312 302 301
422 543 423 433
422 423 433 302
422 312 433 302
422 312 432 433
422 543 432 433
422 300 289 301
422 300 312 301
1206 1085 1205 1194
1206 1327 1205 1194
1206 1195 1327 1328
1206 1195 1207 1328
1206 1316 1327 1194
1206 1316 1195 1194
1206 1316 1195 1327
338 349 216 217
338 205 216 217
338 205 206 327
338 205 206 217
338 206 328 327
338 459 328 327
338 229 349 217
338 458 470 349
338 458 470 459
338 206 328 207
338 339 328 207
338 470 349 350
338 229 218 217
338 339 229 218
338 229 349 350
338 339 229 350
338 206 218 207
338 206 218 217
338 339 218 207
317 195 185 196
317 195 206 196
317 195 206 316
317 195 316 305
317 195 185 305
317 185 197 318
317 185 196 197
317 306 185 318
317 206 196 207
317 306 316 305
317 306 185 305
317 316 438 328
317 208 197 318
317 208 196 197
317 306 438 318
317 306 316 438
317 206 328 207
317 206 316 328
317 328 329 207
317 438 318 329
317 438 328 329
317 208 318 329
317 208 329 207
317 208 196 207
472 351 350 362
472 339 351 350
472 339 351 461
230 218 109 98
230 219 218 98
230 108 218 109
230 229 108 218
230 351 229 241
230 108 240 109
230 229 240 241
230 229 108 240
230 240 241 120
230 240 109 120
340 339 461 329
340 219 329 207
340 339 329 207
340 339 351 461
340 219 218 207
340 339 218 207
340 230 219 218
340 339 229 218
340 339 351 229
340 230 229 218
340 230 351 229
580 690 700 701
483 472 350 362
602 592 723 724
602 592 603 724
602 723 601 711
602 591 601 711
602 591 481 601
1061 1060 950 940
1061 1072 950 940
1061 1071 1060 950
1061 1071 1072 950
1061 1071 1060 1181
1061 1181 1171 1182
1061 1072 1062 940
1061 1181 1192 1182
1061 1071 1181 1192
1061 1071 1072 1192
1061 1051 1171 1182
1061 1181 1049 1171
1061 1060 1181 1049
1061 1051 1062 940
1061 1051 1062 1182
1061 1062 1193 1182
1061 1072 1062 1193
1061 1192 1193 1182
1061 1072 1192 1193
1061 1051 1050 940
1061 1051 1171 1050
1061 1049 1171 1050
1061 1060 1050 940
1061 1060 1049 1050
832 942 952 941
832 942 821 941
832 952 820 941
832 821 820 941
832 942 954 833
832 942 954 952
832 942 833 822
832 942 821 822
832 831 820 710
832 831 952 710
832 831 952 820
832 699 820 710
832 821 699 820
832 843 952 710
832 843 954 833
832 843 954 952
832 700 833 822
832 821 700 822
832 843 710 711
832 843 833 711
832 699 710 711
832 821 699 700
832 700 833 711
832 699 700 711
226 237 225 347
226 237 348 347
226 348 227 216
226 106 227 216
238 348 358 359
238 237 348 358
238 226 237 348
238 226 348 227
238 348 349 359
238 348 227 349
238 349 239 359
238 227 349 239
238 117 227 239
238 106 117 227
238 226 106 227
238 226 106 117
309 297 308 176
309 297 176 177
309 188 176 177
309 299 188 177
309 187 308 176
309 187 188 176
309 299 177 298
309 297 177 298
309 297 308 419
309 299 188 310
309 299 419 298
309 297 419 298
309 299 310 430
309 299 419 430
309 441 310 430
309 441 419 430
309 441 419 429
309 308 419 429
309 308 441 429
198 210 209 77
198 331 210 209
198 331 330 209
198 309 187 308
569 448 436 558
569 689 678 557
569 558 678 557
569 689 678 679
569 558 678 679
569 689 690 700
569 689 690 679
569 448 558 559
569 580 690 700
569 559 690 679
569 558 559 679
569 580 448 459
568 447 578 567
568 447 448 459
568 569 448 459
568 700 567 688
568 557 567 556
568 569 689 557
568 447 448 436
568 569 448 436
568 689 700 688
568 569 689 700
568 446 567 556
568 447 446 567
568 557 567 688
568 689 557 688
568 436 558 557
568 569 558 557
568 569 436 558
337 336 457 325
337 447 457 325
337 447 326 325
337 458 447 457
337 204 326 325
337 336 204 325
337 447 326 327
337 348 336 457
337 458 348 457
337 205 204 326
337 348 336 216
337 447 459 327
337 458 447 459
337 336 204 216
337 205 204 216
337 205 326 327
337 348 349 216
337 458 348 349
337 338 459 327
337 338 458 459
337 338 205 327
337 338 205 216
337 338 349 216
337 338 458 349
582 449 571 461
582 702 691 703
582 702 714 703
582 593 702 714
582 691 703 692
582 571 691 692
460 448 459 328
460 449 448 328
460 449 339 328
460 338 459 328
460 338 339 328
460 338 470 459
460 470 591 459
460 580 591 459
460 338 339 350
460 338 470 350
460 449 339 461
460 472 339 350
460 472 339 461
776 777 667 656
776 777 667 788
776 667 656 666
776 667 788 666
776 787 788 666
776 777 656 766
776 787 666 775
776 787 788 908
776 898 766 897
776 777 898 766
776 898 908 897
776 655 666 775
776 656 655 666
776 896 897 775
776 787 896 775
776 896 908 897
776 787 896 908
776 765 897 775
776 765 766 897
776 656 655 766
776 655 765 775
776 655 765 766
909 777 789 899
909 777 898 899
909 777 789 788
909 910 1031 899
909 789 910 899
909 1031 1020 899
909 898 1020 899
909 789 910 788
909 776 777 788
909 776 777 898
909 1030 1031 1020
909 898 1030 1020
909 920 910 1031
909 920 910 788
909 776 788 908
909 776 898 908
909 920 1030 1031
909 920 788 908
909 898 1030 908
909 920 1030 908
406 527 515 416
406 515 405 395
406 515 405 416
406 515 516 395
406 527 515 516
406 285 405 395
406 285 405 416
406 285 417 416
406 538 417 416
406 527 538 416
1120 999 1121 1131
1120 999 1121 1109
1120 1241 1121 1131
1120 1241 1121 1109
1120 1241 1131 1240
1120 1119 1131 1240
1120 1009 1119 1131
1120 1009 999 1131
1120 1230 1241 1240
1120 1230 1241 1109
1120 1108 1119 1240
1120 999 1109 988
1120 999 987 988
1120 1108 1109 988
1120 1108 987 988
998 1009 1008 1119
998 1118 1008 1119
998 1120 1009 1119
998 1108 1118 1119
998 997 1118 1008
998 1120 1108 1119
998 1120 1108 987
998 1120 999 987
998 1120 1009 999
998 1009 888 1008
998 997 888 1008
998 1108 1118 986
998 1108 987 986
998 997 1118 986
998 999 987 878
998 1009 999 878
998 997 888 877
998 987 878 877
998 888 878 877
998 1009 888 878
372 383 252 373
372 383 251 252
372 383 493 373
372 251 262 371
372 383 251 262
1246 1124 1245 1256
1246 1256 1136 1257
1246 1124 1256 1136
1246 1247 1136 1257
1246 1124 1245 1234
1246 1247 1136 1125
1246 1124 1136 1125
1113 1124 1123 1003
1113 1124 1114 1003
1113 1123 1245 1234
1113 1124 1245 1234
1113 1124 1123 1245
1113 1102 1114 1103
1113 992 1114 1003
1113 1102 992 1114
1113 991 1123 1003
1113 1103 1223 1234
1113 1102 1103 1223
1113 991 1123 1112
1113 1102 991 1101
1113 992 991 1003
1113 1102 992 991
1113 1102 1101 1223
1113 1123 1233 1234
1113 1123 1112 1233
1113 991 1112 1101
1113 1233 1223 1234
1113 1222 1101 1223
1113 1222 1112 1101
1113 1222 1233 1223
1113 1222 1112 1233
1300 1290 1301 1169
1300 1289 1290 1169
1300 1301 1180 1169
1300 1168 1180 1169
1300 1289 1168 1169
1300 1311 1301 1180
1300 1289 1168 1299
1179 1190 1068 1057
1179 1178 1068 1057
1179 1178 1168 1057
1179 1168 1058 1057
1179 1190 1058 1057
1179 1168 1058 1180
1179 1190 1058 1180
1179 1300 1168 1180
1179 1190 1311 1180
1179 1300 1311 1180
1179 1178 1168 1299
1179 1300 1168 1299
1179 1300 1311 1299
1309 1178 1298 1177
1309 1178 1188 1177
1201 1190 1311 1191
1201 1190 1200 1080
1201 1322 1311 1323
1201 1311 1191 1323
1201 1190 1202 1191
1201 1202 1191 1323
1201 1190 1080 1081
1201 1190 1202 1081
695 805 816 815
695 816 815 827
695 694 815 683
695 805 815 683
695 805 816 684
695 705 815 827
695 694 705 815
695 816 706 827
695 805 684 683
695 706 705 827
695 563 684 683
695 694 563 683
695 694 705 585
695 706 705 585
695 706 575 574
695 696 575 684
695 816 696 684
695 706 696 575
695 816 706 696
695 694 574 585
695 706 574 585
695 563 575 574
695 563 575 684
695 563 573 574
695 694 573 574
695 694 563 573
924 803 925 936
924 925 914 1046
924 925 936 1046
924 925 804 914
924 803 925 804
924 936 1046 1045
924 936 935 1045
924 803 936 935
924 792 804 914
924 803 792 804
924 1046 1034 1045
924 914 1046 1034
924 913 914 1034
924 792 913 914
1184 1317 1196 1306
1184 1185 1196 1306
1184 1195 1317 1196
1184 1185 1195 1196
1184 1317 1306 1305
1184 1316 1317 1305
1184 1316 1195 1317
1184 1173 1306 1305
1184 1185 1173 1306
1184 1316 1195 1194
1184 1173 1183 1305
1184 1316 1305 1304
1184 1316 1304 1194
1184 1173 1183 1063
1184 1185 1173 1063
1184 1183 1304 1194
1184 1183 1305 1304
1184 1062 1183 1194
1184 1062 1183 1063
1086 953 1085 964
1086 953 965 964
1086 1195 1207 1075
1086 1207 1087 1075
1086 1206 1195 1085
1086 1206 1195 1207
1076 953 965 954
1076 953 1064 1075
1076 953 1064 954
1076 1086 953 1075
1076 1086 953 965
1076 965 834 954
1076 1086 965 1087
1076 1086 1087 1075
1076 1065 1075 955
1076 1064 1065 1075
1076 1087 1075 955
1076 966 1087 955
1076 966 834 955
1076 966 965 834
1076 966 965 1087
1076 1065 955 944
1076 1064 1065 944
1076 834 955 944
1076 834 943 944
1076 834 954 943
1076 1064 943 944
1076 1064 954 943
465 476 597 598
465 597 598 586
465 476 597 586
465 587 598 586
465 587 586 576
465 587 466 576
465 586 454 576
465 466 454 576
465 464 344 454
465 586 464 454
465 476 464 344
465 476 586 464
465 345 344 454
465 466 345 454
465 466 345 356
465 345 355 344
465 476 355 344
465 476 355 356
465 345 355 356
1229 1228 1108 1240
1229 1120 1230 1240
1229 1120 1108 1240
1229 1120 1230 1109
1229 1120 1108 1109
1229 1219 1230 1109
1105 1094 1093 1215
1105 1226 1094 1215
1105 1226 1225 1215
1105 1214 1093 1215
1105 1225 1214 1215
1105 1225 1214 1093
1105 1104 1225 1093
1105 1094 972 1093
1105 1094 972 984
1105 1094 1106 984
1105 1226 1094 1106
1105 1104 972 1093
1105 1106 984 1116
1105 1226 1106 1116
1105 983 972 984
1105 983 1104 972
1105 983 984 1116
1105 1104 1115 1225
1105 1236 1115 1116
1105 1236 1115 1225
1105 983 1115 1116
1105 983 1104 1115
1237 1226 1106 1116
1237 1106 1117 1238
1237 1106 1117 1116
1237 1227 1106 1238
1237 1226 1227 1106
1237 1248 1117 1116
1237 1117 1249 1238
1237 1248 1117 1249
1237 1248 1126 1116
1237 1236 1126 1116
1237 1236 1248 1126
1237 1105 1236 1116
1237 1105 1226 1116
1237 1105 1236 1225
1237 1105 1226 1225
761 893 773 772
761 893 773 883
761 773 772 641
761 893 883 882
761 773 762 641
761 773 762 883
761 871 883 882
761 762 750 641
761 762 750 883
761 871 750 883
761 881 893 882
761 772 640 641
761 772 771 640
761 750 640 641
761 871 882 870
761 881 882 870
761 881 760 870
761 771 640 639
761 750 640 639
761 760 771 639
761 871 750 749
761 871 749 870
761 760 749 870
761 750 749 639
761 760 749 639
891 880 770 760
891 881 880 760
891 903 1024 902
891 770 903 902
891 881 880 1001
891 1024 902 1023
891 1012 1024 1023
891 1012 1013 1001
891 1012 1013 1024
891 881 1013 1001
891 881 1013 1024
904 903 793 782
904 783 793 782
904 903 793 915
904 783 793 915
904 893 1025 1024
904 903 1024 1035
904 1025 1024 1035
904 893 1025 905
904 783 893 905
904 903 1035 915
904 1025 1035 915
904 1025 915 905
904 783 915 905
1002 990 880 1001
1002 990 880 870
1002 881 880 870
1002 881 880 1001
1002 881 1013 1001
1002 881 1013 1003
1002 990 991 870
1002 881 882 870
1002 881 1003 882
1002 1013 1001 1122
1002 1123 1013 1122
1002 990 1001 1122
1002 992 991 870
1002 992 991 1003
1002 1123 1013 1003
1002 991 1123 1003
1002 992 882 870
1002 992 1003 882
1002 991 1123 1111
1002 990 991 1111
1002 990 1111 1122
1002 1123 1111 1122
409 530 410 399
409 530 398 399
409 410 278 399
409 278 399 277
409 398 399 277
409 289 410 278
409 299 289 288
409 288 278 277
409 289 288 278
409 299 288 298
409 398 408 529
409 530 398 529
409 288 287 277
409 398 277 397
409 398 408 397
409 287 408 298
409 288 287 298
409 287 277 397
409 287 408 397
421 543 410 531
421 530 410 531
421 543 531 542
421 530 531 542
421 422 543 410
421 543 432 542
421 422 543 432
421 422 289 410
421 409 289 410
421 409 530 410
421 552 432 542
421 552 432 431
421 312 432 431
421 422 312 432
421 422 300 289
421 300 312 431
421 422 300 312
421 300 299 431
421 300 299 289
487 498 486 366
487 498 488 367
487 498 366 367
487 498 619 486
487 498 499 488
487 498 619 499
487 619 620 608
487 619 608 607
487 619 486 607
487 499 488 620
487 619 499 620
487 620 608 609
487 488 620 609
817 928 939 938
817 816 828 938
817 816 938 806
817 928 938 806
817 928 807 806
817 928 807 939
817 949 939 938
817 949 829 939
817 949 828 938
817 949 828 829
817 818 829 939
817 807 685 806
817 807 818 939
817 828 829 707
817 816 696 707
817 816 828 707
817 685 684 806
817 816 684 806
817 818 696 707
817 818 829 707
817 685 696 684
817 816 696 684
817 685 818 696
817 807 685 818
213 322 202 201
213 322 201 212
213 202 334 214
213 322 202 334
213 92 214 224
213 80 212 91
213 80 201 212
213 322 212 333
213 322 334 333
213 102 212 91
213 102 212 224
213 92 102 91
213 92 102 224
213 212 333 224
213 214 345 224
213 334 214 345
213 345 333 224
213 334 345 333
81 82 202 70
81 80 201 70
81 202 201 70
81 213 80 201
81 213 202 201
81 82 202 214
81 213 80 91
81 213 92 91
81 213 202 214
81 213 92 214
81 92 214 93
81 82 214 93
203 82 83 93
203 82 214 93
203 83 94 93
203 83 204 94
203 82 202 214
203 82 83 192
203 202 214 324
203 83 192 193
203 83 204 193
203 82 202 192
203 214 335 324
203 336 335 324
203 192 325 193
203 204 325 193
203 336 204 325
203 202 313 324
203 202 313 192
203 336 325 324
203 313 325 324
203 313 192 325
323 322 202 201
323 191 202 201
323 322 202 334
323 191 202 313
323 322 334 443
323 191 312 313
323 202 313 324
323 202 334 324
323 444 312 443
323 334 455 324
323 334 443 455
323 444 443 455
323 312 313 433
323 444 312 433
971 1102 1091 1092
971 1102 970 1091
971 1102 982 1092
971 1102 981 970
971 1102 981 982
971 981 970 850
971 981 982 850
971 1104 972 1092
971 982 1104 1092
971 982 1104 972
971 850 972 862
971 982 972 862
971 982 850 862
784 662 772 652
784 783 662 772
784 773 772 652
784 783 773 772
784 662 663 652
784 783 662 663
784 773 774 652
784 774 652 664
784 663 652 664
784 783 795 663
784 774 664 785
784 663 664 785
784 795 663 785
784 783 795 905
784 774 785 906
784 795 785 906
784 795 905 906
784 894 773 774
784 783 894 905
784 783 894 773
784 894 905 906
784 894 774 906
495 627 616 507
495 506 627 507
495 496 507 374
495 506 507 374
495 496 484 374
495 496 484 605
495 616 496 605
617 606 485 605
617 496 485 605
617 616 496 605
617 606 616 605
617 496 497 485
617 606 738 616
617 606 485 607
617 738 616 628
617 606 738 618
617 486 485 607
617 486 497 607
617 486 497 485
617 618 497 607
617 606 618 607
617 616 628 507
617 738 618 628
617 496 497 507
617 618 628 629
617 618 497 629
617 495 496 507
617 495 616 507
617 495 616 496
617 628 507 508
617 497 507 508
617 628 629 508
617 497 629 508
199 188 68 67
199 200 188 68
199 198 210 77
199 187 188 67
199 198 187 77
199 309 187 188
199 198 309 187
199 187 66 77
199 187 66 67
199 198 331 210
311 200 201 189
311 200 310 189
311 200 322 201
311 190 201 189
311 300 310 189
311 200 321 310
311 200 322 321
311 300 190 189
311 300 312 190
311 191 190 201
311 191 312 190
311 300 310 431
311 300 312 431
311 323 322 201
311 321 310 431
311 323 191 201
311 323 191 312
311 323 312 443
311 323 322 443
311 312 431 443
311 321 431 443
311 322 321 443
865 864 875 744
865 864 875 985
865 997 875 985
865 853 864 985
865 997 985 986
865 875 876 744
865 997 875 876
865 975 985 986
865 876 744 877
865 997 876 877
865 975 866 986
865 866 744 877
865 987 866 877
865 987 866 986
865 998 987 877
865 998 997 877
865 998 987 986
865 998 997 986
974 1094 1106 984
974 1095 1094 1106
974 985 1106 984
974 975 985 986
974 1095 1106 986
974 985 1106 986
974 1096 1095 986
974 975 1096 986
863 853 864 985
863 985 995 984
863 995 984 862
863 875 985 995
863 864 875 985
863 874 995 862
863 875 874 995
863 874 741 862
863 875 874 753
863 864 875 753
863 851 741 862
863 741 742 731
863 864 742 731
863 874 741 753
863 741 753 742
863 864 753 742
95 106 96 216
95 226 106 216
95 204 94 84
95 205 96 84
95 205 96 216
95 205 204 84
95 205 204 216
579 591 590 711
579 580 591 459
579 699 700 711
579 458 591 459
579 458 591 590
579 699 589 711
579 590 589 711
579 699 700 567
579 578 699 567
579 578 699 589
579 590 578 589
579 458 590 578
579 568 700 567
579 568 578 567
579 568 447 578
579 568 447 459
579 569 580 700
579 568 569 700
579 569 580 459
579 568 569 459
579 458 447 578
579 458 447 459
712 580 700 701
712 700 833 711
712 700 833 701
712 579 700 711
712 579 580 700
712 579 591 711
712 579 580 591
712 723 833 711
712 580 592 591
712 580 702 701
712 580 592 702
712 602 723 711
712 602 592 723
712 723 833 713
712 592 723 713
712 602 591 711
712 602 592 591
712 833 823 713
712 833 823 701
712 592 702 713
712 702 823 713
712 702 823 701
604 592 593 725
604 592 603 593
604 592 724 725
604 592 603 724
471 483 472 593
471 592 603 593
471 604 483 593
471 604 483 603
471 604 603 593
471 460 472 350
471 460 470 350
471 460 470 591
471 470 591 481
471 602 592 591
471 602 592 603
471 602 603 481
471 602 591 481
116 237 225 115
116 226 237 225
116 238 226 117
116 238 226 237
116 225 104 115
319 309 308 441
319 198 309 308
319 441 429 440
319 308 441 429
319 441 452 440
319 452 440 451
319 330 452 451
319 198 331 330
435 568 557 556
435 568 436 557
435 557 556 425
435 436 557 425
435 568 447 436
435 556 424 425
435 568 446 556
435 568 447 446
435 304 424 425
435 436 304 425
435 446 556 434
435 447 446 325
435 314 304 424
435 556 424 434
435 314 424 434
435 446 325 434
435 447 326 325
435 447 436 326
435 314 304 315
435 436 304 315
435 314 325 434
435 326 314 325
435 326 314 315
435 436 326 315
570 460 449 448
570 449 448 559
570 580 448 459
570 460 448 459
570 460 580 459
570 569 448 559
570 569 580 448
570 569 559 690
570 569 580 690
570 571 691 559
570 449 571 559
570 691 559 690
570 582 702 691
570 702 691 701
570 580 702 701
570 582 571 691
570 582 449 571
570 691 690 701
570 580 690 701
581 582 472 461
581 460 472 461
581 582 449 461
581 460 449 461
581 471 460 472
581 570 582 449
581 570 460 449
581 582 472 593
581 471 472 593
581 570 582 702
581 582 593 702
581 570 580 702
581 570 460 580
581 592 593 702
581 471 592 593
581 580 592 702
581 580 592 591
581 471 592 591
581 460 580 591
581 471 460 591
382 372 492 371
382 372 262 371
382 372 383 262
382 372 493 492
382 372 383 493
382 493 492 503
382 502 492 371
382 502 492 503
382 383 262 394
382 493 503 504
382 383 493 504
382 502 371 381
382 262 371 381
382 383 504 394
382 502 393 381
382 262 393 381
382 514 502 503
382 262 393 394
382 514 504 394
382 514 503 504
382 514 393 394
382 514 502 393
1235 1236 1247 1125
1235 1246 1247 1125
1235 1236 1115 1125
1235 1114 1115 1125
1235 1236 1115 1224
1235 1124 1114 1125
1235 1246 1124 1125
1235 1246 1124 1234
1235 1114 1115 1103
1235 1103 1224 1234
1235 1115 1103 1224
1235 1113 1124 1234
1235 1113 1124 1114
1235 1113 1103 1234
1235 1113 1114 1103
1310 1178 1298 1299
1310 1309 1178 1298
1310 1179 1311 1299
1310 1179 1178 1299
1074 1086 1195 1085
1074 1086 953 1085
1074 1086 1195 1075
1074 1086 953 1075
1074 1206 1085 1194
1074 1206 1195 1194
1074 1206 1195 1085
1074 1073 1085 1194
1074 953 1073 1085
1074 1184 1195 1194
1074 1185 1195 1075
1074 953 1073 1063
1074 1184 1185 1195
1074 1185 1064 1075
1074 953 1064 1075
1074 1073 1062 1194
1074 1073 1062 1063
1074 1184 1062 1194
1074 1184 1062 1063
1074 1184 1185 1063
1074 1185 1064 1063
1074 953 1064 1063
477 465 476 356
477 465 466 356
477 465 476 598
477 466 467 356
477 465 587 466
477 465 587 598
477 357 467 356
477 357 478 467
477 587 478 467
477 587 466 467
477 587 599 478
477 587 598 599
1218 1096 1108 1217
1218 1228 1108 1217
1218 1229 1228 1108
892 891 770 760
892 891 881 760
892 770 760 771
892 891 770 903
892 761 760 771
892 761 881 760
892 770 771 782
892 891 903 1024
892 891 881 1024
892 761 881 893
892 770 903 782
892 904 903 782
892 904 903 1024
892 761 772 771
892 761 893 772
892 772 771 782
892 881 893 1024
892 904 893 1024
892 783 772 782
892 904 783 782
892 783 893 772
892 904 783 893
420 552 541 542
420 421 552 542
420 530 541 542
420 421 530 542
420 552 541 430
420 421 409 530
420 541 430 540
420 552 430 431
420 421 552 431
420 299 430 431
420 421 299 431
420 541 540 529
420 530 541 529
420 409 530 529
420 408 540 529
420 409 408 529
420 419 298 540
420 419 430 540
420 419 430 298
420 408 298 540
420 409 408 298
420 299 430 298
420 409 299 298
420 409 299 289
420 421 299 289
420 421 409 289
215 203 214 93
215 203 94 93
215 203 214 335
215 203 336 335
215 225 214 93
215 203 204 94
215 203 336 204
215 225 214 335
215 225 104 93
215 336 204 216
215 225 347 335
215 336 347 335
215 226 225 347
215 95 204 216
215 95 204 94
215 95 226 216
215 348 336 216
215 226 348 216
215 348 336 347
215 226 348 347
445 323 455 324
445 323 444 455
445 323 444 433
445 456 455 324
445 446 456 324
445 323 313 324
445 323 313 433
445 577 456 455
445 446 577 456
445 446 324 434
445 446 555 434
445 444 565 555
445 444 565 455
445 313 324 434
445 313 433 434
445 433 555 434
445 444 433 555
445 577 565 455
445 446 555 566
445 446 577 566
445 565 555 566
445 577 565 566
78 199 68 67
78 200 79 68
78 199 200 68
78 199 66 77
78 199 66 67
78 200 79 210
78 199 200 210
78 89 210 77
78 199 210 77
78 79 89 210
854 855 744 733
854 855 866 744
854 865 866 744
854 864 744 733
854 853 864 733
854 865 864 744
854 865 853 864
854 975 855 866
854 865 975 866
854 865 853 985
854 865 975 985
854 974 853 985
854 974 975 985
852 863 851 862
852 851 741 731
852 863 741 731
852 863 851 741
852 853 864 731
852 863 864 731
852 863 853 864
482 483 472 350
482 471 472 350
482 471 483 472
482 350 361 362
482 483 350 362
482 471 483 603
482 350 360 361
482 471 603 481
482 471 470 350
482 471 470 481
482 470 350 360
482 470 481 360
105 116 225 104
105 116 226 225
105 215 225 104
105 215 226 225
105 215 94 93
105 215 104 93
105 215 95 94
105 215 95 226
105 95 226 106
105 226 106 117
105 116 226 117
320 319 309 441
320 309 441 310
320 199 198 309
320 319 198 309
320 309 188 310
320 199 309 188
320 319 441 452
320 199 198 331
320 319 198 331
320 321 310 442
320 441 310 442
320 200 321 310
320 200 188 310
320 199 200 188
320 199 331 210
320 331 330 452
320 319 330 452
320 319 331 330
320 321 452 442
320 441 452 442
320 199 200 210
320 331 452 332
320 321 452 332
320 331 211 210
320 200 211 210
320 200 321 211
320 331 211 332
320 321 211 332
1189 1309 1188 1320
1189 1188 1199 1320
1189 1309 1178 1188
1189 1310 1309 1178
1189 1178 1188 1068
1189 1188 1068 1199
1189 1200 1068 1199
1189 1179 1178 1068
1189 1310 1179 1178
1189 1201 1322 1200
1189 1201 1190 1200
1189 1310 1322 1311
1189 1201 1322 1311
1189 1190 1200 1068
1189 1179 1190 1068
1189 1201 1190 1311
1189 1179 1190 1311
1189 1310 1179 1311
1097 1218 1229 1219
1097 1219 1098 1109
1097 1229 1219 1109
1097 1218 1229 1108
1097 1229 1108 1109
1097 1218 1096 1108
1097 1098 1109 988
1097 1108 1109 988
1097 976 1098 988
1097 1096 1108 986
1097 976 1108 986
1097 1108 987 988
1097 976 987 988
1097 976 1108 987
1097 975 1096 986
1097 976 975 986
973 863 853 985
973 852 863 853
973 974 853 985
973 863 985 984
973 974 985 984
973 863 984 862
973 852 863 862
973 974 1094 984
973 972 984 862
973 1094 972 984
973 851 972 862
973 852 851 862
1321 1189 1309 1320
1321 1189 1310 1309
1321 1189 1310 1322
1321 1189 1322 1200
1321 1189 1199 1320
1321 1189 1200 1199
