VAPOR_TET 1
2317 9921
0.055555555555555552 0.27777777777777779 0.55555555555555558
0.055555555555555552 0.27777777777777779 0.61111111111111116
0.055555555555555552 0.27777777777777779 0.66666666666666663
0.055555555555555552 0.33333333333333331 0.55555555555555558
0.055555555555555552 0.33333333333333331 0.61111111111111116
0.055555555555555552 0.33333333333333331 0.66666666666666663
0.055555555555555552 0.33333333333333331 0.72222222222222221
0.055555555555555552 0.3888888888888889 0.44444444444444442
0.055555555555555552 0.3888888888888889 0.55555555555555558
0.055555555555555552 0.3888888888888889 0.61111111111111116
0.055555555555555552 0.3888888888888889 0.66666666666666663
0.055555555555555552 0.3888888888888889 0.72222222222222221
0.055555555555555552 0.44444444444444442 0.3888888888888889
0.055555555555555552 0.44444444444444442 0.44444444444444442
0.055555555555555552 0.44444444444444442 0.5
0.055555555555555552 0.44444444444444442 0.55555555555555558
0.055555555555555552 0.44444444444444442 0.61111111111111116
0.055555555555555552 0.44444444444444442 0.66666666666666663
0.055555555555555552 0.44444444444444442 0.72222222222222221
0.055555555555555552 0.5 0.3888888888888889
0.055555555555555552 0.5 0.44444444444444442
0.055555555555555552 0.5 0.55555555555555558
0.055555555555555552 0.5 0.61111111111111116
0.055555555555555552 0.5 0.66666666666666663
0.1111111111111111 0.22222222222222221 0.55555555555555558
0.1111111111111111 0.22222222222222221 0.61111111111111116
0.1111111111111111 0.22222222222222221 0.66666666666666663
0.1111111111111111 0.27777777777777779 0.55555555555555558
0.1111111111111111 0.27777777777777779 0.61111111111111116
0.1111111111111111 0.27777777777777779 0.66666666666666663
0.1111111111111111 0.27777777777777779 0.72222222222222221
0.1111111111111111 0.33333333333333331 0.33333333333333331
0.1111111111111111 0.33333333333333331 0.3888888888888889
0.1111111111111111 0.33333333333333331 0.44444444444444442
0.1111111111111111 0.33333333333333331 0.5
0.1111111111111111 0.33333333333333331 0.55555555555555558
0.1111111111111111 0.33333333333333331 0.61111111111111116
0.1111111111111111 0.33333333333333331 0.66666666666666663
0.1111111111111111 0.33333333333333331 0.72222222222222221
0.1111111111111111 0.33333333333333331 0.77777777777777779
0.1111111111111111 0.3888888888888889 0.33333333333333331
0.1111111111111111 0.3888888888888889 0.3888888888888889
0.1111111111111111 0.3888888888888889 0.44444444444444442
0.1111111111111111 0.3888888888888889 0.5
0.1111111111111111 0.3888888888888889 0.55555555555555558
0.1111111111111111 0.3888888888888889 0.61111111111111116
0.1111111111111111 0.3888888888888889 0.66666666666666663
0.1111111111111111 0.3888888888888889 0.72222222222222221
0.1111111111111111 0.3888888888888889 0.77777777777777779
0.1111111111111111 0.44444444444444442 0.33333333333333331
0.1111111111111111 0.44444444444444442 0.3888888888888889
0.1111111111111111 0.44444444444444442 0.44444444444444442
0.1111111111111111 0.44444444444444442 0.5
0.1111111111111111 0.44444444444444442 0.55555555555555558
0.1111111111111111 0.44444444444444442 0.61111111111111116
0.1111111111111111 0.44444444444444442 0.66666666666666663
0.1111111111111111 0.44444444444444442 0.72222222222222221
0.1111111111111111 0.44444444444444442 0.77777777777777779
0.1111111111111111 0.5 0.33333333333333331
0.1111111111111111 0.5 0.3888888888888889
0.1111111111111111 0.5 0.44444444444444442
0.1111111111111111 0.5 0.5
0.1111111111111111 0.5 0.55555555555555558
0.1111111111111111 0.5 0.61111111111111116
0.1111111111111111 0.5 0.66666666666666663
0.1111111111111111 0.5 0.72222222222222221
0.1111111111111111 0.5 0.77777777777777779
0.1111111111111111 0.55555555555555558 0.33333333333333331
0.1111111111111111 0.55555555555555558 0.3888888888888889
0.1111111111111111 0.55555555555555558 0.44444444444444442
0.1111111111111111 0.55555555555555558 0.5
0.1111111111111111 0.55555555555555558 0.55555555555555558
0.1111111111111111 0.55555555555555558 0.61111111111111116
0.1111111111111111 0.55555555555555558 0.66666666666666663
0.1111111111111111 0.55555555555555558 0.72222222222222221
0.1111111111111111 0.72222222222222221 0.88888888888888884
0.1111111111111111 0.77777777777777779 0.88888888888888884
0.16666666666666666 0.22222222222222221 0.55555555555555558
0.16666666666666666 0.22222222222222221 0.61111111111111116
0.16666666666666666 0.22222222222222221 0.66666666666666663
0.16666666666666666 0.27777777777777779 0.3888888888888889
0.16666666666666666 0.27777777777777779 0.44444444444444442
0.16666666666666666 0.27777777777777779 0.5
0.16666666666666666 0.27777777777777779 0.55555555555555558
0.16666666666666666 0.27777777777777779 0.61111111111111116
0.16666666666666666 0.27777777777777779 0.66666666666666663
0.16666666666666666 0.27777777777777779 0.72222222222222221
0.16666666666666666 0.33333333333333331 0.27777777777777779
0.16666666666666666 0.33333333333333331 0.33333333333333331
0.16666666666666666 0.33333333333333331 0.3888888888888889
0.16666666666666666 0.33333333333333331 0.44444444444444442
0.16666666666666666 0.33333333333333331 0.5
0.16666666666666666 0.33333333333333331 0.55555555555555558
0.16666666666666666 0.33333333333333331 0.61111111111111116
0.16666666666666666 0.33333333333333331 0.66666666666666663
0.16666666666666666 0.33333333333333331 0.72222222222222221
0.16666666666666666 0.33333333333333331 0.77777777777777779
0.16666666666666666 0.3888888888888889 0.27777777777777779
0.16666666666666666 0.3888888888888889 0.33333333333333331
0.16666666666666666 0.3888888888888889 0.3888888888888889
0.16666666666666666 0.3888888888888889 0.44444444444444442
0.16666666666666666 0.3888888888888889 0.5
0.16666666666666666 0.3888888888888889 0.55555555555555558
0.16666666666666666 0.3888888888888889 0.61111111111111116
0.16666666666666666 0.3888888888888889 0.66666666666666663
0.16666666666666666 0.3888888888888889 0.72222222222222221
0.16666666666666666 0.3888888888888889 0.77777777777777779
0.16666666666666666 0.44444444444444442 0.22222222222222221
0.16666666666666666 0.44444444444444442 0.27777777777777779
0.16666666666666666 0.44444444444444442 0.33333333333333331
0.16666666666666666 0.44444444444444442 0.3888888888888889
0.16666666666666666 0.44444444444444442 0.44444444444444442
0.16666666666666666 0.44444444444444442 0.5
0.16666666666666666 0.44444444444444442 0.55555555555555558
0.16666666666666666 0.44444444444444442 0.61111111111111116
0.16666666666666666 0.44444444444444442 0.66666666666666663
0.16666666666666666 0.44444444444444442 0.72222222222222221
0.16666666666666666 0.44444444444444442 0.77777777777777779
0.16666666666666666 0.5 0.1111111111111111
0.16666666666666666 0.5 0.27777777777777779
0.16666666666666666 0.5 0.33333333333333331
0.16666666666666666 0.5 0.3888888888888889
0.16666666666666666 0.5 0.44444444444444442
0.16666666666666666 0.5 0.5
0.16666666666666666 0.5 0.55555555555555558
0.16666666666666666 0.5 0.61111111111111116
0.16666666666666666 0.5 0.66666666666666663
0.16666666666666666 0.5 0.72222222222222221
0.16666666666666666 0.5 0.77777777777777779
0.16666666666666666 0.55555555555555558 0.27777777777777779
0.16666666666666666 0.55555555555555558 0.33333333333333331
0.16666666666666666 0.55555555555555558 0.3888888888888889
0.16666666666666666 0.55555555555555558 0.44444444444444442
0.16666666666666666 0.55555555555555558 0.5
0.16666666666666666 0.55555555555555558 0.55555555555555558
0.16666666666666666 0.55555555555555558 0.61111111111111116
0.16666666666666666 0.55555555555555558 0.66666666666666663
0.16666666666666666 0.55555555555555558 0.72222222222222221
0.16666666666666666 0.55555555555555558 0.77777777777777779
0.16666666666666666 0.55555555555555558 0.83333333333333337
0.16666666666666666 0.61111111111111116 0.33333333333333331
0.16666666666666666 0.61111111111111116 0.3888888888888889
0.16666666666666666 0.61111111111111116 0.44444444444444442
0.16666666666666666 0.61111111111111116 0.5
0.16666666666666666 0.61111111111111116 0.72222222222222221
0.16666666666666666 0.61111111111111116 0.77777777777777779
0.16666666666666666 0.61111111111111116 0.83333333333333337
0.16666666666666666 0.66666666666666663 0.72222222222222221
0.16666666666666666 0.66666666666666663 0.77777777777777779
0.16666666666666666 0.66666666666666663 0.83333333333333337
0.16666666666666666 0.66666666666666663 0.88888888888888884
0.16666666666666666 0.72222222222222221 0.77777777777777779
0.16666666666666666 0.72222222222222221 0.83333333333333337
0.16666666666666666 0.72222222222222221 0.88888888888888884
0.16666666666666666 0.77777777777777779 0.83333333333333337
0.16666666666666666 0.77777777777777779 0.88888888888888884
0.16666666666666666 0.83333333333333337 0.88888888888888884
0.22222222222222221 0.22222222222222221 0.61111111111111116
0.22222222222222221 0.27777777777777779 0.1111111111111111
0.22222222222222221 0.27777777777777779 0.33333333333333331
0.22222222222222221 0.27777777777777779 0.3888888888888889
0.22222222222222221 0.27777777777777779 0.44444444444444442
0.22222222222222221 0.27777777777777779 0.5
0.22222222222222221 0.27777777777777779 0.55555555555555558
0.22222222222222221 0.27777777777777779 0.61111111111111116
0.22222222222222221 0.27777777777777779 0.66666666666666663
0.22222222222222221 0.27777777777777779 0.72222222222222221
0.22222222222222221 0.33333333333333331 0.1111111111111111
0.22222222222222221 0.33333333333333331 0.27777777777777779
0.22222222222222221 0.33333333333333331 0.33333333333333331
0.22222222222222221 0.33333333333333331 0.3888888888888889
0.22222222222222221 0.33333333333333331 0.44444444444444442
0.22222222222222221 0.33333333333333331 0.5
0.22222222222222221 0.33333333333333331 0.55555555555555558
0.22222222222222221 0.33333333333333331 0.61111111111111116
0.22222222222222221 0.33333333333333331 0.66666666666666663
0.22222222222222221 0.33333333333333331 0.72222222222222221
0.22222222222222221 0.33333333333333331 0.77777777777777779
0.22222222222222221 0.3888888888888889 0.1111111111111111
0.22222222222222221 0.3888888888888889 0.22222222222222221
0.22222222222222221 0.3888888888888889 0.27777777777777779
0.22222222222222221 0.3888888888888889 0.33333333333333331
0.22222222222222221 0.3888888888888889 0.3888888888888889
0.22222222222222221 0.3888888888888889 0.44444444444444442
0.22222222222222221 0.3888888888888889 0.5
0.22222222222222221 0.3888888888888889 0.55555555555555558
0.22222222222222221 0.3888888888888889 0.61111111111111116
0.22222222222222221 0.3888888888888889 0.66666666666666663
0.22222222222222221 0.3888888888888889 0.72222222222222221
0.22222222222222221 0.3888888888888889 0.77777777777777779
0.22222222222222221 0.44444444444444442 0.055555555555555552
0.22222222222222221 0.44444444444444442 0.1111111111111111
0.22222222222222221 0.44444444444444442 0.16666666666666666
0.22222222222222221 0.44444444444444442 0.22222222222222221
0.22222222222222221 0.44444444444444442 0.27777777777777779
0.22222222222222221 0.44444444444444442 0.33333333333333331
0.22222222222222221 0.44444444444444442 0.3888888888888889
0.22222222222222221 0.44444444444444442 0.44444444444444442
0.22222222222222221 0.44444444444444442 0.5
0.22222222222222221 0.44444444444444442 0.55555555555555558
0.22222222222222221 0.44444444444444442 0.61111111111111116
0.22222222222222221 0.44444444444444442 0.66666666666666663
0.22222222222222221 0.44444444444444442 0.72222222222222221
0.22222222222222221 0.44444444444444442 0.77777777777777779
0.22222222222222221 0.44444444444444442 0.83333333333333337
0.22222222222222221 0.5 0.055555555555555552
0.22222222222222221 0.5 0.1111111111111111
0.22222222222222221 0.5 0.16666666666666666
0.22222222222222221 0.5 0.22222222222222221
0.22222222222222221 0.5 0.27777777777777779
0.22222222222222221 0.5 0.33333333333333331
0.22222222222222221 0.5 0.3888888888888889
0.22222222222222221 0.5 0.44444444444444442
0.22222222222222221 0.5 0.5
0.22222222222222221 0.5 0.55555555555555558
0.22222222222222221 0.5 0.61111111111111116
0.22222222222222221 0.5 0.66666666666666663
0.22222222222222221 0.5 0.72222222222222221
0.22222222222222221 0.5 0.77777777777777779
0.22222222222222221 0.55555555555555558 0.1111111111111111
0.22222222222222221 0.55555555555555558 0.27777777777777779
0.22222222222222221 0.55555555555555558 0.33333333333333331
0.22222222222222221 0.55555555555555558 0.3888888888888889
0.22222222222222221 0.55555555555555558 0.44444444444444442
0.22222222222222221 0.55555555555555558 0.5
0.22222222222222221 0.55555555555555558 0.55555555555555558
0.22222222222222221 0.55555555555555558 0.61111111111111116
0.22222222222222221 0.55555555555555558 0.66666666666666663
0.22222222222222221 0.55555555555555558 0.72222222222222221
0.22222222222222221 0.55555555555555558 0.77777777777777779
0.22222222222222221 0.61111111111111116 0.27777777777777779
0.22222222222222221 0.61111111111111116 0.33333333333333331
0.22222222222222221 0.61111111111111116 0.3888888888888889
0.22222222222222221 0.61111111111111116 0.44444444444444442
0.22222222222222221 0.61111111111111116 0.5
0.22222222222222221 0.61111111111111116 0.55555555555555558
0.22222222222222221 0.61111111111111116 0.77777777777777779
0.22222222222222221 0.66666666666666663 0.77777777777777779
0.22222222222222221 0.66666666666666663 0.83333333333333337
0.22222222222222221 0.72222222222222221 0.77777777777777779
0.22222222222222221 0.72222222222222221 0.83333333333333337
0.22222222222222221 0.77777777777777779 0.77777777777777779
0.22222222222222221 0.77777777777777779 0.83333333333333337
0.22222222222222221 0.77777777777777779 0.88888888888888884
0.27777777777777779 0.27777777777777779 0.1111111111111111
0.27777777777777779 0.27777777777777779 0.27777777777777779
0.27777777777777779 0.27777777777777779 0.33333333333333331
0.27777777777777779 0.27777777777777779 0.3888888888888889
0.27777777777777779 0.27777777777777779 0.44444444444444442
0.27777777777777779 0.27777777777777779 0.5
0.27777777777777779 0.27777777777777779 0.55555555555555558
0.27777777777777779 0.27777777777777779 0.61111111111111116
0.27777777777777779 0.33333333333333331 0.1111111111111111
0.27777777777777779 0.33333333333333331 0.16666666666666666
0.27777777777777779 0.33333333333333331 0.22222222222222221
0.27777777777777779 0.33333333333333331 0.27777777777777779
0.27777777777777779 0.33333333333333331 0.33333333333333331
0.27777777777777779 0.33333333333333331 0.3888888888888889
0.27777777777777779 0.33333333333333331 0.44444444444444442
0.27777777777777779 0.33333333333333331 0.5
0.27777777777777779 0.33333333333333331 0.55555555555555558
0.27777777777777779 0.33333333333333331 0.61111111111111116
0.27777777777777779 0.33333333333333331 0.66666666666666663
0.27777777777777779 0.33333333333333331 0.72222222222222221
0.27777777777777779 0.33333333333333331 0.77777777777777779
0.27777777777777779 0.3888888888888889 0.055555555555555552
0.27777777777777779 0.3888888888888889 0.1111111111111111
0.27777777777777779 0.3888888888888889 0.16666666666666666
0.27777777777777779 0.3888888888888889 0.22222222222222221
0.27777777777777779 0.3888888888888889 0.27777777777777779
0.27777777777777779 0.3888888888888889 0.33333333333333331
0.27777777777777779 0.3888888888888889 0.3888888888888889
0.27777777777777779 0.3888888888888889 0.44444444444444442
0.27777777777777779 0.3888888888888889 0.5
0.27777777777777779 0.3888888888888889 0.55555555555555558
0.27777777777777779 0.3888888888888889 0.61111111111111116
0.27777777777777779 0.3888888888888889 0.66666666666666663
0.27777777777777779 0.3888888888888889 0.72222222222222221
0.27777777777777779 0.3888888888888889 0.77777777777777779
0.27777777777777779 0.44444444444444442 0.055555555555555552
0.27777777777777779 0.44444444444444442 0.1111111111111111
0.27777777777777779 0.44444444444444442 0.16666666666666666
0.27777777777777779 0.44444444444444442 0.22222222222222221
0.27777777777777779 0.44444444444444442 0.27777777777777779
0.27777777777777779 0.44444444444444442 0.33333333333333331
0.27777777777777779 0.44444444444444442 0.3888888888888889
0.27777777777777779 0.44444444444444442 0.44444444444444442
0.27777777777777779 0.44444444444444442 0.5
0.27777777777777779 0.44444444444444442 0.55555555555555558
0.27777777777777779 0.44444444444444442 0.61111111111111116
0.27777777777777779 0.44444444444444442 0.66666666666666663
0.27777777777777779 0.44444444444444442 0.72222222222222221
0.27777777777777779 0.44444444444444442 0.77777777777777779
0.27777777777777779 0.44444444444444442 0.83333333333333337
0.27777777777777779 0.5 0.055555555555555552
0.27777777777777779 0.5 0.1111111111111111
0.27777777777777779 0.5 0.16666666666666666
0.27777777777777779 0.5 0.22222222222222221
0.27777777777777779 0.5 0.27777777777777779
0.27777777777777779 0.5 0.33333333333333331
0.27777777777777779 0.5 0.3888888888888889
0.27777777777777779 0.5 0.44444444444444442
0.27777777777777779 0.5 0.5
0.27777777777777779 0.5 0.55555555555555558
0.27777777777777779 0.5 0.61111111111111116
0.27777777777777779 0.5 0.66666666666666663
0.27777777777777779 0.5 0.72222222222222221
0.27777777777777779 0.5 0.77777777777777779
0.27777777777777779 0.5 0.83333333333333337
0.27777777777777779 0.55555555555555558 0.1111111111111111
0.27777777777777779 0.55555555555555558 0.16666666666666666
0.27777777777777779 0.55555555555555558 0.22222222222222221
0.27777777777777779 0.55555555555555558 0.27777777777777779
0.27777777777777779 0.55555555555555558 0.33333333333333331
0.27777777777777779 0.55555555555555558 0.3888888888888889
0.27777777777777779 0.55555555555555558 0.44444444444444442
0.27777777777777779 0.55555555555555558 0.5
0.27777777777777779 0.55555555555555558 0.55555555555555558
0.27777777777777779 0.55555555555555558 0.61111111111111116
0.27777777777777779 0.55555555555555558 0.66666666666666663
0.27777777777777779 0.55555555555555558 0.72222222222222221
0.27777777777777779 0.55555555555555558 0.77777777777777779
0.27777777777777779 0.55555555555555558 0.83333333333333337
0.27777777777777779 0.61111111111111116 0.22222222222222221
0.27777777777777779 0.61111111111111116 0.27777777777777779
0.27777777777777779 0.61111111111111116 0.33333333333333331
0.27777777777777779 0.61111111111111116 0.3888888888888889
0.27777777777777779 0.61111111111111116 0.44444444444444442
0.27777777777777779 0.61111111111111116 0.5
0.27777777777777779 0.61111111111111116 0.55555555555555558
0.27777777777777779 0.66666666666666663 0.3888888888888889
0.33333333333333331 0.27777777777777779 0.1111111111111111
0.33333333333333331 0.27777777777777779 0.16666666666666666
0.33333333333333331 0.27777777777777779 0.22222222222222221
0.33333333333333331 0.27777777777777779 0.27777777777777779
0.33333333333333331 0.27777777777777779 0.33333333333333331
0.33333333333333331 0.27777777777777779 0.3888888888888889
0.33333333333333331 0.27777777777777779 0.44444444444444442
0.33333333333333331 0.27777777777777779 0.5
0.33333333333333331 0.27777777777777779 0.55555555555555558
0.33333333333333331 0.33333333333333331 0.055555555555555552
0.33333333333333331 0.33333333333333331 0.1111111111111111
0.33333333333333331 0.33333333333333331 0.16666666666666666
0.33333333333333331 0.33333333333333331 0.22222222222222221
0.33333333333333331 0.33333333333333331 0.27777777777777779
0.33333333333333331 0.33333333333333331 0.33333333333333331
0.33333333333333331 0.33333333333333331 0.3888888888888889
0.33333333333333331 0.33333333333333331 0.44444444444444442
0.33333333333333331 0.33333333333333331 0.5
0.33333333333333331 0.33333333333333331 0.55555555555555558
0.33333333333333331 0.33333333333333331 0.61111111111111116
0.33333333333333331 0.3888888888888889 0.055555555555555552
0.33333333333333331 0.3888888888888889 0.1111111111111111
0.33333333333333331 0.3888888888888889 0.16666666666666666
0.33333333333333331 0.3888888888888889 0.22222222222222221
0.33333333333333331 0.3888888888888889 0.27777777777777779
0.33333333333333331 0.3888888888888889 0.33333333333333331
0.33333333333333331 0.3888888888888889 0.3888888888888889
0.33333333333333331 0.3888888888888889 0.44444444444444442
0.33333333333333331 0.3888888888888889 0.5
0.33333333333333331 0.3888888888888889 0.55555555555555558
0.33333333333333331 0.3888888888888889 0.61111111111111116
0.33333333333333331 0.3888888888888889 0.66666666666666663
0.33333333333333331 0.44444444444444442 0.055555555555555552
0.33333333333333331 0.44444444444444442 0.1111111111111111
0.33333333333333331 0.44444444444444442 0.16666666666666666
0.33333333333333331 0.44444444444444442 0.22222222222222221
0.33333333333333331 0.44444444444444442 0.27777777777777779
0.33333333333333331 0.44444444444444442 0.33333333333333331
0.33333333333333331 0.44444444444444442 0.3888888888888889
0.33333333333333331 0.44444444444444442 0.44444444444444442
0.33333333333333331 0.44444444444444442 0.5
0.33333333333333331 0.44444444444444442 0.55555555555555558
0.33333333333333331 0.44444444444444442 0.61111111111111116
0.33333333333333331 0.44444444444444442 0.66666666666666663
0.33333333333333331 0.5 0.055555555555555552
0.33333333333333331 0.5 0.1111111111111111
0.33333333333333331 0.5 0.16666666666666666
0.33333333333333331 0.5 0.22222222222222221
0.33333333333333331 0.5 0.27777777777777779
0.33333333333333331 0.5 0.33333333333333331
0.33333333333333331 0.5 0.3888888888888889
0.33333333333333331 0.5 0.44444444444444442
0.33333333333333331 0.5 0.5
0.33333333333333331 0.5 0.55555555555555558
0.33333333333333331 0.5 0.61111111111111116
0.33333333333333331 0.5 0.66666666666666663
0.33333333333333331 0.5 0.77777777777777779
0.33333333333333331 0.5 0.83333333333333337
0.33333333333333331 0.5 0.88888888888888884
0.33333333333333331 0.55555555555555558 0.055555555555555552
0.33333333333333331 0.55555555555555558 0.1111111111111111
0.33333333333333331 0.55555555555555558 0.16666666666666666
0.33333333333333331 0.55555555555555558 0.22222222222222221
0.33333333333333331 0.55555555555555558 0.27777777777777779
0.33333333333333331 0.55555555555555558 0.33333333333333331
0.33333333333333331 0.55555555555555558 0.3888888888888889
0.33333333333333331 0.55555555555555558 0.44444444444444442
0.33333333333333331 0.55555555555555558 0.5
0.33333333333333331 0.55555555555555558 0.55555555555555558
0.33333333333333331 0.55555555555555558 0.61111111111111116
0.33333333333333331 0.55555555555555558 0.77777777777777779
0.33333333333333331 0.55555555555555558 0.83333333333333337
0.33333333333333331 0.55555555555555558 0.88888888888888884
0.33333333333333331 0.61111111111111116 0.1111111111111111
0.33333333333333331 0.61111111111111116 0.16666666666666666
0.33333333333333331 0.61111111111111116 0.22222222222222221
0.33333333333333331 0.61111111111111116 0.27777777777777779
0.33333333333333331 0.61111111111111116 0.33333333333333331
0.33333333333333331 0.61111111111111116 0.3888888888888889
0.33333333333333331 0.61111111111111116 0.44444444444444442
0.33333333333333331 0.61111111111111116 0.5
0.33333333333333331 0.61111111111111116 0.55555555555555558
0.33333333333333331 0.66666666666666663 0.1111111111111111
0.33333333333333331 0.66666666666666663 0.33333333333333331
0.33333333333333331 0.66666666666666663 0.3888888888888889
0.33333333333333331 0.66666666666666663 0.44444444444444442
0.33333333333333331 0.66666666666666663 0.5
0.3888888888888889 0.27777777777777779 0.1111111111111111
0.3888888888888889 0.27777777777777779 0.16666666666666666
0.3888888888888889 0.27777777777777779 0.22222222222222221
0.3888888888888889 0.27777777777777779 0.27777777777777779
0.3888888888888889 0.27777777777777779 0.33333333333333331
0.3888888888888889 0.27777777777777779 0.3888888888888889
0.3888888888888889 0.27777777777777779 0.44444444444444442
0.3888888888888889 0.27777777777777779 0.5
0.3888888888888889 0.33333333333333331 0.1111111111111111
0.3888888888888889 0.33333333333333331 0.16666666666666666
0.3888888888888889 0.33333333333333331 0.22222222222222221
0.3888888888888889 0.33333333333333331 0.27777777777777779
0.3888888888888889 0.33333333333333331 0.33333333333333331
0.3888888888888889 0.33333333333333331 0.3888888888888889
0.3888888888888889 0.33333333333333331 0.44444444444444442
0.3888888888888889 0.33333333333333331 0.5
0.3888888888888889 0.33333333333333331 0.55555555555555558
0.3888888888888889 0.3888888888888889 0.1111111111111111
0.3888888888888889 0.3888888888888889 0.16666666666666666
0.3888888888888889 0.3888888888888889 0.22222222222222221
0.3888888888888889 0.3888888888888889 0.27777777777777779
0.3888888888888889 0.3888888888888889 0.33333333333333331
0.3888888888888889 0.3888888888888889 0.3888888888888889
0.3888888888888889 0.3888888888888889 0.44444444444444442
0.3888888888888889 0.3888888888888889 0.5
0.3888888888888889 0.3888888888888889 0.55555555555555558
0.3888888888888889 0.3888888888888889 0.61111111111111116
0.3888888888888889 0.44444444444444442 0.1111111111111111
0.3888888888888889 0.44444444444444442 0.16666666666666666
0.3888888888888889 0.44444444444444442 0.22222222222222221
0.3888888888888889 0.44444444444444442 0.27777777777777779
0.3888888888888889 0.44444444444444442 0.33333333333333331
0.3888888888888889 0.44444444444444442 0.3888888888888889
0.3888888888888889 0.44444444444444442 0.44444444444444442
0.3888888888888889 0.44444444444444442 0.5
0.3888888888888889 0.44444444444444442 0.55555555555555558
0.3888888888888889 0.44444444444444442 0.61111111111111116
0.3888888888888889 0.5 0.1111111111111111
0.3888888888888889 0.5 0.16666666666666666
0.3888888888888889 0.5 0.22222222222222221
0.3888888888888889 0.5 0.27777777777777779
0.3888888888888889 0.5 0.33333333333333331
0.3888888888888889 0.5 0.3888888888888889
0.3888888888888889 0.5 0.44444444444444442
0.3888888888888889 0.5 0.5
0.3888888888888889 0.5 0.55555555555555558
0.3888888888888889 0.5 0.61111111111111116
0.3888888888888889 0.5 0.77777777777777779
0.3888888888888889 0.5 0.83333333333333337
0.3888888888888889 0.55555555555555558 0.1111111111111111
0.3888888888888889 0.55555555555555558 0.16666666666666666
0.3888888888888889 0.55555555555555558 0.22222222222222221
0.3888888888888889 0.55555555555555558 0.27777777777777779
0.3888888888888889 0.55555555555555558 0.33333333333333331
0.3888888888888889 0.55555555555555558 0.3888888888888889
0.3888888888888889 0.55555555555555558 0.44444444444444442
0.3888888888888889 0.55555555555555558 0.5
0.3888888888888889 0.55555555555555558 0.55555555555555558
0.3888888888888889 0.55555555555555558 0.61111111111111116
0.3888888888888889 0.55555555555555558 0.77777777777777779
0.3888888888888889 0.55555555555555558 0.83333333333333337
0.3888888888888889 0.55555555555555558 0.88888888888888884
0.3888888888888889 0.61111111111111116 0.1111111111111111
0.3888888888888889 0.61111111111111116 0.16666666666666666
0.3888888888888889 0.61111111111111116 0.22222222222222221
0.3888888888888889 0.61111111111111116 0.27777777777777779
0.3888888888888889 0.61111111111111116 0.33333333333333331
0.3888888888888889 0.61111111111111116 0.3888888888888889
0.3888888888888889 0.61111111111111116 0.44444444444444442
0.3888888888888889 0.61111111111111116 0.5
0.3888888888888889 0.61111111111111116 0.55555555555555558
0.3888888888888889 0.61111111111111116 0.83333333333333337
0.3888888888888889 0.61111111111111116 0.88888888888888884
0.3888888888888889 0.66666666666666663 0.1111111111111111
0.3888888888888889 0.66666666666666663 0.16666666666666666
0.3888888888888889 0.66666666666666663 0.27777777777777779
0.3888888888888889 0.66666666666666663 0.33333333333333331
0.3888888888888889 0.66666666666666663 0.3888888888888889
0.3888888888888889 0.66666666666666663 0.44444444444444442
0.3888888888888889 0.66666666666666663 0.5
0.3888888888888889 0.72222222222222221 0.33333333333333331
0.44444444444444442 0.22222222222222221 0.16666666666666666
0.44444444444444442 0.22222222222222221 0.33333333333333331
0.44444444444444442 0.22222222222222221 0.3888888888888889
0.44444444444444442 0.22222222222222221 0.44444444444444442
0.44444444444444442 0.27777777777777779 0.1111111111111111
0.44444444444444442 0.27777777777777779 0.16666666666666666
0.44444444444444442 0.27777777777777779 0.22222222222222221
0.44444444444444442 0.27777777777777779 0.27777777777777779
0.44444444444444442 0.27777777777777779 0.33333333333333331
0.44444444444444442 0.27777777777777779 0.3888888888888889
0.44444444444444442 0.27777777777777779 0.44444444444444442
0.44444444444444442 0.27777777777777779 0.5
0.44444444444444442 0.27777777777777779 0.55555555555555558
0.44444444444444442 0.33333333333333331 0.1111111111111111
0.44444444444444442 0.33333333333333331 0.16666666666666666
0.44444444444444442 0.33333333333333331 0.22222222222222221
0.44444444444444442 0.33333333333333331 0.27777777777777779
0.44444444444444442 0.33333333333333331 0.33333333333333331
0.44444444444444442 0.33333333333333331 0.3888888888888889
0.44444444444444442 0.33333333333333331 0.44444444444444442
0.44444444444444442 0.33333333333333331 0.5
0.44444444444444442 0.33333333333333331 0.55555555555555558
0.44444444444444442 0.3888888888888889 0.1111111111111111
0.44444444444444442 0.3888888888888889 0.16666666666666666
0.44444444444444442 0.3888888888888889 0.22222222222222221
0.44444444444444442 0.3888888888888889 0.27777777777777779
0.44444444444444442 0.3888888888888889 0.33333333333333331
0.44444444444444442 0.3888888888888889 0.3888888888888889
0.44444444444444442 0.3888888888888889 0.44444444444444442
0.44444444444444442 0.3888888888888889 0.5
0.44444444444444442 0.3888888888888889 0.55555555555555558
0.44444444444444442 0.3888888888888889 0.61111111111111116
0.44444444444444442 0.44444444444444442 0.1111111111111111
0.44444444444444442 0.44444444444444442 0.16666666666666666
0.44444444444444442 0.44444444444444442 0.22222222222222221
0.44444444444444442 0.44444444444444442 0.27777777777777779
0.44444444444444442 0.44444444444444442 0.33333333333333331
0.44444444444444442 0.44444444444444442 0.3888888888888889
0.44444444444444442 0.44444444444444442 0.44444444444444442
0.44444444444444442 0.44444444444444442 0.5
0.44444444444444442 0.44444444444444442 0.55555555555555558
0.44444444444444442 0.44444444444444442 0.61111111111111116
0.44444444444444442 0.5 0.1111111111111111
0.44444444444444442 0.5 0.16666666666666666
0.44444444444444442 0.5 0.22222222222222221
0.44444444444444442 0.5 0.27777777777777779
0.44444444444444442 0.5 0.33333333333333331
0.44444444444444442 0.5 0.3888888888888889
0.44444444444444442 0.5 0.44444444444444442
0.44444444444444442 0.5 0.5
0.44444444444444442 0.5 0.55555555555555558
0.44444444444444442 0.5 0.61111111111111116
0.44444444444444442 0.55555555555555558 0.1111111111111111
0.44444444444444442 0.55555555555555558 0.16666666666666666
0.44444444444444442 0.55555555555555558 0.22222222222222221
0.44444444444444442 0.55555555555555558 0.27777777777777779
0.44444444444444442 0.55555555555555558 0.33333333333333331
0.44444444444444442 0.55555555555555558 0.3888888888888889
0.44444444444444442 0.55555555555555558 0.44444444444444442
0.44444444444444442 0.55555555555555558 0.5
0.44444444444444442 0.55555555555555558 0.55555555555555558
0.44444444444444442 0.55555555555555558 0.61111111111111116
0.44444444444444442 0.55555555555555558 0.83333333333333337
0.44444444444444442 0.55555555555555558 0.88888888888888884
0.44444444444444442 0.61111111111111116 0.1111111111111111
0.44444444444444442 0.61111111111111116 0.16666666666666666
0.44444444444444442 0.61111111111111116 0.22222222222222221
0.44444444444444442 0.61111111111111116 0.27777777777777779
0.44444444444444442 0.61111111111111116 0.33333333333333331
0.44444444444444442 0.61111111111111116 0.3888888888888889
0.44444444444444442 0.61111111111111116 0.44444444444444442
0.44444444444444442 0.61111111111111116 0.5
0.44444444444444442 0.61111111111111116 0.55555555555555558
0.44444444444444442 0.61111111111111116 0.88888888888888884
0.44444444444444442 0.66666666666666663 0.1111111111111111
0.44444444444444442 0.66666666666666663 0.16666666666666666
0.44444444444444442 0.66666666666666663 0.22222222222222221
0.44444444444444442 0.66666666666666663 0.27777777777777779
0.44444444444444442 0.66666666666666663 0.33333333333333331
0.44444444444444442 0.66666666666666663 0.3888888888888889
0.44444444444444442 0.66666666666666663 0.44444444444444442
0.44444444444444442 0.66666666666666663 0.5
0.44444444444444442 0.72222222222222221 0.22222222222222221
0.44444444444444442 0.72222222222222221 0.27777777777777779
0.44444444444444442 0.72222222222222221 0.33333333333333331
0.44444444444444442 0.72222222222222221 0.3888888888888889
0.5 0.16666666666666666 0.33333333333333331
0.5 0.22222222222222221 0.16666666666666666
0.5 0.22222222222222221 0.22222222222222221
0.5 0.22222222222222221 0.27777777777777779
0.5 0.22222222222222221 0.33333333333333331
0.5 0.22222222222222221 0.3888888888888889
0.5 0.22222222222222221 0.44444444444444442
0.5 0.27777777777777779 0.1111111111111111
0.5 0.27777777777777779 0.16666666666666666
0.5 0.27777777777777779 0.22222222222222221
0.5 0.27777777777777779 0.27777777777777779
0.5 0.27777777777777779 0.33333333333333331
0.5 0.27777777777777779 0.3888888888888889
0.5 0.27777777777777779 0.44444444444444442
0.5 0.27777777777777779 0.5
0.5 0.27777777777777779 0.55555555555555558
0.5 0.33333333333333331 0.1111111111111111
0.5 0.33333333333333331 0.16666666666666666
0.5 0.33333333333333331 0.22222222222222221
0.5 0.33333333333333331 0.27777777777777779
0.5 0.33333333333333331 0.33333333333333331
0.5 0.33333333333333331 0.3888888888888889
0.5 0.33333333333333331 0.44444444444444442
0.5 0.33333333333333331 0.5
0.5 0.33333333333333331 0.55555555555555558
0.5 0.33333333333333331 0.61111111111111116
0.5 0.3888888888888889 0.1111111111111111
0.5 0.3888888888888889 0.16666666666666666
0.5 0.3888888888888889 0.22222222222222221
0.5 0.3888888888888889 0.27777777777777779
0.5 0.3888888888888889 0.33333333333333331
0.5 0.3888888888888889 0.3888888888888889
0.5 0.3888888888888889 0.44444444444444442
0.5 0.3888888888888889 0.5
0.5 0.3888888888888889 0.55555555555555558
0.5 0.3888888888888889 0.61111111111111116
0.5 0.44444444444444442 0.1111111111111111
0.5 0.44444444444444442 0.16666666666666666
0.5 0.44444444444444442 0.22222222222222221
0.5 0.44444444444444442 0.27777777777777779
0.5 0.44444444444444442 0.33333333333333331
0.5 0.44444444444444442 0.3888888888888889
0.5 0.44444444444444442 0.44444444444444442
0.5 0.44444444444444442 0.5
0.5 0.44444444444444442 0.55555555555555558
0.5 0.44444444444444442 0.61111111111111116
0.5 0.44444444444444442 0.66666666666666663
0.5 0.5 0.1111111111111111
0.5 0.5 0.16666666666666666
0.5 0.5 0.22222222222222221
0.5 0.5 0.27777777777777779
0.5 0.5 0.33333333333333331
0.5 0.5 0.3888888888888889
0.5 0.5 0.44444444444444442
0.5 0.5 0.5
0.5 0.5 0.55555555555555558
0.5 0.5 0.61111111111111116
0.5 0.55555555555555558 0.1111111111111111
0.5 0.55555555555555558 0.16666666666666666
0.5 0.55555555555555558 0.22222222222222221
0.5 0.55555555555555558 0.27777777777777779
0.5 0.55555555555555558 0.33333333333333331
0.5 0.55555555555555558 0.3888888888888889
0.5 0.55555555555555558 0.44444444444444442
0.5 0.55555555555555558 0.5
0.5 0.55555555555555558 0.55555555555555558
0.5 0.55555555555555558 0.61111111111111116
0.5 0.61111111111111116 0.1111111111111111
0.5 0.61111111111111116 0.16666666666666666
0.5 0.61111111111111116 0.22222222222222221
0.5 0.61111111111111116 0.27777777777777779
0.5 0.61111111111111116 0.33333333333333331
0.5 0.61111111111111116 0.3888888888888889
0.5 0.61111111111111116 0.44444444444444442
0.5 0.61111111111111116 0.5
0.5 0.61111111111111116 0.55555555555555558
0.5 0.66666666666666663 0.1111111111111111
0.5 0.66666666666666663 0.16666666666666666
0.5 0.66666666666666663 0.22222222222222221
0.5 0.66666666666666663 0.27777777777777779
0.5 0.66666666666666663 0.33333333333333331
0.5 0.66666666666666663 0.3888888888888889
0.5 0.66666666666666663 0.44444444444444442
0.5 0.66666666666666663 0.5
0.5 0.72222222222222221 0.16666666666666666
0.5 0.72222222222222221 0.22222222222222221
0.5 0.72222222222222221 0.27777777777777779
0.5 0.72222222222222221 0.33333333333333331
0.5 0.72222222222222221 0.3888888888888889
0.55555555555555558 0.16666666666666666 0.27777777777777779
0.55555555555555558 0.16666666666666666 0.33333333333333331
0.55555555555555558 0.16666666666666666 0.3888888888888889
0.55555555555555558 0.22222222222222221 0.1111111111111111
0.55555555555555558 0.22222222222222221 0.16666666666666666
0.55555555555555558 0.22222222222222221 0.22222222222222221
0.55555555555555558 0.22222222222222221 0.27777777777777779
0.55555555555555558 0.22222222222222221 0.33333333333333331
0.55555555555555558 0.22222222222222221 0.3888888888888889
0.55555555555555558 0.22222222222222221 0.44444444444444442
0.55555555555555558 0.27777777777777779 0.1111111111111111
0.55555555555555558 0.27777777777777779 0.16666666666666666
0.55555555555555558 0.27777777777777779 0.22222222222222221
0.55555555555555558 0.27777777777777779 0.27777777777777779
0.55555555555555558 0.27777777777777779 0.33333333333333331
0.55555555555555558 0.27777777777777779 0.3888888888888889
0.55555555555555558 0.27777777777777779 0.44444444444444442
0.55555555555555558 0.27777777777777779 0.5
0.55555555555555558 0.27777777777777779 0.55555555555555558
0.55555555555555558 0.33333333333333331 0.1111111111111111
0.55555555555555558 0.33333333333333331 0.16666666666666666
0.55555555555555558 0.33333333333333331 0.22222222222222221
0.55555555555555558 0.33333333333333331 0.27777777777777779
0.55555555555555558 0.33333333333333331 0.33333333333333331
0.55555555555555558 0.33333333333333331 0.3888888888888889
0.55555555555555558 0.33333333333333331 0.44444444444444442
0.55555555555555558 0.33333333333333331 0.5
0.55555555555555558 0.33333333333333331 0.55555555555555558
0.55555555555555558 0.33333333333333331 0.61111111111111116
0.55555555555555558 0.3888888888888889 0.1111111111111111
0.55555555555555558 0.3888888888888889 0.16666666666666666
0.55555555555555558 0.3888888888888889 0.22222222222222221
0.55555555555555558 0.3888888888888889 0.27777777777777779
0.55555555555555558 0.3888888888888889 0.33333333333333331
0.55555555555555558 0.3888888888888889 0.3888888888888889
0.55555555555555558 0.3888888888888889 0.44444444444444442
0.55555555555555558 0.3888888888888889 0.5
0.55555555555555558 0.3888888888888889 0.55555555555555558
0.55555555555555558 0.3888888888888889 0.61111111111111116
0.55555555555555558 0.3888888888888889 0.66666666666666663
0.55555555555555558 0.44444444444444442 0.1111111111111111
0.55555555555555558 0.44444444444444442 0.16666666666666666
0.55555555555555558 0.44444444444444442 0.22222222222222221
0.55555555555555558 0.44444444444444442 0.27777777777777779
0.55555555555555558 0.44444444444444442 0.33333333333333331
0.55555555555555558 0.44444444444444442 0.3888888888888889
0.55555555555555558 0.44444444444444442 0.44444444444444442
0.55555555555555558 0.44444444444444442 0.5
0.55555555555555558 0.44444444444444442 0.55555555555555558
0.55555555555555558 0.44444444444444442 0.61111111111111116
0.55555555555555558 0.44444444444444442 0.66666666666666663
0.55555555555555558 0.5 0.1111111111111111
0.55555555555555558 0.5 0.16666666666666666
0.55555555555555558 0.5 0.22222222222222221
0.55555555555555558 0.5 0.27777777777777779
0.55555555555555558 0.5 0.33333333333333331
0.55555555555555558 0.5 0.3888888888888889
0.55555555555555558 0.5 0.44444444444444442
0.55555555555555558 0.5 0.5
0.55555555555555558 0.5 0.55555555555555558
0.55555555555555558 0.5 0.61111111111111116
0.55555555555555558 0.5 0.66666666666666663
0.55555555555555558 0.55555555555555558 0.1111111111111111
0.55555555555555558 0.55555555555555558 0.16666666666666666
0.55555555555555558 0.55555555555555558 0.22222222222222221
0.55555555555555558 0.55555555555555558 0.27777777777777779
0.55555555555555558 0.55555555555555558 0.33333333333333331
0.55555555555555558 0.55555555555555558 0.3888888888888889
0.55555555555555558 0.55555555555555558 0.44444444444444442
0.55555555555555558 0.55555555555555558 0.5
0.55555555555555558 0.55555555555555558 0.55555555555555558
0.55555555555555558 0.55555555555555558 0.61111111111111116
0.55555555555555558 0.61111111111111116 0.1111111111111111
0.55555555555555558 0.61111111111111116 0.16666666666666666
0.55555555555555558 0.61111111111111116 0.22222222222222221
0.55555555555555558 0.61111111111111116 0.27777777777777779
0.55555555555555558 0.61111111111111116 0.33333333333333331
0.55555555555555558 0.61111111111111116 0.3888888888888889
0.55555555555555558 0.61111111111111116 0.44444444444444442
0.55555555555555558 0.61111111111111116 0.5
0.55555555555555558 0.61111111111111116 0.55555555555555558
0.55555555555555558 0.66666666666666663 0.1111111111111111
0.55555555555555558 0.66666666666666663 0.16666666666666666
0.55555555555555558 0.66666666666666663 0.22222222222222221
0.55555555555555558 0.66666666666666663 0.27777777777777779
0.55555555555555558 0.66666666666666663 0.33333333333333331
0.55555555555555558 0.66666666666666663 0.3888888888888889
0.55555555555555558 0.66666666666666663 0.44444444444444442
0.55555555555555558 0.66666666666666663 0.5
0.55555555555555558 0.66666666666666663 0.55555555555555558
0.55555555555555558 0.72222222222222221 0.16666666666666666
0.55555555555555558 0.72222222222222221 0.22222222222222221
0.55555555555555558 0.72222222222222221 0.27777777777777779
0.55555555555555558 0.72222222222222221 0.33333333333333331
0.55555555555555558 0.72222222222222221 0.3888888888888889
0.55555555555555558 0.72222222222222221 0.44444444444444442
0.61111111111111116 0.22222222222222221 0.1111111111111111
0.61111111111111116 0.22222222222222221 0.16666666666666666
0.61111111111111116 0.22222222222222221 0.22222222222222221
0.61111111111111116 0.22222222222222221 0.27777777777777779
0.61111111111111116 0.22222222222222221 0.33333333333333331
0.61111111111111116 0.22222222222222221 0.3888888888888889
0.61111111111111116 0.22222222222222221 0.44444444444444442
0.61111111111111116 0.27777777777777779 0.1111111111111111
0.61111111111111116 0.27777777777777779 0.16666666666666666
0.61111111111111116 0.27777777777777779 0.22222222222222221
0.61111111111111116 0.27777777777777779 0.27777777777777779
0.61111111111111116 0.27777777777777779 0.33333333333333331
0.61111111111111116 0.27777777777777779 0.3888888888888889
0.61111111111111116 0.27777777777777779 0.44444444444444442
0.61111111111111116 0.27777777777777779 0.5
0.61111111111111116 0.27777777777777779 0.55555555555555558
0.61111111111111116 0.33333333333333331 0.1111111111111111
0.61111111111111116 0.33333333333333331 0.16666666666666666
0.61111111111111116 0.33333333333333331 0.22222222222222221
0.61111111111111116 0.33333333333333331 0.27777777777777779
0.61111111111111116 0.33333333333333331 0.33333333333333331
0.61111111111111116 0.33333333333333331 0.3888888888888889
0.61111111111111116 0.33333333333333331 0.44444444444444442
0.61111111111111116 0.33333333333333331 0.5
0.61111111111111116 0.33333333333333331 0.55555555555555558
0.61111111111111116 0.33333333333333331 0.61111111111111116
0.61111111111111116 0.3888888888888889 0.1111111111111111
0.61111111111111116 0.3888888888888889 0.16666666666666666
0.61111111111111116 0.3888888888888889 0.22222222222222221
0.61111111111111116 0.3888888888888889 0.27777777777777779
0.61111111111111116 0.3888888888888889 0.33333333333333331
0.61111111111111116 0.3888888888888889 0.3888888888888889
0.61111111111111116 0.3888888888888889 0.44444444444444442
0.61111111111111116 0.3888888888888889 0.5
0.61111111111111116 0.3888888888888889 0.55555555555555558
0.61111111111111116 0.3888888888888889 0.61111111111111116
0.61111111111111116 0.3888888888888889 0.66666666666666663
0.61111111111111116 0.44444444444444442 0.055555555555555552
0.61111111111111116 0.44444444444444442 0.1111111111111111
0.61111111111111116 0.44444444444444442 0.16666666666666666
0.61111111111111116 0.44444444444444442 0.22222222222222221
0.61111111111111116 0.44444444444444442 0.27777777777777779
0.61111111111111116 0.44444444444444442 0.33333333333333331
0.61111111111111116 0.44444444444444442 0.3888888888888889
0.61111111111111116 0.44444444444444442 0.44444444444444442
0.61111111111111116 0.44444444444444442 0.5
0.61111111111111116 0.44444444444444442 0.55555555555555558
0.61111111111111116 0.44444444444444442 0.61111111111111116
0.61111111111111116 0.44444444444444442 0.66666666666666663
0.61111111111111116 0.5 0.1111111111111111
0.61111111111111116 0.5 0.16666666666666666
0.61111111111111116 0.5 0.22222222222222221
0.61111111111111116 0.5 0.27777777777777779
0.61111111111111116 0.5 0.33333333333333331
0.61111111111111116 0.5 0.3888888888888889
0.61111111111111116 0.5 0.44444444444444442
0.61111111111111116 0.5 0.5
0.61111111111111116 0.5 0.55555555555555558
0.61111111111111116 0.5 0.61111111111111116
0.61111111111111116 0.5 0.66666666666666663
0.61111111111111116 0.55555555555555558 0.1111111111111111
0.61111111111111116 0.55555555555555558 0.16666666666666666
0.61111111111111116 0.55555555555555558 0.22222222222222221
0.61111111111111116 0.55555555555555558 0.27777777777777779
0.61111111111111116 0.55555555555555558 0.33333333333333331
0.61111111111111116 0.55555555555555558 0.3888888888888889
0.61111111111111116 0.55555555555555558 0.44444444444444442
0.61111111111111116 0.55555555555555558 0.5
0.61111111111111116 0.55555555555555558 0.55555555555555558
0.61111111111111116 0.55555555555555558 0.61111111111111116
0.61111111111111116 0.61111111111111116 0.1111111111111111
0.61111111111111116 0.61111111111111116 0.16666666666666666
0.61111111111111116 0.61111111111111116 0.22222222222222221
0.61111111111111116 0.61111111111111116 0.27777777777777779
0.61111111111111116 0.61111111111111116 0.33333333333333331
0.61111111111111116 0.61111111111111116 0.3888888888888889
0.61111111111111116 0.61111111111111116 0.44444444444444442
0.61111111111111116 0.61111111111111116 0.5
0.61111111111111116 0.61111111111111116 0.55555555555555558
0.61111111111111116 0.61111111111111116 0.61111111111111116
0.61111111111111116 0.66666666666666663 0.1111111111111111
0.61111111111111116 0.66666666666666663 0.16666666666666666
0.61111111111111116 0.66666666666666663 0.22222222222222221
0.61111111111111116 0.66666666666666663 0.27777777777777779
0.61111111111111116 0.66666666666666663 0.33333333333333331
0.61111111111111116 0.66666666666666663 0.3888888888888889
0.61111111111111116 0.66666666666666663 0.44444444444444442
0.61111111111111116 0.66666666666666663 0.5
0.61111111111111116 0.72222222222222221 0.22222222222222221
0.61111111111111116 0.72222222222222221 0.27777777777777779
0.61111111111111116 0.72222222222222221 0.33333333333333331
0.61111111111111116 0.72222222222222221 0.3888888888888889
0.61111111111111116 0.72222222222222221 0.44444444444444442
0.66666666666666663 0.22222222222222221 0.16666666666666666
0.66666666666666663 0.22222222222222221 0.22222222222222221
0.66666666666666663 0.22222222222222221 0.27777777777777779
0.66666666666666663 0.22222222222222221 0.33333333333333331
0.66666666666666663 0.22222222222222221 0.3888888888888889
0.66666666666666663 0.22222222222222221 0.44444444444444442
0.66666666666666663 0.27777777777777779 0.1111111111111111
0.66666666666666663 0.27777777777777779 0.16666666666666666
0.66666666666666663 0.27777777777777779 0.22222222222222221
0.66666666666666663 0.27777777777777779 0.27777777777777779
0.66666666666666663 0.27777777777777779 0.33333333333333331
0.66666666666666663 0.27777777777777779 0.3888888888888889
0.66666666666666663 0.27777777777777779 0.44444444444444442
0.66666666666666663 0.27777777777777779 0.5
0.66666666666666663 0.27777777777777779 0.55555555555555558
0.66666666666666663 0.33333333333333331 0.1111111111111111
0.66666666666666663 0.33333333333333331 0.16666666666666666
0.66666666666666663 0.33333333333333331 0.22222222222222221
0.66666666666666663 0.33333333333333331 0.27777777777777779
0.66666666666666663 0.33333333333333331 0.33333333333333331
0.66666666666666663 0.33333333333333331 0.3888888888888889
0.66666666666666663 0.33333333333333331 0.44444444444444442
0.66666666666666663 0.33333333333333331 0.5
0.66666666666666663 0.33333333333333331 0.55555555555555558
0.66666666666666663 0.33333333333333331 0.61111111111111116
0.66666666666666663 0.3888888888888889 0.1111111111111111
0.66666666666666663 0.3888888888888889 0.16666666666666666
0.66666666666666663 0.3888888888888889 0.22222222222222221
0.66666666666666663 0.3888888888888889 0.27777777777777779
0.66666666666666663 0.3888888888888889 0.33333333333333331
0.66666666666666663 0.3888888888888889 0.3888888888888889
0.66666666666666663 0.3888888888888889 0.44444444444444442
0.66666666666666663 0.3888888888888889 0.5
0.66666666666666663 0.3888888888888889 0.55555555555555558
0.66666666666666663 0.3888888888888889 0.61111111111111116
0.66666666666666663 0.44444444444444442 0.1111111111111111
0.66666666666666663 0.44444444444444442 0.16666666666666666
0.66666666666666663 0.44444444444444442 0.22222222222222221
0.66666666666666663 0.44444444444444442 0.27777777777777779
0.66666666666666663 0.44444444444444442 0.33333333333333331
0.66666666666666663 0.44444444444444442 0.3888888888888889
0.66666666666666663 0.44444444444444442 0.44444444444444442
0.66666666666666663 0.44444444444444442 0.5
0.66666666666666663 0.44444444444444442 0.55555555555555558
0.66666666666666663 0.44444444444444442 0.61111111111111116
0.66666666666666663 0.5 0.1111111111111111
0.66666666666666663 0.5 0.16666666666666666
0.66666666666666663 0.5 0.22222222222222221
0.66666666666666663 0.5 0.27777777777777779
0.66666666666666663 0.5 0.33333333333333331
0.66666666666666663 0.5 0.3888888888888889
0.66666666666666663 0.5 0.44444444444444442
0.66666666666666663 0.5 0.5
0.66666666666666663 0.5 0.55555555555555558
0.66666666666666663 0.5 0.61111111111111116
0.66666666666666663 0.55555555555555558 0.1111111111111111
0.66666666666666663 0.55555555555555558 0.16666666666666666
0.66666666666666663 0.55555555555555558 0.22222222222222221
0.66666666666666663 0.55555555555555558 0.27777777777777779
0.66666666666666663 0.55555555555555558 0.33333333333333331
0.66666666666666663 0.55555555555555558 0.3888888888888889
0.66666666666666663 0.55555555555555558 0.44444444444444442
0.66666666666666663 0.55555555555555558 0.5
0.66666666666666663 0.55555555555555558 0.55555555555555558
0.66666666666666663 0.55555555555555558 0.61111111111111116
0.66666666666666663 0.61111111111111116 0.1111111111111111
0.66666666666666663 0.61111111111111116 0.16666666666666666
0.66666666666666663 0.61111111111111116 0.22222222222222221
0.66666666666666663 0.61111111111111116 0.27777777777777779
0.66666666666666663 0.61111111111111116 0.33333333333333331
0.66666666666666663 0.61111111111111116 0.3888888888888889
0.66666666666666663 0.61111111111111116 0.44444444444444442
0.66666666666666663 0.61111111111111116 0.5
0.66666666666666663 0.61111111111111116 0.55555555555555558
0.66666666666666663 0.66666666666666663 0.1111111111111111
0.66666666666666663 0.66666666666666663 0.16666666666666666
0.66666666666666663 0.66666666666666663 0.22222222222222221
0.66666666666666663 0.66666666666666663 0.27777777777777779
0.66666666666666663 0.66666666666666663 0.33333333333333331
0.66666666666666663 0.66666666666666663 0.3888888888888889
0.66666666666666663 0.66666666666666663 0.44444444444444442
0.66666666666666663 0.66666666666666663 0.5
0.66666666666666663 0.72222222222222221 0.27777777777777779
0.66666666666666663 0.72222222222222221 0.33333333333333331
0.66666666666666663 0.72222222222222221 0.3888888888888889
0.72222222222222221 0.22222222222222221 0.22222222222222221
0.72222222222222221 0.22222222222222221 0.27777777777777779
0.72222222222222221 0.22222222222222221 0.33333333333333331
0.72222222222222221 0.22222222222222221 0.3888888888888889
0.72222222222222221 0.22222222222222221 0.44444444444444442
0.72222222222222221 0.27777777777777779 0.1111111111111111
0.72222222222222221 0.27777777777777779 0.16666666666666666
0.72222222222222221 0.27777777777777779 0.22222222222222221
0.72222222222222221 0.27777777777777779 0.27777777777777779
0.72222222222222221 0.27777777777777779 0.33333333333333331
0.72222222222222221 0.27777777777777779 0.3888888888888889
0.72222222222222221 0.27777777777777779 0.44444444444444442
0.72222222222222221 0.27777777777777779 0.5
0.72222222222222221 0.33333333333333331 0.1111111111111111
0.72222222222222221 0.33333333333333331 0.16666666666666666
0.72222222222222221 0.33333333333333331 0.22222222222222221
0.72222222222222221 0.33333333333333331 0.27777777777777779
0.72222222222222221 0.33333333333333331 0.33333333333333331
0.72222222222222221 0.33333333333333331 0.3888888888888889
0.72222222222222221 0.33333333333333331 0.44444444444444442
0.72222222222222221 0.33333333333333331 0.5
0.72222222222222221 0.33333333333333331 0.55555555555555558
0.72222222222222221 0.3888888888888889 0.1111111111111111
0.72222222222222221 0.3888888888888889 0.16666666666666666
0.72222222222222221 0.3888888888888889 0.22222222222222221
0.72222222222222221 0.3888888888888889 0.27777777777777779
0.72222222222222221 0.3888888888888889 0.33333333333333331
0.72222222222222221 0.3888888888888889 0.3888888888888889
0.72222222222222221 0.3888888888888889 0.44444444444444442
0.72222222222222221 0.3888888888888889 0.5
0.72222222222222221 0.3888888888888889 0.55555555555555558
0.72222222222222221 0.3888888888888889 0.61111111111111116
0.72222222222222221 0.44444444444444442 0.1111111111111111
0.72222222222222221 0.44444444444444442 0.16666666666666666
0.72222222222222221 0.44444444444444442 0.22222222222222221
0.72222222222222221 0.44444444444444442 0.27777777777777779
0.72222222222222221 0.44444444444444442 0.33333333333333331
0.72222222222222221 0.44444444444444442 0.3888888888888889
0.72222222222222221 0.44444444444444442 0.44444444444444442
0.72222222222222221 0.44444444444444442 0.5
0.72222222222222221 0.44444444444444442 0.55555555555555558
0.72222222222222221 0.44444444444444442 0.61111111111111116
0.72222222222222221 0.5 0.1111111111111111
0.72222222222222221 0.5 0.16666666666666666
0.72222222222222221 0.5 0.22222222222222221
0.72222222222222221 0.5 0.27777777777777779
0.72222222222222221 0.5 0.33333333333333331
0.72222222222222221 0.5 0.3888888888888889
0.72222222222222221 0.5 0.44444444444444442
0.72222222222222221 0.5 0.5
0.72222222222222221 0.5 0.55555555555555558
0.72222222222222221 0.5 0.61111111111111116
0.72222222222222221 0.55555555555555558 0.1111111111111111
0.72222222222222221 0.55555555555555558 0.16666666666666666
0.72222222222222221 0.55555555555555558 0.22222222222222221
0.72222222222222221 0.55555555555555558 0.27777777777777779
0.72222222222222221 0.55555555555555558 0.33333333333333331
0.72222222222222221 0.55555555555555558 0.3888888888888889
0.72222222222222221 0.55555555555555558 0.44444444444444442
0.72222222222222221 0.55555555555555558 0.5
0.72222222222222221 0.55555555555555558 0.55555555555555558
0.72222222222222221 0.55555555555555558 0.61111111111111116
0.72222222222222221 0.61111111111111116 0.1111111111111111
0.72222222222222221 0.61111111111111116 0.16666666666666666
0.72222222222222221 0.61111111111111116 0.22222222222222221
0.72222222222222221 0.61111111111111116 0.27777777777777779
0.72222222222222221 0.61111111111111116 0.33333333333333331
0.72222222222222221 0.61111111111111116 0.3888888888888889
0.72222222222222221 0.61111111111111116 0.44444444444444442
0.72222222222222221 0.61111111111111116 0.5
0.72222222222222221 0.61111111111111116 0.55555555555555558
0.72222222222222221 0.66666666666666663 0.16666666666666666
0.72222222222222221 0.66666666666666663 0.22222222222222221
0.72222222222222221 0.66666666666666663 0.27777777777777779
0.72222222222222221 0.66666666666666663 0.33333333333333331
0.72222222222222221 0.66666666666666663 0.3888888888888889
0.72222222222222221 0.66666666666666663 0.44444444444444442
0.77777777777777779 0.27777777777777779 0.16666666666666666
0.77777777777777779 0.27777777777777779 0.22222222222222221
0.77777777777777779 0.27777777777777779 0.27777777777777779
0.77777777777777779 0.27777777777777779 0.33333333333333331
0.77777777777777779 0.27777777777777779 0.3888888888888889
0.77777777777777779 0.27777777777777779 0.44444444444444442
0.77777777777777779 0.33333333333333331 0.1111111111111111
0.77777777777777779 0.33333333333333331 0.16666666666666666
0.77777777777777779 0.33333333333333331 0.22222222222222221
0.77777777777777779 0.33333333333333331 0.27777777777777779
0.77777777777777779 0.33333333333333331 0.33333333333333331
0.77777777777777779 0.33333333333333331 0.3888888888888889
0.77777777777777779 0.33333333333333331 0.44444444444444442
0.77777777777777779 0.33333333333333331 0.5
0.77777777777777779 0.33333333333333331 0.55555555555555558
0.77777777777777779 0.3888888888888889 0.1111111111111111
0.77777777777777779 0.3888888888888889 0.16666666666666666
0.77777777777777779 0.3888888888888889 0.22222222222222221
0.77777777777777779 0.3888888888888889 0.27777777777777779
0.77777777777777779 0.3888888888888889 0.33333333333333331
0.77777777777777779 0.3888888888888889 0.3888888888888889
0.77777777777777779 0.3888888888888889 0.44444444444444442
0.77777777777777779 0.3888888888888889 0.5
0.77777777777777779 0.3888888888888889 0.55555555555555558
0.77777777777777779 0.44444444444444442 0.1111111111111111
0.77777777777777779 0.44444444444444442 0.16666666666666666
0.77777777777777779 0.44444444444444442 0.22222222222222221
0.77777777777777779 0.44444444444444442 0.27777777777777779
0.77777777777777779 0.44444444444444442 0.33333333333333331
0.77777777777777779 0.44444444444444442 0.3888888888888889
0.77777777777777779 0.44444444444444442 0.44444444444444442
0.77777777777777779 0.44444444444444442 0.5
0.77777777777777779 0.44444444444444442 0.55555555555555558
0.77777777777777779 0.44444444444444442 0.61111111111111116
0.77777777777777779 0.5 0.1111111111111111
0.77777777777777779 0.5 0.16666666666666666
0.77777777777777779 0.5 0.22222222222222221
0.77777777777777779 0.5 0.27777777777777779
0.77777777777777779 0.5 0.33333333333333331
0.77777777777777779 0.5 0.3888888888888889
0.77777777777777779 0.5 0.44444444444444442
0.77777777777777779 0.5 0.5
0.77777777777777779 0.5 0.55555555555555558
0.77777777777777779 0.55555555555555558 0.1111111111111111
0.77777777777777779 0.55555555555555558 0.16666666666666666
0.77777777777777779 0.55555555555555558 0.22222222222222221
0.77777777777777779 0.55555555555555558 0.27777777777777779
0.77777777777777779 0.55555555555555558 0.33333333333333331
0.77777777777777779 0.55555555555555558 0.3888888888888889
0.77777777777777779 0.55555555555555558 0.44444444444444442
0.77777777777777779 0.55555555555555558 0.5
0.77777777777777779 0.55555555555555558 0.55555555555555558
0.77777777777777779 0.61111111111111116 0.16666666666666666
0.77777777777777779 0.61111111111111116 0.22222222222222221
0.77777777777777779 0.61111111111111116 0.27777777777777779
0.77777777777777779 0.61111111111111116 0.33333333333333331
0.77777777777777779 0.61111111111111116 0.3888888888888889
0.77777777777777779 0.61111111111111116 0.44444444444444442
0.77777777777777779 0.61111111111111116 0.5
0.77777777777777779 0.66666666666666663 0.27777777777777779
0.83333333333333337 0.33333333333333331 0.16666666666666666
0.83333333333333337 0.33333333333333331 0.22222222222222221
0.83333333333333337 0.33333333333333331 0.27777777777777779
0.83333333333333337 0.33333333333333331 0.33333333333333331
0.83333333333333337 0.33333333333333331 0.3888888888888889
0.83333333333333337 0.33333333333333331 0.44444444444444442
0.83333333333333337 0.3888888888888889 0.1111111111111111
0.83333333333333337 0.3888888888888889 0.16666666666666666
0.83333333333333337 0.3888888888888889 0.22222222222222221
0.83333333333333337 0.3888888888888889 0.27777777777777779
0.83333333333333337 0.3888888888888889 0.33333333333333331
0.83333333333333337 0.3888888888888889 0.3888888888888889
0.83333333333333337 0.3888888888888889 0.44444444444444442
0.83333333333333337 0.3888888888888889 0.5
0.83333333333333337 0.44444444444444442 0.1111111111111111
0.83333333333333337 0.44444444444444442 0.16666666666666666
0.83333333333333337 0.44444444444444442 0.22222222222222221
0.83333333333333337 0.44444444444444442 0.27777777777777779
0.83333333333333337 0.44444444444444442 0.33333333333333331
0.83333333333333337 0.44444444444444442 0.3888888888888889
0.83333333333333337 0.44444444444444442 0.44444444444444442
0.83333333333333337 0.44444444444444442 0.5
0.83333333333333337 0.5 0.1111111111111111
0.83333333333333337 0.5 0.16666666666666666
0.83333333333333337 0.5 0.22222222222222221
0.83333333333333337 0.5 0.27777777777777779
0.83333333333333337 0.5 0.33333333333333331
0.83333333333333337 0.5 0.3888888888888889
0.83333333333333337 0.5 0.44444444444444442
0.83333333333333337 0.5 0.5
0.83333333333333337 0.55555555555555558 0.16666666666666666
0.83333333333333337 0.55555555555555558 0.22222222222222221
0.83333333333333337 0.55555555555555558 0.27777777777777779
0.83333333333333337 0.55555555555555558 0.33333333333333331
0.83333333333333337 0.55555555555555558 0.3888888888888889
0.83333333333333337 0.55555555555555558 0.44444444444444442
0.83333333333333337 0.61111111111111116 0.27777777777777779
0.83333333333333337 0.61111111111111116 0.33333333333333331
0.83333333333333337 0.61111111111111116 0.3888888888888889
0.88888888888888884 0.33333333333333331 0.22222222222222221
0.88888888888888884 0.33333333333333331 0.27777777777777779
0.88888888888888884 0.3888888888888889 0.16666666666666666
0.88888888888888884 0.3888888888888889 0.22222222222222221
0.88888888888888884 0.3888888888888889 0.27777777777777779
0.88888888888888884 0.44444444444444442 0.16666666666666666
0.88888888888888884 0.44444444444444442 0.22222222222222221
0.88888888888888884 0.44444444444444442 0.27777777777777779
0.88888888888888884 0.44444444444444442 0.33333333333333331
0.88888888888888884 0.44444444444444442 0.3888888888888889
0.88888888888888884 0.5 0.16666666666666666
0.88888888888888884 0.5 0.22222222222222221
0.88888888888888884 0.5 0.27777777777777779
0.88888888888888884 0.5 0.33333333333333331
0.88888888888888884 0.55555555555555558 0.16666666666666666
0.88888888888888884 0.55555555555555558 0.22222222222222221
0.94444444444444442 0.3888888888888889 0.27777777777777779
0.94444444444444442 0.44444444444444442 0.22222222222222221
0.94444444444444442 0.44444444444444442 0.27777777777777779
0.94444444444444442 0.5 0.22222222222222221
0.027777777777777776 0.3611111111111111 0.58333333333333337
0.027777777777777776 0.41666666666666669 0.58333333333333337
0.027777777777777776 0.41666666666666669 0.63888888888888884
0.027777777777777776 0.47222222222222221 0.58333333333333337
0.027777777777777776 0.47222222222222221 0.63888888888888884
0.083333333333333329 0.25 0.52777777777777779
0.083333333333333329 0.25 0.58333333333333337
0.083333333333333329 0.25 0.63888888888888884
0.083333333333333329 0.30555555555555558 0.52777777777777779
0.083333333333333329 0.30555555555555558 0.58333333333333337
0.083333333333333329 0.30555555555555558 0.63888888888888884
0.083333333333333329 0.30555555555555558 0.69444444444444442
0.083333333333333329 0.30555555555555558 0.75
0.083333333333333329 0.3611111111111111 0.3611111111111111
0.083333333333333329 0.3611111111111111 0.41666666666666669
0.083333333333333329 0.3611111111111111 0.47222222222222221
0.083333333333333329 0.3611111111111111 0.52777777777777779
0.083333333333333329 0.3611111111111111 0.58333333333333337
0.083333333333333329 0.3611111111111111 0.63888888888888884
0.083333333333333329 0.3611111111111111 0.69444444444444442
0.083333333333333329 0.3611111111111111 0.75
0.083333333333333329 0.41666666666666669 0.3611111111111111
0.083333333333333329 0.41666666666666669 0.41666666666666669
0.083333333333333329 0.41666666666666669 0.47222222222222221
0.083333333333333329 0.41666666666666669 0.52777777777777779
0.083333333333333329 0.41666666666666669 0.58333333333333337
0.083333333333333329 0.41666666666666669 0.63888888888888884
0.083333333333333329 0.41666666666666669 0.69444444444444442
0.083333333333333329 0.41666666666666669 0.75
0.083333333333333329 0.47222222222222221 0.3611111111111111
0.083333333333333329 0.47222222222222221 0.41666666666666669
0.083333333333333329 0.47222222222222221 0.47222222222222221
0.083333333333333329 0.47222222222222221 0.52777777777777779
0.083333333333333329 0.47222222222222221 0.58333333333333337
0.083333333333333329 0.47222222222222221 0.63888888888888884
0.083333333333333329 0.47222222222222221 0.69444444444444442
0.083333333333333329 0.47222222222222221 0.75
0.083333333333333329 0.52777777777777779 0.3611111111111111
0.083333333333333329 0.52777777777777779 0.41666666666666669
0.083333333333333329 0.52777777777777779 0.47222222222222221
0.083333333333333329 0.52777777777777779 0.52777777777777779
0.083333333333333329 0.52777777777777779 0.58333333333333337
0.083333333333333329 0.52777777777777779 0.63888888888888884
0.083333333333333329 0.52777777777777779 0.69444444444444442
0.1388888888888889 0.19444444444444445 0.58333333333333337
0.1388888888888889 0.19444444444444445 0.63888888888888884
0.1388888888888889 0.25 0.52777777777777779
0.1388888888888889 0.25 0.58333333333333337
0.1388888888888889 0.25 0.63888888888888884
0.1388888888888889 0.25 0.69444444444444442
0.1388888888888889 0.30555555555555558 0.3611111111111111
0.1388888888888889 0.30555555555555558 0.41666666666666669
0.1388888888888889 0.30555555555555558 0.47222222222222221
0.1388888888888889 0.30555555555555558 0.52777777777777779
0.1388888888888889 0.30555555555555558 0.58333333333333337
0.1388888888888889 0.30555555555555558 0.63888888888888884
0.1388888888888889 0.30555555555555558 0.69444444444444442
0.1388888888888889 0.30555555555555558 0.75
0.1388888888888889 0.3611111111111111 0.30555555555555558
0.1388888888888889 0.3611111111111111 0.3611111111111111
0.1388888888888889 0.3611111111111111 0.41666666666666669
0.1388888888888889 0.3611111111111111 0.47222222222222221
0.1388888888888889 0.3611111111111111 0.52777777777777779
0.1388888888888889 0.3611111111111111 0.58333333333333337
0.1388888888888889 0.3611111111111111 0.63888888888888884
0.1388888888888889 0.3611111111111111 0.69444444444444442
0.1388888888888889 0.3611111111111111 0.75
0.1388888888888889 0.3611111111111111 0.80555555555555558
0.1388888888888889 0.41666666666666669 0.30555555555555558
0.1388888888888889 0.41666666666666669 0.3611111111111111
0.1388888888888889 0.41666666666666669 0.41666666666666669
0.1388888888888889 0.41666666666666669 0.47222222222222221
0.1388888888888889 0.41666666666666669 0.52777777777777779
0.1388888888888889 0.41666666666666669 0.58333333333333337
0.1388888888888889 0.41666666666666669 0.63888888888888884
0.1388888888888889 0.41666666666666669 0.69444444444444442
0.1388888888888889 0.41666666666666669 0.75
0.1388888888888889 0.41666666666666669 0.80555555555555558
0.1388888888888889 0.47222222222222221 0.25
0.1388888888888889 0.47222222222222221 0.30555555555555558
0.1388888888888889 0.47222222222222221 0.3611111111111111
0.1388888888888889 0.47222222222222221 0.41666666666666669
0.1388888888888889 0.47222222222222221 0.47222222222222221
0.1388888888888889 0.47222222222222221 0.52777777777777779
0.1388888888888889 0.47222222222222221 0.58333333333333337
0.1388888888888889 0.47222222222222221 0.63888888888888884
0.1388888888888889 0.47222222222222221 0.69444444444444442
0.1388888888888889 0.47222222222222221 0.75
0.1388888888888889 0.47222222222222221 0.80555555555555558
0.1388888888888889 0.52777777777777779 0.30555555555555558
0.1388888888888889 0.52777777777777779 0.3611111111111111
0.1388888888888889 0.52777777777777779 0.41666666666666669
0.1388888888888889 0.52777777777777779 0.47222222222222221
0.1388888888888889 0.52777777777777779 0.52777777777777779
0.1388888888888889 0.52777777777777779 0.58333333333333337
0.1388888888888889 0.52777777777777779 0.63888888888888884
0.1388888888888889 0.52777777777777779 0.69444444444444442
0.1388888888888889 0.52777777777777779 0.75
0.1388888888888889 0.52777777777777779 0.80555555555555558
0.1388888888888889 0.58333333333333337 0.3611111111111111
0.1388888888888889 0.58333333333333337 0.41666666666666669
0.1388888888888889 0.58333333333333337 0.47222222222222221
0.1388888888888889 0.58333333333333337 0.52777777777777779
0.1388888888888889 0.58333333333333337 0.58333333333333337
0.1388888888888889 0.58333333333333337 0.63888888888888884
0.1388888888888889 0.58333333333333337 0.69444444444444442
0.1388888888888889 0.58333333333333337 0.75
0.1388888888888889 0.58333333333333337 0.80555555555555558
0.1388888888888889 0.58333333333333337 0.86111111111111116
0.1388888888888889 0.63888888888888884 0.75
0.1388888888888889 0.69444444444444442 0.80555555555555558
0.1388888888888889 0.69444444444444442 0.86111111111111116
0.1388888888888889 0.75 0.86111111111111116
0.1388888888888889 0.75 0.91666666666666663
0.1388888888888889 0.80555555555555558 0.86111111111111116
0.1388888888888889 0.80555555555555558 0.91666666666666663
0.19444444444444445 0.19444444444444445 0.58333333333333337
0.19444444444444445 0.25 0.41666666666666669
0.19444444444444445 0.25 0.47222222222222221
0.19444444444444445 0.25 0.52777777777777779
0.19444444444444445 0.25 0.58333333333333337
0.19444444444444445 0.25 0.63888888888888884
0.19444444444444445 0.25 0.69444444444444442
0.19444444444444445 0.30555555555555558 0.30555555555555558
0.19444444444444445 0.30555555555555558 0.3611111111111111
0.19444444444444445 0.30555555555555558 0.41666666666666669
0.19444444444444445 0.30555555555555558 0.47222222222222221
0.19444444444444445 0.30555555555555558 0.52777777777777779
0.19444444444444445 0.30555555555555558 0.58333333333333337
0.19444444444444445 0.30555555555555558 0.63888888888888884
0.19444444444444445 0.30555555555555558 0.69444444444444442
0.19444444444444445 0.30555555555555558 0.75
0.19444444444444445 0.3611111111111111 0.25
0.19444444444444445 0.3611111111111111 0.30555555555555558
0.19444444444444445 0.3611111111111111 0.3611111111111111
0.19444444444444445 0.3611111111111111 0.41666666666666669
0.19444444444444445 0.3611111111111111 0.47222222222222221
0.19444444444444445 0.3611111111111111 0.52777777777777779
0.19444444444444445 0.3611111111111111 0.58333333333333337
0.19444444444444445 0.3611111111111111 0.63888888888888884
0.19444444444444445 0.3611111111111111 0.69444444444444442
0.19444444444444445 0.3611111111111111 0.75
0.19444444444444445 0.3611111111111111 0.80555555555555558
0.19444444444444445 0.41666666666666669 0.25
0.19444444444444445 0.41666666666666669 0.30555555555555558
0.19444444444444445 0.41666666666666669 0.3611111111111111
0.19444444444444445 0.41666666666666669 0.41666666666666669
0.19444444444444445 0.41666666666666669 0.47222222222222221
0.19444444444444445 0.41666666666666669 0.52777777777777779
0.19444444444444445 0.41666666666666669 0.58333333333333337
0.19444444444444445 0.41666666666666669 0.63888888888888884
0.19444444444444445 0.41666666666666669 0.69444444444444442
0.19444444444444445 0.41666666666666669 0.75
0.19444444444444445 0.41666666666666669 0.80555555555555558
0.19444444444444445 0.47222222222222221 0.083333333333333329
0.19444444444444445 0.47222222222222221 0.1388888888888889
0.19444444444444445 0.47222222222222221 0.25
0.19444444444444445 0.47222222222222221 0.30555555555555558
0.19444444444444445 0.47222222222222221 0.3611111111111111
0.19444444444444445 0.47222222222222221 0.41666666666666669
0.19444444444444445 0.47222222222222221 0.47222222222222221
0.19444444444444445 0.47222222222222221 0.52777777777777779
0.19444444444444445 0.47222222222222221 0.58333333333333337
0.19444444444444445 0.47222222222222221 0.63888888888888884
0.19444444444444445 0.47222222222222221 0.69444444444444442
0.19444444444444445 0.47222222222222221 0.75
0.19444444444444445 0.47222222222222221 0.80555555555555558
0.19444444444444445 0.52777777777777779 0.083333333333333329
0.19444444444444445 0.52777777777777779 0.1388888888888889
0.19444444444444445 0.52777777777777779 0.25
0.19444444444444445 0.52777777777777779 0.30555555555555558
0.19444444444444445 0.52777777777777779 0.3611111111111111
0.19444444444444445 0.52777777777777779 0.41666666666666669
0.19444444444444445 0.52777777777777779 0.47222222222222221
0.19444444444444445 0.52777777777777779 0.52777777777777779
0.19444444444444445 0.52777777777777779 0.58333333333333337
0.19444444444444445 0.52777777777777779 0.63888888888888884
0.19444444444444445 0.52777777777777779 0.69444444444444442
0.19444444444444445 0.52777777777777779 0.75
0.19444444444444445 0.52777777777777779 0.80555555555555558
0.19444444444444445 0.58333333333333337 0.30555555555555558
0.19444444444444445 0.58333333333333337 0.3611111111111111
0.19444444444444445 0.58333333333333337 0.41666666666666669
0.19444444444444445 0.58333333333333337 0.47222222222222221
0.19444444444444445 0.58333333333333337 0.52777777777777779
0.19444444444444445 0.58333333333333337 0.58333333333333337
0.19444444444444445 0.58333333333333337 0.63888888888888884
0.19444444444444445 0.58333333333333337 0.69444444444444442
0.19444444444444445 0.58333333333333337 0.75
0.19444444444444445 0.58333333333333337 0.80555555555555558
0.19444444444444445 0.63888888888888884 0.3611111111111111
0.19444444444444445 0.63888888888888884 0.41666666666666669
0.19444444444444445 0.63888888888888884 0.47222222222222221
0.19444444444444445 0.63888888888888884 0.75
0.19444444444444445 0.63888888888888884 0.80555555555555558
0.19444444444444445 0.69444444444444442 0.75
0.19444444444444445 0.69444444444444442 0.80555555555555558
0.19444444444444445 0.69444444444444442 0.86111111111111116
0.19444444444444445 0.75 0.75
0.19444444444444445 0.75 0.80555555555555558
0.19444444444444445 0.75 0.86111111111111116
0.19444444444444445 0.80555555555555558 0.80555555555555558
0.19444444444444445 0.80555555555555558 0.86111111111111116
0.19444444444444445 0.80555555555555558 0.91666666666666663
0.25 0.25 0.083333333333333329
0.25 0.25 0.3611111111111111
0.25 0.25 0.41666666666666669
0.25 0.25 0.47222222222222221
0.25 0.25 0.58333333333333337
0.25 0.30555555555555558 0.083333333333333329
0.25 0.30555555555555558 0.1388888888888889
0.25 0.30555555555555558 0.30555555555555558
0.25 0.30555555555555558 0.3611111111111111
0.25 0.30555555555555558 0.41666666666666669
0.25 0.30555555555555558 0.47222222222222221
0.25 0.30555555555555558 0.52777777777777779
0.25 0.30555555555555558 0.58333333333333337
0.25 0.30555555555555558 0.63888888888888884
0.25 0.30555555555555558 0.69444444444444442
0.25 0.30555555555555558 0.75
0.25 0.3611111111111111 0.083333333333333329
0.25 0.3611111111111111 0.1388888888888889
0.25 0.3611111111111111 0.25
0.25 0.3611111111111111 0.30555555555555558
0.25 0.3611111111111111 0.3611111111111111
0.25 0.3611111111111111 0.41666666666666669
0.25 0.3611111111111111 0.47222222222222221
0.25 0.3611111111111111 0.52777777777777779
0.25 0.3611111111111111 0.58333333333333337
0.25 0.3611111111111111 0.63888888888888884
0.25 0.3611111111111111 0.69444444444444442
0.25 0.3611111111111111 0.75
0.25 0.3611111111111111 0.80555555555555558
0.25 0.41666666666666669 0.083333333333333329
0.25 0.41666666666666669 0.1388888888888889
0.25 0.41666666666666669 0.19444444444444445
0.25 0.41666666666666669 0.25
0.25 0.41666666666666669 0.30555555555555558
0.25 0.41666666666666669 0.3611111111111111
0.25 0.41666666666666669 0.41666666666666669
0.25 0.41666666666666669 0.47222222222222221
0.25 0.41666666666666669 0.52777777777777779
0.25 0.41666666666666669 0.58333333333333337
0.25 0.41666666666666669 0.63888888888888884
0.25 0.41666666666666669 0.69444444444444442
0.25 0.41666666666666669 0.75
0.25 0.41666666666666669 0.80555555555555558
0.25 0.47222222222222221 0.083333333333333329
0.25 0.47222222222222221 0.1388888888888889
0.25 0.47222222222222221 0.19444444444444445
0.25 0.47222222222222221 0.25
0.25 0.47222222222222221 0.30555555555555558
0.25 0.47222222222222221 0.3611111111111111
0.25 0.47222222222222221 0.41666666666666669
0.25 0.47222222222222221 0.47222222222222221
0.25 0.47222222222222221 0.52777777777777779
0.25 0.47222222222222221 0.58333333333333337
0.25 0.47222222222222221 0.63888888888888884
0.25 0.47222222222222221 0.69444444444444442
0.25 0.47222222222222221 0.75
0.25 0.47222222222222221 0.80555555555555558
0.25 0.52777777777777779 0.083333333333333329
0.25 0.52777777777777779 0.1388888888888889
0.25 0.52777777777777779 0.19444444444444445
0.25 0.52777777777777779 0.25
0.25 0.52777777777777779 0.30555555555555558
0.25 0.52777777777777779 0.3611111111111111
0.25 0.52777777777777779 0.41666666666666669
0.25 0.52777777777777779 0.47222222222222221
0.25 0.52777777777777779 0.52777777777777779
0.25 0.52777777777777779 0.58333333333333337
0.25 0.52777777777777779 0.63888888888888884
0.25 0.52777777777777779 0.69444444444444442
0.25 0.52777777777777779 0.75
0.25 0.52777777777777779 0.80555555555555558
0.25 0.58333333333333337 0.25
0.25 0.58333333333333337 0.30555555555555558
0.25 0.58333333333333337 0.3611111111111111
0.25 0.58333333333333337 0.41666666666666669
0.25 0.58333333333333337 0.47222222222222221
0.25 0.58333333333333337 0.52777777777777779
0.25 0.58333333333333337 0.58333333333333337
0.25 0.58333333333333337 0.63888888888888884
0.25 0.63888888888888884 0.30555555555555558
0.25 0.63888888888888884 0.3611111111111111
0.25 0.63888888888888884 0.41666666666666669
0.25 0.63888888888888884 0.47222222222222221
0.25 0.63888888888888884 0.52777777777777779
0.30555555555555558 0.25 0.083333333333333329
0.30555555555555558 0.25 0.30555555555555558
0.30555555555555558 0.25 0.3611111111111111
0.30555555555555558 0.25 0.41666666666666669
0.30555555555555558 0.25 0.47222222222222221
0.30555555555555558 0.30555555555555558 0.083333333333333329
0.30555555555555558 0.30555555555555558 0.1388888888888889
0.30555555555555558 0.30555555555555558 0.19444444444444445
0.30555555555555558 0.30555555555555558 0.25
0.30555555555555558 0.30555555555555558 0.30555555555555558
0.30555555555555558 0.30555555555555558 0.3611111111111111
0.30555555555555558 0.30555555555555558 0.41666666666666669
0.30555555555555558 0.30555555555555558 0.47222222222222221
0.30555555555555558 0.30555555555555558 0.52777777777777779
0.30555555555555558 0.30555555555555558 0.58333333333333337
0.30555555555555558 0.3611111111111111 0.083333333333333329
0.30555555555555558 0.3611111111111111 0.1388888888888889
0.30555555555555558 0.3611111111111111 0.19444444444444445
0.30555555555555558 0.3611111111111111 0.25
0.30555555555555558 0.3611111111111111 0.30555555555555558
0.30555555555555558 0.3611111111111111 0.3611111111111111
0.30555555555555558 0.3611111111111111 0.41666666666666669
0.30555555555555558 0.3611111111111111 0.47222222222222221
0.30555555555555558 0.3611111111111111 0.52777777777777779
0.30555555555555558 0.3611111111111111 0.58333333333333337
0.30555555555555558 0.3611111111111111 0.63888888888888884
0.30555555555555558 0.3611111111111111 0.69444444444444442
0.30555555555555558 0.41666666666666669 0.083333333333333329
0.30555555555555558 0.41666666666666669 0.1388888888888889
0.30555555555555558 0.41666666666666669 0.19444444444444445
0.30555555555555558 0.41666666666666669 0.25
0.30555555555555558 0.41666666666666669 0.30555555555555558
0.30555555555555558 0.41666666666666669 0.3611111111111111
0.30555555555555558 0.41666666666666669 0.41666666666666669
0.30555555555555558 0.41666666666666669 0.47222222222222221
0.30555555555555558 0.41666666666666669 0.52777777777777779
0.30555555555555558 0.41666666666666669 0.58333333333333337
0.30555555555555558 0.41666666666666669 0.63888888888888884
0.30555555555555558 0.41666666666666669 0.69444444444444442
0.30555555555555558 0.41666666666666669 0.75
0.30555555555555558 0.47222222222222221 0.083333333333333329
0.30555555555555558 0.47222222222222221 0.1388888888888889
0.30555555555555558 0.47222222222222221 0.19444444444444445
0.30555555555555558 0.47222222222222221 0.25
0.30555555555555558 0.47222222222222221 0.30555555555555558
0.30555555555555558 0.47222222222222221 0.3611111111111111
0.30555555555555558 0.47222222222222221 0.41666666666666669
0.30555555555555558 0.47222222222222221 0.47222222222222221
0.30555555555555558 0.47222222222222221 0.52777777777777779
0.30555555555555558 0.47222222222222221 0.58333333333333337
0.30555555555555558 0.47222222222222221 0.63888888888888884
0.30555555555555558 0.47222222222222221 0.69444444444444442
0.30555555555555558 0.47222222222222221 0.75
0.30555555555555558 0.47222222222222221 0.80555555555555558
0.30555555555555558 0.47222222222222221 0.86111111111111116
0.30555555555555558 0.52777777777777779 0.083333333333333329
0.30555555555555558 0.52777777777777779 0.1388888888888889
0.30555555555555558 0.52777777777777779 0.19444444444444445
0.30555555555555558 0.52777777777777779 0.25
0.30555555555555558 0.52777777777777779 0.30555555555555558
0.30555555555555558 0.52777777777777779 0.3611111111111111
0.30555555555555558 0.52777777777777779 0.41666666666666669
0.30555555555555558 0.52777777777777779 0.47222222222222221
0.30555555555555558 0.52777777777777779 0.52777777777777779
0.30555555555555558 0.52777777777777779 0.58333333333333337
0.30555555555555558 0.52777777777777779 0.63888888888888884
0.30555555555555558 0.52777777777777779 0.69444444444444442
0.30555555555555558 0.52777777777777779 0.75
0.30555555555555558 0.52777777777777779 0.80555555555555558
0.30555555555555558 0.52777777777777779 0.86111111111111116
0.30555555555555558 0.58333333333333337 0.083333333333333329
0.30555555555555558 0.58333333333333337 0.1388888888888889
0.30555555555555558 0.58333333333333337 0.19444444444444445
0.30555555555555558 0.58333333333333337 0.25
0.30555555555555558 0.58333333333333337 0.30555555555555558
0.30555555555555558 0.58333333333333337 0.3611111111111111
0.30555555555555558 0.58333333333333337 0.41666666666666669
0.30555555555555558 0.58333333333333337 0.47222222222222221
0.30555555555555558 0.58333333333333337 0.52777777777777779
0.30555555555555558 0.58333333333333337 0.58333333333333337
0.30555555555555558 0.58333333333333337 0.75
0.30555555555555558 0.58333333333333337 0.80555555555555558
0.30555555555555558 0.63888888888888884 0.30555555555555558
0.30555555555555558 0.63888888888888884 0.3611111111111111
0.30555555555555558 0.63888888888888884 0.41666666666666669
0.30555555555555558 0.63888888888888884 0.47222222222222221
0.30555555555555558 0.63888888888888884 0.52777777777777779
0.3611111111111111 0.25 0.083333333333333329
0.3611111111111111 0.25 0.1388888888888889
0.3611111111111111 0.25 0.19444444444444445
0.3611111111111111 0.25 0.25
0.3611111111111111 0.25 0.30555555555555558
0.3611111111111111 0.25 0.3611111111111111
0.3611111111111111 0.25 0.41666666666666669
0.3611111111111111 0.25 0.47222222222222221
0.3611111111111111 0.30555555555555558 0.083333333333333329
0.3611111111111111 0.30555555555555558 0.1388888888888889
0.3611111111111111 0.30555555555555558 0.19444444444444445
0.3611111111111111 0.30555555555555558 0.25
0.3611111111111111 0.30555555555555558 0.30555555555555558
0.3611111111111111 0.30555555555555558 0.3611111111111111
0.3611111111111111 0.30555555555555558 0.41666666666666669
0.3611111111111111 0.30555555555555558 0.47222222222222221
0.3611111111111111 0.30555555555555558 0.52777777777777779
0.3611111111111111 0.30555555555555558 0.58333333333333337
0.3611111111111111 0.3611111111111111 0.083333333333333329
0.3611111111111111 0.3611111111111111 0.1388888888888889
0.3611111111111111 0.3611111111111111 0.19444444444444445
0.3611111111111111 0.3611111111111111 0.25
0.3611111111111111 0.3611111111111111 0.30555555555555558
0.3611111111111111 0.3611111111111111 0.3611111111111111
0.3611111111111111 0.3611111111111111 0.41666666666666669
0.3611111111111111 0.3611111111111111 0.47222222222222221
0.3611111111111111 0.3611111111111111 0.52777777777777779
0.3611111111111111 0.3611111111111111 0.58333333333333337
0.3611111111111111 0.41666666666666669 0.083333333333333329
0.3611111111111111 0.41666666666666669 0.1388888888888889
0.3611111111111111 0.41666666666666669 0.19444444444444445
0.3611111111111111 0.41666666666666669 0.25
0.3611111111111111 0.41666666666666669 0.30555555555555558
0.3611111111111111 0.41666666666666669 0.3611111111111111
0.3611111111111111 0.41666666666666669 0.41666666666666669
0.3611111111111111 0.41666666666666669 0.47222222222222221
0.3611111111111111 0.41666666666666669 0.52777777777777779
0.3611111111111111 0.41666666666666669 0.58333333333333337
0.3611111111111111 0.41666666666666669 0.63888888888888884
0.3611111111111111 0.47222222222222221 0.083333333333333329
0.3611111111111111 0.47222222222222221 0.1388888888888889
0.3611111111111111 0.47222222222222221 0.19444444444444445
0.3611111111111111 0.47222222222222221 0.25
0.3611111111111111 0.47222222222222221 0.30555555555555558
0.3611111111111111 0.47222222222222221 0.3611111111111111
0.3611111111111111 0.47222222222222221 0.41666666666666669
0.3611111111111111 0.47222222222222221 0.47222222222222221
0.3611111111111111 0.47222222222222221 0.52777777777777779
0.3611111111111111 0.47222222222222221 0.58333333333333337
0.3611111111111111 0.47222222222222221 0.63888888888888884
0.3611111111111111 0.47222222222222221 0.80555555555555558
0.3611111111111111 0.52777777777777779 0.083333333333333329
0.3611111111111111 0.52777777777777779 0.1388888888888889
0.3611111111111111 0.52777777777777779 0.19444444444444445
0.3611111111111111 0.52777777777777779 0.25
0.3611111111111111 0.52777777777777779 0.30555555555555558
0.3611111111111111 0.52777777777777779 0.3611111111111111
0.3611111111111111 0.52777777777777779 0.41666666666666669
0.3611111111111111 0.52777777777777779 0.47222222222222221
0.3611111111111111 0.52777777777777779 0.52777777777777779
0.3611111111111111 0.52777777777777779 0.58333333333333337
0.3611111111111111 0.52777777777777779 0.63888888888888884
0.3611111111111111 0.52777777777777779 0.80555555555555558
0.3611111111111111 0.52777777777777779 0.86111111111111116
0.3611111111111111 0.58333333333333337 0.083333333333333329
0.3611111111111111 0.58333333333333337 0.1388888888888889
0.3611111111111111 0.58333333333333337 0.19444444444444445
0.3611111111111111 0.58333333333333337 0.25
0.3611111111111111 0.58333333333333337 0.30555555555555558
0.3611111111111111 0.58333333333333337 0.3611111111111111
0.3611111111111111 0.58333333333333337 0.41666666666666669
0.3611111111111111 0.58333333333333337 0.47222222222222221
0.3611111111111111 0.58333333333333337 0.52777777777777779
0.3611111111111111 0.58333333333333337 0.58333333333333337
0.3611111111111111 0.58333333333333337 0.80555555555555558
0.3611111111111111 0.58333333333333337 0.86111111111111116
0.3611111111111111 0.63888888888888884 0.083333333333333329
0.3611111111111111 0.63888888888888884 0.1388888888888889
0.3611111111111111 0.63888888888888884 0.19444444444444445
0.3611111111111111 0.63888888888888884 0.30555555555555558
0.3611111111111111 0.63888888888888884 0.3611111111111111
0.3611111111111111 0.63888888888888884 0.41666666666666669
0.3611111111111111 0.63888888888888884 0.47222222222222221
0.3611111111111111 0.63888888888888884 0.52777777777777779
0.3611111111111111 0.69444444444444442 0.083333333333333329
0.3611111111111111 0.69444444444444442 0.3611111111111111
0.41666666666666669 0.25 0.1388888888888889
0.41666666666666669 0.25 0.19444444444444445
0.41666666666666669 0.25 0.30555555555555558
0.41666666666666669 0.25 0.3611111111111111
0.41666666666666669 0.25 0.41666666666666669
0.41666666666666669 0.25 0.47222222222222221
0.41666666666666669 0.30555555555555558 0.083333333333333329
0.41666666666666669 0.30555555555555558 0.1388888888888889
0.41666666666666669 0.30555555555555558 0.19444444444444445
0.41666666666666669 0.30555555555555558 0.25
0.41666666666666669 0.30555555555555558 0.30555555555555558
0.41666666666666669 0.30555555555555558 0.3611111111111111
0.41666666666666669 0.30555555555555558 0.41666666666666669
0.41666666666666669 0.30555555555555558 0.47222222222222221
0.41666666666666669 0.30555555555555558 0.52777777777777779
0.41666666666666669 0.3611111111111111 0.083333333333333329
0.41666666666666669 0.3611111111111111 0.1388888888888889
0.41666666666666669 0.3611111111111111 0.19444444444444445
0.41666666666666669 0.3611111111111111 0.25
0.41666666666666669 0.3611111111111111 0.30555555555555558
0.41666666666666669 0.3611111111111111 0.3611111111111111
0.41666666666666669 0.3611111111111111 0.41666666666666669
0.41666666666666669 0.3611111111111111 0.47222222222222221
0.41666666666666669 0.3611111111111111 0.52777777777777779
0.41666666666666669 0.3611111111111111 0.58333333333333337
0.41666666666666669 0.41666666666666669 0.083333333333333329
0.41666666666666669 0.41666666666666669 0.1388888888888889
0.41666666666666669 0.41666666666666669 0.19444444444444445
0.41666666666666669 0.41666666666666669 0.25
0.41666666666666669 0.41666666666666669 0.30555555555555558
0.41666666666666669 0.41666666666666669 0.3611111111111111
0.41666666666666669 0.41666666666666669 0.41666666666666669
0.41666666666666669 0.41666666666666669 0.47222222222222221
0.41666666666666669 0.41666666666666669 0.52777777777777779
0.41666666666666669 0.41666666666666669 0.58333333333333337
0.41666666666666669 0.41666666666666669 0.63888888888888884
0.41666666666666669 0.47222222222222221 0.083333333333333329
0.41666666666666669 0.47222222222222221 0.1388888888888889
0.41666666666666669 0.47222222222222221 0.19444444444444445
0.41666666666666669 0.47222222222222221 0.25
0.41666666666666669 0.47222222222222221 0.30555555555555558
0.41666666666666669 0.47222222222222221 0.3611111111111111
0.41666666666666669 0.47222222222222221 0.41666666666666669
0.41666666666666669 0.47222222222222221 0.47222222222222221
0.41666666666666669 0.47222222222222221 0.52777777777777779
0.41666666666666669 0.47222222222222221 0.58333333333333337
0.41666666666666669 0.47222222222222221 0.63888888888888884
0.41666666666666669 0.52777777777777779 0.083333333333333329
0.41666666666666669 0.52777777777777779 0.1388888888888889
0.41666666666666669 0.52777777777777779 0.19444444444444445
0.41666666666666669 0.52777777777777779 0.25
0.41666666666666669 0.52777777777777779 0.30555555555555558
0.41666666666666669 0.52777777777777779 0.3611111111111111
0.41666666666666669 0.52777777777777779 0.41666666666666669
0.41666666666666669 0.52777777777777779 0.47222222222222221
0.41666666666666669 0.52777777777777779 0.52777777777777779
0.41666666666666669 0.52777777777777779 0.58333333333333337
0.41666666666666669 0.52777777777777779 0.63888888888888884
0.41666666666666669 0.52777777777777779 0.80555555555555558
0.41666666666666669 0.52777777777777779 0.86111111111111116
0.41666666666666669 0.58333333333333337 0.083333333333333329
0.41666666666666669 0.58333333333333337 0.1388888888888889
0.41666666666666669 0.58333333333333337 0.19444444444444445
0.41666666666666669 0.58333333333333337 0.25
0.41666666666666669 0.58333333333333337 0.30555555555555558
0.41666666666666669 0.58333333333333337 0.3611111111111111
0.41666666666666669 0.58333333333333337 0.41666666666666669
0.41666666666666669 0.58333333333333337 0.47222222222222221
0.41666666666666669 0.58333333333333337 0.52777777777777779
0.41666666666666669 0.58333333333333337 0.58333333333333337
0.41666666666666669 0.58333333333333337 0.80555555555555558
0.41666666666666669 0.58333333333333337 0.86111111111111116
0.41666666666666669 0.58333333333333337 0.91666666666666663
0.41666666666666669 0.63888888888888884 0.083333333333333329
0.41666666666666669 0.63888888888888884 0.1388888888888889
0.41666666666666669 0.63888888888888884 0.19444444444444445
0.41666666666666669 0.63888888888888884 0.25
0.41666666666666669 0.63888888888888884 0.30555555555555558
0.41666666666666669 0.63888888888888884 0.3611111111111111
0.41666666666666669 0.63888888888888884 0.41666666666666669
0.41666666666666669 0.63888888888888884 0.47222222222222221
0.41666666666666669 0.63888888888888884 0.52777777777777779
0.41666666666666669 0.63888888888888884 0.86111111111111116
0.41666666666666669 0.69444444444444442 0.1388888888888889
0.41666666666666669 0.69444444444444442 0.19444444444444445
0.41666666666666669 0.69444444444444442 0.25
0.41666666666666669 0.69444444444444442 0.30555555555555558
0.41666666666666669 0.69444444444444442 0.3611111111111111
0.41666666666666669 0.69444444444444442 0.41666666666666669
0.47222222222222221 0.19444444444444445 0.30555555555555558
0.47222222222222221 0.19444444444444445 0.3611111111111111
0.47222222222222221 0.19444444444444445 0.41666666666666669
0.47222222222222221 0.25 0.1388888888888889
0.47222222222222221 0.25 0.19444444444444445
0.47222222222222221 0.25 0.25
0.47222222222222221 0.25 0.30555555555555558
0.47222222222222221 0.25 0.3611111111111111
0.47222222222222221 0.25 0.41666666666666669
0.47222222222222221 0.25 0.47222222222222221
0.47222222222222221 0.30555555555555558 0.083333333333333329
0.47222222222222221 0.30555555555555558 0.1388888888888889
0.47222222222222221 0.30555555555555558 0.19444444444444445
0.47222222222222221 0.30555555555555558 0.25
0.47222222222222221 0.30555555555555558 0.30555555555555558
0.47222222222222221 0.30555555555555558 0.3611111111111111
0.47222222222222221 0.30555555555555558 0.41666666666666669
0.47222222222222221 0.30555555555555558 0.47222222222222221
0.47222222222222221 0.30555555555555558 0.52777777777777779
0.47222222222222221 0.30555555555555558 0.58333333333333337
0.47222222222222221 0.3611111111111111 0.083333333333333329
0.47222222222222221 0.3611111111111111 0.1388888888888889
0.47222222222222221 0.3611111111111111 0.19444444444444445
0.47222222222222221 0.3611111111111111 0.25
0.47222222222222221 0.3611111111111111 0.30555555555555558
0.47222222222222221 0.3611111111111111 0.3611111111111111
0.47222222222222221 0.3611111111111111 0.41666666666666669
0.47222222222222221 0.3611111111111111 0.47222222222222221
0.47222222222222221 0.3611111111111111 0.52777777777777779
0.47222222222222221 0.3611111111111111 0.58333333333333337
0.47222222222222221 0.41666666666666669 0.083333333333333329
0.47222222222222221 0.41666666666666669 0.1388888888888889
0.47222222222222221 0.41666666666666669 0.19444444444444445
0.47222222222222221 0.41666666666666669 0.25
0.47222222222222221 0.41666666666666669 0.30555555555555558
0.47222222222222221 0.41666666666666669 0.3611111111111111
0.47222222222222221 0.41666666666666669 0.41666666666666669
0.47222222222222221 0.41666666666666669 0.47222222222222221
0.47222222222222221 0.41666666666666669 0.52777777777777779
0.47222222222222221 0.41666666666666669 0.58333333333333337
0.47222222222222221 0.41666666666666669 0.63888888888888884
0.47222222222222221 0.47222222222222221 0.083333333333333329
0.47222222222222221 0.47222222222222221 0.1388888888888889
0.47222222222222221 0.47222222222222221 0.19444444444444445
0.47222222222222221 0.47222222222222221 0.25
0.47222222222222221 0.47222222222222221 0.30555555555555558
0.47222222222222221 0.47222222222222221 0.3611111111111111
0.47222222222222221 0.47222222222222221 0.41666666666666669
0.47222222222222221 0.47222222222222221 0.47222222222222221
0.47222222222222221 0.47222222222222221 0.52777777777777779
0.47222222222222221 0.47222222222222221 0.58333333333333337
0.47222222222222221 0.47222222222222221 0.63888888888888884
0.47222222222222221 0.52777777777777779 0.083333333333333329
0.47222222222222221 0.52777777777777779 0.1388888888888889
0.47222222222222221 0.52777777777777779 0.19444444444444445
0.47222222222222221 0.52777777777777779 0.25
0.47222222222222221 0.52777777777777779 0.30555555555555558
0.47222222222222221 0.52777777777777779 0.3611111111111111
0.47222222222222221 0.52777777777777779 0.41666666666666669
0.47222222222222221 0.52777777777777779 0.47222222222222221
0.47222222222222221 0.52777777777777779 0.52777777777777779
0.47222222222222221 0.52777777777777779 0.58333333333333337
0.47222222222222221 0.52777777777777779 0.63888888888888884
0.47222222222222221 0.58333333333333337 0.083333333333333329
0.47222222222222221 0.58333333333333337 0.1388888888888889
0.47222222222222221 0.58333333333333337 0.19444444444444445
0.47222222222222221 0.58333333333333337 0.25
0.47222222222222221 0.58333333333333337 0.30555555555555558
0.47222222222222221 0.58333333333333337 0.3611111111111111
0.47222222222222221 0.58333333333333337 0.41666666666666669
0.47222222222222221 0.58333333333333337 0.47222222222222221
0.47222222222222221 0.58333333333333337 0.52777777777777779
0.47222222222222221 0.58333333333333337 0.58333333333333337
0.47222222222222221 0.63888888888888884 0.083333333333333329
0.47222222222222221 0.63888888888888884 0.1388888888888889
0.47222222222222221 0.63888888888888884 0.19444444444444445
0.47222222222222221 0.63888888888888884 0.25
0.47222222222222221 0.63888888888888884 0.30555555555555558
0.47222222222222221 0.63888888888888884 0.3611111111111111
0.47222222222222221 0.63888888888888884 0.41666666666666669
0.47222222222222221 0.63888888888888884 0.47222222222222221
0.47222222222222221 0.63888888888888884 0.52777777777777779
0.47222222222222221 0.69444444444444442 0.1388888888888889
0.47222222222222221 0.69444444444444442 0.19444444444444445
0.47222222222222221 0.69444444444444442 0.25
0.47222222222222221 0.69444444444444442 0.30555555555555558
0.47222222222222221 0.69444444444444442 0.3611111111111111
0.47222222222222221 0.69444444444444442 0.41666666666666669
0.47222222222222221 0.69444444444444442 0.47222222222222221
0.47222222222222221 0.75 0.30555555555555558
0.47222222222222221 0.75 0.3611111111111111
0.52777777777777779 0.19444444444444445 0.19444444444444445
0.52777777777777779 0.19444444444444445 0.25
0.52777777777777779 0.19444444444444445 0.30555555555555558
0.52777777777777779 0.19444444444444445 0.3611111111111111
0.52777777777777779 0.19444444444444445 0.41666666666666669
0.52777777777777779 0.25 0.1388888888888889
0.52777777777777779 0.25 0.19444444444444445
0.52777777777777779 0.25 0.25
0.52777777777777779 0.25 0.30555555555555558
0.52777777777777779 0.25 0.3611111111111111
0.52777777777777779 0.25 0.41666666666666669
0.52777777777777779 0.25 0.47222222222222221
0.52777777777777779 0.25 0.52777777777777779
0.52777777777777779 0.30555555555555558 0.083333333333333329
0.52777777777777779 0.30555555555555558 0.1388888888888889
0.52777777777777779 0.30555555555555558 0.19444444444444445
0.52777777777777779 0.30555555555555558 0.25
0.52777777777777779 0.30555555555555558 0.30555555555555558
0.52777777777777779 0.30555555555555558 0.3611111111111111
0.52777777777777779 0.30555555555555558 0.41666666666666669
0.52777777777777779 0.30555555555555558 0.47222222222222221
0.52777777777777779 0.30555555555555558 0.52777777777777779
0.52777777777777779 0.30555555555555558 0.58333333333333337
0.52777777777777779 0.3611111111111111 0.083333333333333329
0.52777777777777779 0.3611111111111111 0.1388888888888889
0.52777777777777779 0.3611111111111111 0.19444444444444445
0.52777777777777779 0.3611111111111111 0.25
0.52777777777777779 0.3611111111111111 0.30555555555555558
0.52777777777777779 0.3611111111111111 0.3611111111111111
0.52777777777777779 0.3611111111111111 0.41666666666666669
0.52777777777777779 0.3611111111111111 0.47222222222222221
0.52777777777777779 0.3611111111111111 0.52777777777777779
0.52777777777777779 0.3611111111111111 0.58333333333333337
0.52777777777777779 0.3611111111111111 0.63888888888888884
0.52777777777777779 0.41666666666666669 0.083333333333333329
0.52777777777777779 0.41666666666666669 0.1388888888888889
0.52777777777777779 0.41666666666666669 0.19444444444444445
0.52777777777777779 0.41666666666666669 0.25
0.52777777777777779 0.41666666666666669 0.30555555555555558
0.52777777777777779 0.41666666666666669 0.3611111111111111
0.52777777777777779 0.41666666666666669 0.41666666666666669
0.52777777777777779 0.41666666666666669 0.47222222222222221
0.52777777777777779 0.41666666666666669 0.52777777777777779
0.52777777777777779 0.41666666666666669 0.58333333333333337
0.52777777777777779 0.41666666666666669 0.63888888888888884
0.52777777777777779 0.47222222222222221 0.083333333333333329
0.52777777777777779 0.47222222222222221 0.1388888888888889
0.52777777777777779 0.47222222222222221 0.19444444444444445
0.52777777777777779 0.47222222222222221 0.25
0.52777777777777779 0.47222222222222221 0.30555555555555558
0.52777777777777779 0.47222222222222221 0.3611111111111111
0.52777777777777779 0.47222222222222221 0.41666666666666669
0.52777777777777779 0.47222222222222221 0.47222222222222221
0.52777777777777779 0.47222222222222221 0.52777777777777779
0.52777777777777779 0.47222222222222221 0.58333333333333337
0.52777777777777779 0.47222222222222221 0.63888888888888884
0.52777777777777779 0.52777777777777779 0.083333333333333329
0.52777777777777779 0.52777777777777779 0.1388888888888889
0.52777777777777779 0.52777777777777779 0.19444444444444445
0.52777777777777779 0.52777777777777779 0.25
0.52777777777777779 0.52777777777777779 0.30555555555555558
0.52777777777777779 0.52777777777777779 0.3611111111111111
0.52777777777777779 0.52777777777777779 0.41666666666666669
0.52777777777777779 0.52777777777777779 0.47222222222222221
0.52777777777777779 0.52777777777777779 0.52777777777777779
0.52777777777777779 0.52777777777777779 0.58333333333333337
0.52777777777777779 0.52777777777777779 0.63888888888888884
0.52777777777777779 0.58333333333333337 0.083333333333333329
0.52777777777777779 0.58333333333333337 0.1388888888888889
0.52777777777777779 0.58333333333333337 0.19444444444444445
0.52777777777777779 0.58333333333333337 0.25
0.52777777777777779 0.58333333333333337 0.30555555555555558
0.52777777777777779 0.58333333333333337 0.3611111111111111
0.52777777777777779 0.58333333333333337 0.41666666666666669
0.52777777777777779 0.58333333333333337 0.47222222222222221
0.52777777777777779 0.58333333333333337 0.52777777777777779
0.52777777777777779 0.58333333333333337 0.58333333333333337
0.52777777777777779 0.63888888888888884 0.083333333333333329
0.52777777777777779 0.63888888888888884 0.1388888888888889
0.52777777777777779 0.63888888888888884 0.19444444444444445
0.52777777777777779 0.63888888888888884 0.25
0.52777777777777779 0.63888888888888884 0.30555555555555558
0.52777777777777779 0.63888888888888884 0.3611111111111111
0.52777777777777779 0.63888888888888884 0.41666666666666669
0.52777777777777779 0.63888888888888884 0.47222222222222221
0.52777777777777779 0.63888888888888884 0.52777777777777779
0.52777777777777779 0.69444444444444442 0.1388888888888889
0.52777777777777779 0.69444444444444442 0.19444444444444445
0.52777777777777779 0.69444444444444442 0.25
0.52777777777777779 0.69444444444444442 0.30555555555555558
0.52777777777777779 0.69444444444444442 0.3611111111111111
0.52777777777777779 0.69444444444444442 0.41666666666666669
0.52777777777777779 0.69444444444444442 0.47222222222222221
0.52777777777777779 0.75 0.25
0.52777777777777779 0.75 0.30555555555555558
0.52777777777777779 0.75 0.3611111111111111
0.58333333333333337 0.19444444444444445 0.19444444444444445
0.58333333333333337 0.19444444444444445 0.25
0.58333333333333337 0.19444444444444445 0.30555555555555558
0.58333333333333337 0.19444444444444445 0.3611111111111111
0.58333333333333337 0.19444444444444445 0.41666666666666669
0.58333333333333337 0.25 0.083333333333333329
0.58333333333333337 0.25 0.1388888888888889
0.58333333333333337 0.25 0.19444444444444445
0.58333333333333337 0.25 0.25
0.58333333333333337 0.25 0.30555555555555558
0.58333333333333337 0.25 0.3611111111111111
0.58333333333333337 0.25 0.41666666666666669
0.58333333333333337 0.25 0.47222222222222221
0.58333333333333337 0.25 0.52777777777777779
0.58333333333333337 0.30555555555555558 0.083333333333333329
0.58333333333333337 0.30555555555555558 0.1388888888888889
0.58333333333333337 0.30555555555555558 0.19444444444444445
0.58333333333333337 0.30555555555555558 0.25
0.58333333333333337 0.30555555555555558 0.30555555555555558
0.58333333333333337 0.30555555555555558 0.3611111111111111
0.58333333333333337 0.30555555555555558 0.41666666666666669
0.58333333333333337 0.30555555555555558 0.47222222222222221
0.58333333333333337 0.30555555555555558 0.52777777777777779
0.58333333333333337 0.30555555555555558 0.58333333333333337
0.58333333333333337 0.3611111111111111 0.083333333333333329
0.58333333333333337 0.3611111111111111 0.1388888888888889
0.58333333333333337 0.3611111111111111 0.19444444444444445
0.58333333333333337 0.3611111111111111 0.25
0.58333333333333337 0.3611111111111111 0.30555555555555558
0.58333333333333337 0.3611111111111111 0.3611111111111111
0.58333333333333337 0.3611111111111111 0.41666666666666669
0.58333333333333337 0.3611111111111111 0.47222222222222221
0.58333333333333337 0.3611111111111111 0.52777777777777779
0.58333333333333337 0.3611111111111111 0.58333333333333337
0.58333333333333337 0.3611111111111111 0.63888888888888884
0.58333333333333337 0.41666666666666669 0.083333333333333329
0.58333333333333337 0.41666666666666669 0.1388888888888889
0.58333333333333337 0.41666666666666669 0.19444444444444445
0.58333333333333337 0.41666666666666669 0.25
0.58333333333333337 0.41666666666666669 0.30555555555555558
0.58333333333333337 0.41666666666666669 0.3611111111111111
0.58333333333333337 0.41666666666666669 0.41666666666666669
0.58333333333333337 0.41666666666666669 0.47222222222222221
0.58333333333333337 0.41666666666666669 0.52777777777777779
0.58333333333333337 0.41666666666666669 0.58333333333333337
0.58333333333333337 0.41666666666666669 0.63888888888888884
0.58333333333333337 0.47222222222222221 0.083333333333333329
0.58333333333333337 0.47222222222222221 0.1388888888888889
0.58333333333333337 0.47222222222222221 0.19444444444444445
0.58333333333333337 0.47222222222222221 0.25
0.58333333333333337 0.47222222222222221 0.30555555555555558
0.58333333333333337 0.47222222222222221 0.3611111111111111
0.58333333333333337 0.47222222222222221 0.41666666666666669
0.58333333333333337 0.47222222222222221 0.47222222222222221
0.58333333333333337 0.47222222222222221 0.52777777777777779
0.58333333333333337 0.47222222222222221 0.58333333333333337
0.58333333333333337 0.47222222222222221 0.63888888888888884
0.58333333333333337 0.52777777777777779 0.083333333333333329
0.58333333333333337 0.52777777777777779 0.1388888888888889
0.58333333333333337 0.52777777777777779 0.19444444444444445
0.58333333333333337 0.52777777777777779 0.25
0.58333333333333337 0.52777777777777779 0.30555555555555558
0.58333333333333337 0.52777777777777779 0.3611111111111111
0.58333333333333337 0.52777777777777779 0.41666666666666669
0.58333333333333337 0.52777777777777779 0.47222222222222221
0.58333333333333337 0.52777777777777779 0.52777777777777779
0.58333333333333337 0.52777777777777779 0.58333333333333337
0.58333333333333337 0.52777777777777779 0.63888888888888884
0.58333333333333337 0.58333333333333337 0.083333333333333329
0.58333333333333337 0.58333333333333337 0.1388888888888889
0.58333333333333337 0.58333333333333337 0.19444444444444445
0.58333333333333337 0.58333333333333337 0.25
0.58333333333333337 0.58333333333333337 0.30555555555555558
0.58333333333333337 0.58333333333333337 0.3611111111111111
0.58333333333333337 0.58333333333333337 0.41666666666666669
0.58333333333333337 0.58333333333333337 0.47222222222222221
0.58333333333333337 0.58333333333333337 0.52777777777777779
0.58333333333333337 0.58333333333333337 0.58333333333333337
0.58333333333333337 0.63888888888888884 0.083333333333333329
0.58333333333333337 0.63888888888888884 0.1388888888888889
0.58333333333333337 0.63888888888888884 0.19444444444444445
0.58333333333333337 0.63888888888888884 0.25
0.58333333333333337 0.63888888888888884 0.30555555555555558
0.58333333333333337 0.63888888888888884 0.3611111111111111
0.58333333333333337 0.63888888888888884 0.41666666666666669
0.58333333333333337 0.63888888888888884 0.47222222222222221
0.58333333333333337 0.63888888888888884 0.52777777777777779
0.58333333333333337 0.63888888888888884 0.58333333333333337
0.58333333333333337 0.69444444444444442 0.1388888888888889
0.58333333333333337 0.69444444444444442 0.19444444444444445
0.58333333333333337 0.69444444444444442 0.25
0.58333333333333337 0.69444444444444442 0.30555555555555558
0.58333333333333337 0.69444444444444442 0.3611111111111111
0.58333333333333337 0.69444444444444442 0.41666666666666669
0.58333333333333337 0.69444444444444442 0.47222222222222221
0.58333333333333337 0.75 0.30555555555555558
0.58333333333333337 0.75 0.3611111111111111
0.58333333333333337 0.75 0.41666666666666669
0.63888888888888884 0.19444444444444445 0.25
0.63888888888888884 0.19444444444444445 0.30555555555555558
0.63888888888888884 0.19444444444444445 0.3611111111111111
0.63888888888888884 0.19444444444444445 0.41666666666666669
0.63888888888888884 0.25 0.083333333333333329
0.63888888888888884 0.25 0.1388888888888889
0.63888888888888884 0.25 0.19444444444444445
0.63888888888888884 0.25 0.25
0.63888888888888884 0.25 0.30555555555555558
0.63888888888888884 0.25 0.3611111111111111
0.63888888888888884 0.25 0.41666666666666669
0.63888888888888884 0.25 0.47222222222222221
0.63888888888888884 0.25 0.52777777777777779
0.63888888888888884 0.30555555555555558 0.083333333333333329
0.63888888888888884 0.30555555555555558 0.1388888888888889
0.63888888888888884 0.30555555555555558 0.19444444444444445
0.63888888888888884 0.30555555555555558 0.25
0.63888888888888884 0.30555555555555558 0.30555555555555558
0.63888888888888884 0.30555555555555558 0.3611111111111111
0.63888888888888884 0.30555555555555558 0.41666666666666669
0.63888888888888884 0.30555555555555558 0.47222222222222221
0.63888888888888884 0.30555555555555558 0.52777777777777779
0.63888888888888884 0.30555555555555558 0.58333333333333337
0.63888888888888884 0.3611111111111111 0.083333333333333329
0.63888888888888884 0.3611111111111111 0.1388888888888889
0.63888888888888884 0.3611111111111111 0.19444444444444445
0.63888888888888884 0.3611111111111111 0.25
0.63888888888888884 0.3611111111111111 0.30555555555555558
0.63888888888888884 0.3611111111111111 0.3611111111111111
0.63888888888888884 0.3611111111111111 0.41666666666666669
0.63888888888888884 0.3611111111111111 0.47222222222222221
0.63888888888888884 0.3611111111111111 0.52777777777777779
0.63888888888888884 0.3611111111111111 0.58333333333333337
0.63888888888888884 0.3611111111111111 0.63888888888888884
0.63888888888888884 0.41666666666666669 0.083333333333333329
0.63888888888888884 0.41666666666666669 0.1388888888888889
0.63888888888888884 0.41666666666666669 0.19444444444444445
0.63888888888888884 0.41666666666666669 0.25
0.63888888888888884 0.41666666666666669 0.30555555555555558
0.63888888888888884 0.41666666666666669 0.3611111111111111
0.63888888888888884 0.41666666666666669 0.41666666666666669
0.63888888888888884 0.41666666666666669 0.47222222222222221
0.63888888888888884 0.41666666666666669 0.52777777777777779
0.63888888888888884 0.41666666666666669 0.58333333333333337
0.63888888888888884 0.41666666666666669 0.63888888888888884
0.63888888888888884 0.47222222222222221 0.083333333333333329
0.63888888888888884 0.47222222222222221 0.1388888888888889
0.63888888888888884 0.47222222222222221 0.19444444444444445
0.63888888888888884 0.47222222222222221 0.25
0.63888888888888884 0.47222222222222221 0.30555555555555558
0.63888888888888884 0.47222222222222221 0.3611111111111111
0.63888888888888884 0.47222222222222221 0.41666666666666669
0.63888888888888884 0.47222222222222221 0.47222222222222221
0.63888888888888884 0.47222222222222221 0.52777777777777779
0.63888888888888884 0.47222222222222221 0.58333333333333337
0.63888888888888884 0.47222222222222221 0.63888888888888884
0.63888888888888884 0.52777777777777779 0.083333333333333329
0.63888888888888884 0.52777777777777779 0.1388888888888889
0.63888888888888884 0.52777777777777779 0.19444444444444445
0.63888888888888884 0.52777777777777779 0.25
0.63888888888888884 0.52777777777777779 0.30555555555555558
0.63888888888888884 0.52777777777777779 0.3611111111111111
0.63888888888888884 0.52777777777777779 0.41666666666666669
0.63888888888888884 0.52777777777777779 0.47222222222222221
0.63888888888888884 0.52777777777777779 0.52777777777777779
0.63888888888888884 0.52777777777777779 0.58333333333333337
0.63888888888888884 0.52777777777777779 0.63888888888888884
0.63888888888888884 0.58333333333333337 0.083333333333333329
0.63888888888888884 0.58333333333333337 0.1388888888888889
0.63888888888888884 0.58333333333333337 0.19444444444444445
0.63888888888888884 0.58333333333333337 0.25
0.63888888888888884 0.58333333333333337 0.30555555555555558
0.63888888888888884 0.58333333333333337 0.3611111111111111
0.63888888888888884 0.58333333333333337 0.41666666666666669
0.63888888888888884 0.58333333333333337 0.47222222222222221
0.63888888888888884 0.58333333333333337 0.52777777777777779
0.63888888888888884 0.58333333333333337 0.58333333333333337
0.63888888888888884 0.58333333333333337 0.63888888888888884
0.63888888888888884 0.63888888888888884 0.083333333333333329
0.63888888888888884 0.63888888888888884 0.1388888888888889
0.63888888888888884 0.63888888888888884 0.19444444444444445
0.63888888888888884 0.63888888888888884 0.25
0.63888888888888884 0.63888888888888884 0.30555555555555558
0.63888888888888884 0.63888888888888884 0.3611111111111111
0.63888888888888884 0.63888888888888884 0.41666666666666669
0.63888888888888884 0.63888888888888884 0.47222222222222221
0.63888888888888884 0.63888888888888884 0.52777777777777779
0.63888888888888884 0.69444444444444442 0.1388888888888889
0.63888888888888884 0.69444444444444442 0.19444444444444445
0.63888888888888884 0.69444444444444442 0.25
0.63888888888888884 0.69444444444444442 0.30555555555555558
0.63888888888888884 0.69444444444444442 0.3611111111111111
0.63888888888888884 0.69444444444444442 0.41666666666666669
0.63888888888888884 0.69444444444444442 0.47222222222222221
0.69444444444444442 0.19444444444444445 0.30555555555555558
0.69444444444444442 0.19444444444444445 0.3611111111111111
0.69444444444444442 0.19444444444444445 0.41666666666666669
0.69444444444444442 0.25 0.1388888888888889
0.69444444444444442 0.25 0.19444444444444445
0.69444444444444442 0.25 0.25
0.69444444444444442 0.25 0.30555555555555558
0.69444444444444442 0.25 0.3611111111111111
0.69444444444444442 0.25 0.41666666666666669
0.69444444444444442 0.25 0.47222222222222221
0.69444444444444442 0.30555555555555558 0.083333333333333329
0.69444444444444442 0.30555555555555558 0.1388888888888889
0.69444444444444442 0.30555555555555558 0.19444444444444445
0.69444444444444442 0.30555555555555558 0.25
0.69444444444444442 0.30555555555555558 0.30555555555555558
0.69444444444444442 0.30555555555555558 0.3611111111111111
0.69444444444444442 0.30555555555555558 0.41666666666666669
0.69444444444444442 0.30555555555555558 0.47222222222222221
0.69444444444444442 0.30555555555555558 0.52777777777777779
0.69444444444444442 0.30555555555555558 0.58333333333333337
0.69444444444444442 0.3611111111111111 0.083333333333333329
0.69444444444444442 0.3611111111111111 0.1388888888888889
0.69444444444444442 0.3611111111111111 0.19444444444444445
0.69444444444444442 0.3611111111111111 0.25
0.69444444444444442 0.3611111111111111 0.30555555555555558
0.69444444444444442 0.3611111111111111 0.3611111111111111
0.69444444444444442 0.3611111111111111 0.41666666666666669
0.69444444444444442 0.3611111111111111 0.47222222222222221
0.69444444444444442 0.3611111111111111 0.52777777777777779
0.69444444444444442 0.3611111111111111 0.58333333333333337
0.69444444444444442 0.3611111111111111 0.63888888888888884
0.69444444444444442 0.41666666666666669 0.083333333333333329
0.69444444444444442 0.41666666666666669 0.1388888888888889
0.69444444444444442 0.41666666666666669 0.19444444444444445
0.69444444444444442 0.41666666666666669 0.25
0.69444444444444442 0.41666666666666669 0.30555555555555558
0.69444444444444442 0.41666666666666669 0.3611111111111111
0.69444444444444442 0.41666666666666669 0.41666666666666669
0.69444444444444442 0.41666666666666669 0.47222222222222221
0.69444444444444442 0.41666666666666669 0.52777777777777779
0.69444444444444442 0.41666666666666669 0.58333333333333337
0.69444444444444442 0.41666666666666669 0.63888888888888884
0.69444444444444442 0.47222222222222221 0.083333333333333329
0.69444444444444442 0.47222222222222221 0.1388888888888889
0.69444444444444442 0.47222222222222221 0.19444444444444445
0.69444444444444442 0.47222222222222221 0.25
0.69444444444444442 0.47222222222222221 0.30555555555555558
0.69444444444444442 0.47222222222222221 0.3611111111111111
0.69444444444444442 0.47222222222222221 0.41666666666666669
0.69444444444444442 0.47222222222222221 0.47222222222222221
0.69444444444444442 0.47222222222222221 0.52777777777777779
0.69444444444444442 0.47222222222222221 0.58333333333333337
0.69444444444444442 0.47222222222222221 0.63888888888888884
0.69444444444444442 0.52777777777777779 0.083333333333333329
0.69444444444444442 0.52777777777777779 0.1388888888888889
0.69444444444444442 0.52777777777777779 0.19444444444444445
0.69444444444444442 0.52777777777777779 0.25
0.69444444444444442 0.52777777777777779 0.30555555555555558
0.69444444444444442 0.52777777777777779 0.3611111111111111
0.69444444444444442 0.52777777777777779 0.41666666666666669
0.69444444444444442 0.52777777777777779 0.47222222222222221
0.69444444444444442 0.52777777777777779 0.52777777777777779
0.69444444444444442 0.52777777777777779 0.58333333333333337
0.69444444444444442 0.52777777777777779 0.63888888888888884
0.69444444444444442 0.58333333333333337 0.083333333333333329
0.69444444444444442 0.58333333333333337 0.1388888888888889
0.69444444444444442 0.58333333333333337 0.19444444444444445
0.69444444444444442 0.58333333333333337 0.25
0.69444444444444442 0.58333333333333337 0.30555555555555558
0.69444444444444442 0.58333333333333337 0.3611111111111111
0.69444444444444442 0.58333333333333337 0.41666666666666669
0.69444444444444442 0.58333333333333337 0.47222222222222221
0.69444444444444442 0.58333333333333337 0.52777777777777779
0.69444444444444442 0.58333333333333337 0.58333333333333337
0.69444444444444442 0.63888888888888884 0.083333333333333329
0.69444444444444442 0.63888888888888884 0.1388888888888889
0.69444444444444442 0.63888888888888884 0.19444444444444445
0.69444444444444442 0.63888888888888884 0.25
0.69444444444444442 0.63888888888888884 0.30555555555555558
0.69444444444444442 0.63888888888888884 0.3611111111111111
0.69444444444444442 0.63888888888888884 0.41666666666666669
0.69444444444444442 0.63888888888888884 0.47222222222222221
0.69444444444444442 0.63888888888888884 0.52777777777777779
0.69444444444444442 0.69444444444444442 0.19444444444444445
0.69444444444444442 0.69444444444444442 0.25
0.69444444444444442 0.69444444444444442 0.30555555555555558
0.69444444444444442 0.69444444444444442 0.3611111111111111
0.69444444444444442 0.69444444444444442 0.41666666666666669
0.75 0.25 0.19444444444444445
0.75 0.25 0.25
0.75 0.25 0.30555555555555558
0.75 0.25 0.3611111111111111
0.75 0.25 0.41666666666666669
0.75 0.25 0.47222222222222221
0.75 0.30555555555555558 0.1388888888888889
0.75 0.30555555555555558 0.19444444444444445
0.75 0.30555555555555558 0.25
0.75 0.30555555555555558 0.30555555555555558
0.75 0.30555555555555558 0.3611111111111111
0.75 0.30555555555555558 0.41666666666666669
0.75 0.30555555555555558 0.47222222222222221
0.75 0.30555555555555558 0.52777777777777779
0.75 0.3611111111111111 0.083333333333333329
0.75 0.3611111111111111 0.1388888888888889
0.75 0.3611111111111111 0.19444444444444445
0.75 0.3611111111111111 0.25
0.75 0.3611111111111111 0.30555555555555558
0.75 0.3611111111111111 0.3611111111111111
0.75 0.3611111111111111 0.41666666666666669
0.75 0.3611111111111111 0.47222222222222221
0.75 0.3611111111111111 0.52777777777777779
0.75 0.3611111111111111 0.58333333333333337
0.75 0.41666666666666669 0.083333333333333329
0.75 0.41666666666666669 0.1388888888888889
0.75 0.41666666666666669 0.19444444444444445
0.75 0.41666666666666669 0.25
0.75 0.41666666666666669 0.30555555555555558
0.75 0.41666666666666669 0.3611111111111111
0.75 0.41666666666666669 0.41666666666666669
0.75 0.41666666666666669 0.47222222222222221
0.75 0.41666666666666669 0.52777777777777779
0.75 0.41666666666666669 0.58333333333333337
0.75 0.47222222222222221 0.083333333333333329
0.75 0.47222222222222221 0.1388888888888889
0.75 0.47222222222222221 0.19444444444444445
0.75 0.47222222222222221 0.25
0.75 0.47222222222222221 0.30555555555555558
0.75 0.47222222222222221 0.3611111111111111
0.75 0.47222222222222221 0.41666666666666669
0.75 0.47222222222222221 0.47222222222222221
0.75 0.47222222222222221 0.52777777777777779
0.75 0.47222222222222221 0.58333333333333337
0.75 0.52777777777777779 0.083333333333333329
0.75 0.52777777777777779 0.1388888888888889
0.75 0.52777777777777779 0.19444444444444445
0.75 0.52777777777777779 0.25
0.75 0.52777777777777779 0.30555555555555558
0.75 0.52777777777777779 0.3611111111111111
0.75 0.52777777777777779 0.41666666666666669
0.75 0.52777777777777779 0.47222222222222221
0.75 0.52777777777777779 0.52777777777777779
0.75 0.52777777777777779 0.58333333333333337
0.75 0.58333333333333337 0.1388888888888889
0.75 0.58333333333333337 0.19444444444444445
0.75 0.58333333333333337 0.25
0.75 0.58333333333333337 0.30555555555555558
0.75 0.58333333333333337 0.3611111111111111
0.75 0.58333333333333337 0.41666666666666669
0.75 0.58333333333333337 0.47222222222222221
0.75 0.58333333333333337 0.52777777777777779
0.75 0.63888888888888884 0.19444444444444445
0.75 0.63888888888888884 0.25
0.75 0.63888888888888884 0.30555555555555558
0.75 0.63888888888888884 0.3611111111111111
0.75 0.63888888888888884 0.41666666666666669
0.75 0.63888888888888884 0.47222222222222221
0.80555555555555558 0.30555555555555558 0.19444444444444445
0.80555555555555558 0.30555555555555558 0.25
0.80555555555555558 0.30555555555555558 0.30555555555555558
0.80555555555555558 0.30555555555555558 0.3611111111111111
0.80555555555555558 0.30555555555555558 0.41666666666666669
0.80555555555555558 0.30555555555555558 0.47222222222222221
0.80555555555555558 0.3611111111111111 0.1388888888888889
0.80555555555555558 0.3611111111111111 0.19444444444444445
0.80555555555555558 0.3611111111111111 0.25
0.80555555555555558 0.3611111111111111 0.30555555555555558
0.80555555555555558 0.3611111111111111 0.3611111111111111
0.80555555555555558 0.3611111111111111 0.41666666666666669
0.80555555555555558 0.3611111111111111 0.47222222222222221
0.80555555555555558 0.3611111111111111 0.52777777777777779
0.80555555555555558 0.41666666666666669 0.083333333333333329
0.80555555555555558 0.41666666666666669 0.1388888888888889
0.80555555555555558 0.41666666666666669 0.19444444444444445
0.80555555555555558 0.41666666666666669 0.25
0.80555555555555558 0.41666666666666669 0.30555555555555558
0.80555555555555558 0.41666666666666669 0.3611111111111111
0.80555555555555558 0.41666666666666669 0.41666666666666669
0.80555555555555558 0.41666666666666669 0.47222222222222221
0.80555555555555558 0.41666666666666669 0.52777777777777779
0.80555555555555558 0.47222222222222221 0.083333333333333329
0.80555555555555558 0.47222222222222221 0.1388888888888889
0.80555555555555558 0.47222222222222221 0.19444444444444445
0.80555555555555558 0.47222222222222221 0.25
0.80555555555555558 0.47222222222222221 0.30555555555555558
0.80555555555555558 0.47222222222222221 0.3611111111111111
0.80555555555555558 0.47222222222222221 0.41666666666666669
0.80555555555555558 0.47222222222222221 0.47222222222222221
0.80555555555555558 0.47222222222222221 0.52777777777777779
0.80555555555555558 0.47222222222222221 0.58333333333333337
0.80555555555555558 0.52777777777777779 0.1388888888888889
0.80555555555555558 0.52777777777777779 0.19444444444444445
0.80555555555555558 0.52777777777777779 0.25
0.80555555555555558 0.52777777777777779 0.30555555555555558
0.80555555555555558 0.52777777777777779 0.3611111111111111
0.80555555555555558 0.52777777777777779 0.41666666666666669
0.80555555555555558 0.52777777777777779 0.47222222222222221
0.80555555555555558 0.52777777777777779 0.52777777777777779
0.80555555555555558 0.58333333333333337 0.19444444444444445
0.80555555555555558 0.58333333333333337 0.25
0.80555555555555558 0.58333333333333337 0.30555555555555558
0.80555555555555558 0.58333333333333337 0.3611111111111111
0.80555555555555558 0.58333333333333337 0.41666666666666669
0.80555555555555558 0.58333333333333337 0.47222222222222221
0.80555555555555558 0.63888888888888884 0.30555555555555558
0.80555555555555558 0.63888888888888884 0.3611111111111111
0.86111111111111116 0.30555555555555558 0.19444444444444445
0.86111111111111116 0.30555555555555558 0.25
0.86111111111111116 0.3611111111111111 0.1388888888888889
0.86111111111111116 0.3611111111111111 0.19444444444444445
0.86111111111111116 0.3611111111111111 0.25
0.86111111111111116 0.3611111111111111 0.30555555555555558
0.86111111111111116 0.3611111111111111 0.3611111111111111
0.86111111111111116 0.3611111111111111 0.41666666666666669
0.86111111111111116 0.41666666666666669 0.1388888888888889
0.86111111111111116 0.41666666666666669 0.19444444444444445
0.86111111111111116 0.41666666666666669 0.25
0.86111111111111116 0.41666666666666669 0.30555555555555558
0.86111111111111116 0.41666666666666669 0.3611111111111111
0.86111111111111116 0.41666666666666669 0.41666666666666669
0.86111111111111116 0.41666666666666669 0.47222222222222221
0.86111111111111116 0.47222222222222221 0.1388888888888889
0.86111111111111116 0.47222222222222221 0.19444444444444445
0.86111111111111116 0.47222222222222221 0.25
0.86111111111111116 0.47222222222222221 0.30555555555555558
0.86111111111111116 0.47222222222222221 0.3611111111111111
0.86111111111111116 0.47222222222222221 0.41666666666666669
0.86111111111111116 0.47222222222222221 0.47222222222222221
0.86111111111111116 0.52777777777777779 0.1388888888888889
0.86111111111111116 0.52777777777777779 0.19444444444444445
0.86111111111111116 0.52777777777777779 0.25
0.86111111111111116 0.52777777777777779 0.30555555555555558
0.86111111111111116 0.52777777777777779 0.3611111111111111
0.86111111111111116 0.52777777777777779 0.41666666666666669
0.86111111111111116 0.58333333333333337 0.25
0.86111111111111116 0.58333333333333337 0.30555555555555558
0.86111111111111116 0.58333333333333337 0.3611111111111111
0.91666666666666663 0.3611111111111111 0.25
0.91666666666666663 0.41666666666666669 0.19444444444444445
0.91666666666666663 0.41666666666666669 0.25
0.91666666666666663 0.41666666666666669 0.30555555555555558
0.91666666666666663 0.47222222222222221 0.19444444444444445
0.91666666666666663 0.47222222222222221 0.25
0.91666666666666663 0.47222222222222221 0.30555555555555558
0.91666666666666663 0.52777777777777779 0.19444444444444445
1262 1270 161 81
1269 1270 161 81
1269 1261 161 81
1269 90 1270 81
1269 171 1270 161
160 1269 1261 161
90 1196 1270 81
1269 171 90 1270
1269 90 1195 81
171 1358 1270 161
1269 171 1357 161
160 1269 1357 161
90 1195 1196 81
91 90 1196 1270
1280 171 90 1270
1269 171 90 1279
89 1269 90 1195
171 172 1358 1270
171 1357 1358 161
162 1358 1270 161
1269 170 171 1357
160 1357 1350 161
160 1269 170 1357
90 1195 1196 33
91 1196 82 1270
1205 91 90 1196
1280 91 90 1270
1280 171 172 1270
1280 171 90 1279
1269 170 171 1279
89 1269 90 1279
89 1204 90 1195
89 1269 1195 80
162 172 1358 1270
1370 171 172 1358
1357 1358 248 161
171 1357 1358 258
162 1358 1351 161
1369 170 171 1357
1357 248 1350 161
160 247 1357 1350
160 1269 170 1268
1356 160 170 1357
1204 90 1195 33
1205 90 1196 33
91 1271 82 1270
1280 1205 91 90
34 1205 91 1196
1280 91 172 1270
1370 1280 171 172
1280 100 90 1279
1280 171 183 1279
1369 170 171 1279
89 1269 170 1279
89 1204 90 1279
89 1204 1195 32
89 1269 1268 80
162 172 1271 1270
162 1359 172 1358
1370 171 1358 258
1370 259 172 1358
1358 248 1351 161
1357 1358 248 258
1369 171 1357 258
257 1369 170 1357
247 1357 248 1350
1356 160 247 1357
160 1269 1268 80
1356 160 170 1268
89 1269 170 1268
257 1356 170 1357
1204 1195 33 32
1205 1204 90 33
34 1205 1196 33
91 1197 1271 82
91 172 1271 1270
162 1271 82 1270
1280 1205 100 90
101 1280 1205 91
34 91 1197 1196
1206 34 1205 91
1281 1280 91 172
1370 1280 184 172
1370 1280 171 183
1204 100 90 1279
1280 100 183 1279
1369 171 183 1279
1369 170 1279 182
89 1278 170 1279
89 99 1204 1279
89 1194 1195 32
89 1204 1203 32
89 1268 1194 80
162 1359 172 1271
162 1359 1358 249
259 1359 172 1358
1370 1369 171 258
1370 259 1358 258
1370 1371 259 172
1358 248 249 1351
1357 248 1443 258
1444 1358 248 258
257 1369 1357 258
1368 257 1369 170
247 248 1350 1435
247 1357 248 1443
1356 160 247 1349
257 1356 247 1357
1356 160 1268 159
169 1356 170 1268
89 1278 170 1268
1368 257 1356 170
1204 1158 33 32
1205 1204 42 33
1205 1204 100 90
34 1159 1205 33
1197 1271 82 83
91 1197 92 1271
1281 91 172 1271
101 1280 1205 100
1206 101 1205 91
1281 101 1280 91
1206 34 91 1197
1206 34 1205 43
1281 1280 184 172
1370 1280 184 183
1370 1371 184 172
1370 1369 171 183
99 1204 100 1279
1290 100 183 1279
1280 100 1291 183
1369 183 1279 182
1278 170 1279 182
1368 1369 170 182
89 99 1278 1279
89 99 1204 1203
89 1203 1194 32
1204 1203 41 32
89 1268 1194 88
1359 172 173 1271
259 1359 1358 249
1371 259 1359 172
1370 272 1369 258
259 1444 1358 258
1370 259 1454 258
1370 1371 273 259
1444 1358 248 249
1444 248 1443 258
257 1357 1443 258
257 1369 1453 258
1368 257 271 1369
247 248 1443 1435
257 247 1357 1443
1356 247 246 1349
257 1356 247 1442
169 1356 1268 159
169 1278 170 1268
1368 169 1356 170
89 1278 1268 88
1368 257 1356 256
1204 1158 41 32
1204 42 1158 33
1205 1204 100 42
1159 1205 42 33
34 1159 1205 43
1197 82 1190 83
1197 92 1271 83
1206 91 1197 92
1281 91 92 1271
1281 172 173 1271
101 1205 1215 100
101 1280 100 1291
1206 101 1205 43
1281 1206 101 91
1281 101 1280 184
1206 34 1197 35
1206 34 1160 43
1371 1281 184 172
1280 184 1291 183
1370 1384 184 183
1370 1371 273 184
1370 272 1369 183
99 1290 100 1279
99 1204 1214 100
1290 183 1279 182
1290 100 1291 183
1369 1383 183 182
99 1278 1279 182
1368 1278 170 182
1368 271 1369 182
89 99 1278 1203
99 1204 1203 41
89 1203 1194 88
1203 1157 41 32
1359 163 173 1271
1371 1359 172 173
259 1444 1358 249
259 1359 1445 249
1371 259 1359 260
272 1369 1453 258
1370 272 1454 258
259 1454 1444 258
1370 273 259 1454
1371 1455 273 259
1444 248 249 1436
337 1444 248 1443
347 1444 1443 258
257 1453 1443 258
257 271 1369 1453
1368 257 271 1452
247 1443 1435 336
337 248 1443 1435
257 247 1442 1443
1356 247 246 1442
257 1356 1442 256
169 1267 1268 159
169 1356 1355 159
169 1278 1268 88
1368 169 1278 170
1368 169 1356 256
89 1278 1203 88
1368 257 1452 256
1204 42 1158 41
1159 42 1158 33
1204 1214 100 42
1205 1215 100 42
1159 1205 42 43
34 1159 1160 43
1197 1190 27 83
92 1271 1272 83
1198 1197 92 83
1206 1197 92 35
1281 1206 91 92
1281 92 173 1271
1371 1281 172 173
101 1205 1215 43
101 1215 100 1291
101 1280 184 1291
1206 101 1216 43
1281 1206 101 102
1292 1281 101 184
1206 34 1160 35
1206 44 1160 43
1371 1281 185 184
1384 184 1291 183
1370 273 1384 184
1370 272 1384 183
1371 273 184 1385
272 1369 1383 183
99 1214 1290 100
99 1290 1279 182
99 1204 1214 41
1290 1383 183 182
1290 100 1291 111
1290 197 1291 183
271 1369 1383 182
1289 99 1278 182
1368 1278 182 181
1368 271 1382 182
99 1278 98 1203
99 1203 1213 41
1203 1157 41 40
31 1203 1157 32
163 173 1271 1272
1359 163 173 1360
1371 1359 260 173
259 1445 1444 249
1359 1445 250 249
259 1359 1445 260
1371 1455 259 260
272 1454 1453 258
272 271 1369 1453
1370 272 273 1454
347 1454 1444 258
259 1454 348 1444
1455 273 259 1454
1371 1455 273 274
1444 338 249 1436
337 1444 248 1436
347 337 1444 1443
347 1453 1443 258
257 346 1453 1443
257 271 1452 1453
1368 271 1452 270
247 1434 1435 336
247 1442 1443 336
337 1443 1435 336
337 248 1435 1436
257 346 1442 1443
247 246 1442 1434
1356 246 1442 256
257 1452 1442 256
169 1267 1355 159
169 1267 1268 88
1356 246 1355 159
169 1356 1355 256
169 1278 1277 88
1368 169 1278 181
1368 169 1367 256
1278 98 1203 88
1368 1452 270 256
1204 1214 42 41
1166 42 1158 41
1215 1214 100 42
1205 1215 42 43
1159 1167 42 43
1191 1190 27 83
1198 1197 27 83
92 173 1271 1272
163 1271 1272 83
1198 92 1272 83
1198 1197 92 35
1206 1207 92 35
1281 1206 102 92
1281 1282 92 173
1371 1281 185 173
101 1215 1216 43
1215 100 1291 111
101 1215 1291 112
1292 101 184 1291
1206 44 1216 43
1206 101 102 1216
1292 1281 101 102
1292 1281 185 184
1206 44 1160 35
1168 44 1160 43
1371 185 184 1385
1384 197 1291 183
1384 184 198 1291
273 1384 184 1385
1370 272 273 1384
272 1384 1383 183
1371 273 274 1385
272 271 1369 1383
1214 1290 100 111
99 1214 1290 110
1289 99 1290 182
99 1214 1213 41
1290 1383 196 182
1290 197 1383 183
1290 197 1291 111
271 1382 1383 182
1289 1278 182 181
1289 99 1278 98
1368 1382 182 181
1368 271 1382 270
99 98 1203 1213
1203 1213 41 40
163 173 1360 1272
1359 260 173 1360
1371 1372 260 173
1445 1444 338 249
259 1445 348 1444
1359 1445 250 260
1455 259 1445 260
1371 1455 274 260
347 1454 1453 258
272 1454 1453 358
272 271 1465 1453
272 273 1466 1454
347 1454 348 1444
1455 259 1454 348
1455 273 359 1454
1455 1467 273 274
337 1444 338 1436
347 1534 337 1444
1533 347 337 1443
347 346 1453 1443
257 346 1452 1453
271 1452 1453 357
271 1452 270 1464
247 1442 1434 336
346 1442 1443 336
1533 337 1443 336
257 346 1452 1442
246 1442 335 1434
1356 246 1355 256
1441 246 1442 256
1452 345 1442 256
169 1267 168 1355
169 1267 1277 88
169 1367 1355 256
1278 98 1277 88
169 1278 1277 181
1368 169 1367 181
1368 1367 270 256
98 1203 1202 88
1452 1451 270 256
1166 1214 42 41
1166 7 42 1158
1215 1214 100 111
51 1215 1214 42
1215 1167 42 43
1198 1191 27 83
24 1191 1190 27
77 1191 1190 83
1198 1197 35 27
1282 92 173 1272
163 1263 1271 83
1264 163 1272 83
1198 84 1272 83
1198 92 1272 93
1207 1198 92 35
1206 44 1207 35
1206 102 1207 92
1281 102 1282 92
1281 185 1282 173
1371 185 1372 173
1215 1216 43 52
101 1215 1216 112
1215 1291 111 112
1292 101 1291 112
1292 184 198 1291
1168 44 1216 43
1206 102 44 1216
1292 101 102 1216
1292 1281 185 102
1292 185 184 1385
44 1160 35 1161
1168 44 1160 8
1371 185 274 1385
1384 197 1383 183
1384 197 198 1291
1384 184 1385 198
273 1384 287 1385
272 273 1384 1466
272 286 1384 1383
1467 273 274 1385
272 271 1465 1383
1214 1290 111 110
99 1214 1213 110
1289 99 1290 110
1289 1290 196 182
1214 1213 41 50
1290 197 1383 196
1382 1383 196 182
1290 197 111 1303
1304 197 1291 111
285 271 1382 1383
1289 1278 98 181
1289 1382 182 181
1289 99 98 1213
1368 1382 270 181
271 1382 270 1464
98 1203 1213 40
1165 1213 41 40
173 1360 1272 174
163 1360 1272 164
1372 260 173 1360
1359 250 260 1360
1371 274 1372 260
1445 348 1444 338
1455 259 1445 348
1445 250 260 1446
1455 1445 349 260
1455 274 1456 260
347 1454 1453 358
272 1465 1453 358
272 1466 1454 358
271 1465 1453 357
273 359 1466 1454
347 1534 348 1444
347 1454 348 1544
1455 359 1454 348
1455 1467 273 359
1455 1467 274 360
1534 337 1444 338
1533 347 1534 337
1533 347 346 1443
1543 347 346 1453
346 1452 1453 357
271 1452 357 1464
1452 270 1464 356
1442 335 1434 336
346 1442 1532 336
1533 346 1443 336
1533 337 1525 336
346 1452 345 1442
1441 246 1442 335
1441 246 1355 256
1441 345 1442 256
1452 345 1451 256
169 1367 168 1355
169 1267 1277 168
87 1267 1277 88
255 1367 1355 256
98 1277 1202 88
1278 98 1277 181
169 1367 1277 181
1368 1367 270 181
1367 1451 270 256
98 1203 1202 40
1452 1451 270 356
1166 1214 41 50
51 1166 1214 42
1166 7 1167 42
51 1215 1214 111
51 1215 1167 42
1215 1167 43 52
1198 1191 28 27
1198 1191 84 83
24 1191 1150 27
77 1264 1191 83
1198 1153 35 27
1152 1197 35 27
1282 173 1272 174
1282 92 1272 93
1264 163 1263 83
1264 84 1272 83
1264 163 1272 164
1198 84 1272 93
1207 1198 92 93
1207 1198 36 35
44 1207 35 1161
1206 102 44 1207
102 1282 1207 92
1281 185 102 1282
185 1282 1372 173
1371 185 274 1372
1215 1216 112 52
1168 1216 43 52
1292 101 1216 112
1226 1215 111 112
1304 1291 111 112
1292 198 1291 112
1292 184 1385 198
1168 44 53 1216
102 44 1216 1217
1292 113 102 1216
1292 185 102 1293
1292 199 185 1385
1160 3 35 1161
44 1160 8 1161
1168 44 8 1169
185 274 1385 1386
286 1384 197 1383
1304 197 198 1291
1384 197 198 1398
1384 287 1385 198
273 1384 1466 287
1467 273 287 1385
272 286 1384 1466
272 286 1465 1383
1467 274 1385 288
285 271 1465 1383
1290 111 110 1303
1214 111 110 1225
1214 1213 110 50
1289 99 1213 110
1289 1290 196 110
1289 1382 196 182
1165 1213 41 50
197 1383 196 1397
1290 197 196 1303
285 1382 1383 196
1304 197 111 1303
285 271 1382 1464
1289 98 1288 181
1289 1382 195 181
1289 98 1213 109
1382 1381 270 181
1382 284 270 1464
98 1212 1213 40
49 1165 1213 40
1360 1272 164 174
1372 173 1360 174
1372 260 1360 261
274 1456 1372 260
1445 348 1535 338
1534 348 1444 338
1455 1445 348 349
1445 349 260 1446
1455 1456 349 260
1455 274 360 1456
347 1454 1544 358
1543 347 1453 358
1465 1453 358 357
272 1466 1465 358
359 1466 1454 358
271 1465 357 1464
1467 273 359 1466
347 1534 348 1544
359 1454 348 1544
1455 359 348 1545
1455 1467 359 360
1467 274 360 1468
1534 337 338 1526
1533 1534 337 424
1533 347 1534 432
1533 1543 347 346
1543 346 1453 357
346 1452 357 1542
1452 357 1464 356
1463 270 1464 356
1442 335 1532 336
346 345 1442 1532
1533 346 1532 336
1533 337 424 1525
1533 423 1525 336
346 1452 345 1542
1441 345 1442 335
1441 1433 246 335
1441 246 245 1355
255 1441 1355 256
1441 345 1451 256
1452 345 1451 356
255 1367 168 1355
169 1367 1277 168
87 1277 1202 88
255 1367 1451 256
98 1277 1202 97
98 1277 1288 181
180 1367 1277 181
1367 1381 270 181
1367 269 1451 270
1463 1451 270 356
1166 1165 41 50
51 1166 1214 50
51 1166 1167 42
51 1214 111 1225
51 1226 1215 111
51 1215 1167 52
1168 1167 43 52
1191 1150 28 27
1198 1191 84 28
1198 1153 28 27
1264 1191 84 83
1149 24 1150 27
77 1264 1263 83
77 78 1264 1191
1198 1153 36 35
1152 1153 35 27
1282 1272 174 93
1282 1372 173 174
1282 1207 92 93
1264 84 1272 164
1352 1264 163 164
1273 84 1272 93
1198 84 1199 93
1207 1198 36 93
1207 36 35 1161
44 1207 45 1161
102 44 1207 1217
102 1282 1207 103
185 102 1282 1293
185 1282 1372 186
185 274 1386 1372
1216 1227 112 52
1226 1215 112 52
1168 53 1216 52
1292 113 1216 112
1304 1226 111 112
1304 198 1291 112
1292 1305 198 112
1292 199 1385 198
44 53 1216 1217
1168 44 53 1169
113 102 1216 1217
1292 113 102 1293
1292 199 185 1293
199 185 1385 1386
1153 3 35 1161
44 8 1161 1169
1168 8 15 1169
274 1385 1386 288
286 197 1383 1397
286 1384 197 1398
1304 197 198 1398
1384 287 198 1398
1399 287 1385 198
286 1384 1466 287
1467 273 1466 287
1467 287 1385 288
272 286 1466 1465
286 285 1465 1383
1467 274 1468 288
285 271 1465 1464
111 110 1303 1225
1290 196 110 1303
1214 110 1225 50
1213 1224 110 50
1289 1213 110 109
1289 196 1302 110
1289 1382 195 196
49 1165 1213 50
197 196 1397 1303
285 1383 196 1397
285 1382 196 1396
1304 122 111 1303
1304 197 212 1303
285 1382 284 1464
1289 98 1288 109
1289 195 1288 181
1382 195 1381 181
98 1212 1213 109
1382 1381 284 270
1463 284 270 1464
49 1212 1213 40
1361 1360 164 174
1273 1272 164 174
1372 1360 174 261
1456 1372 260 261
274 275 1456 1372
1445 348 1535 349
1534 348 1535 338
1455 348 349 1545
1456 349 260 1446
1455 360 1456 349
274 360 1456 1468
1543 347 1544 358
359 1454 1544 358
1543 1453 358 357
1465 1553 358 357
1466 1465 358 370
359 1466 1554 358
369 1465 357 1464
1467 359 1466 371
1534 433 348 1544
347 1534 1544 432
359 348 1544 1545
1455 359 360 1545
1467 359 360 1555
1467 360 372 1468
1534 338 425 1526
1534 337 424 1526
1533 1534 424 432
1533 1543 347 432
1533 1543 431 346
1543 346 357 1542
1452 357 1542 356
357 1464 1552 356
1463 1464 368 356
1524 335 1532 336
345 1442 335 1532
346 345 1542 1532
1533 423 1532 336
1533 431 346 1532
1533 423 424 1525
1452 345 1542 356
1531 1441 345 335
1441 1433 334 335
255 1441 245 1355
255 1441 1451 256
1441 345 1451 344
1541 345 1451 356
1366 255 1367 168
180 1367 1277 168
255 1367 269 1451
98 1202 1212 97
98 1277 1288 97
180 1277 1288 181
180 1367 1381 181
1367 269 1381 270
269 1463 1451 270
1463 1451 355 356
51 1214 1225 50
51 1166 1174 50
51 1166 13 1167
51 1226 111 1225
51 1226 1215 52
51 1167 52 1175
1168 1167 14 52
1153 1150 28 27
25 1191 1150 28
1191 1192 84 28
1198 84 28 1199
1198 1153 36 28
78 1264 1191 84
77 78 1188 1191
77 78 1264 1260
1153 36 35 1161
1152 1153 0 27
1152 1153 3 35
1273 1272 174 93
1282 1283 174 93
1282 1372 186 174
1282 1207 103 93
1273 84 1272 164
1264 84 1265 164
1273 84 1199 93
1198 36 1199 93
1208 1207 36 93
1207 36 45 1161
44 45 1161 1169
44 1207 45 1217
102 1207 103 1217
102 1282 1293 103
185 1282 1293 186
185 1386 1372 186
274 275 1386 1372
53 1216 1227 52
1226 1227 112 52
113 1216 1227 112
1168 1176 53 52
1292 113 1305 112
1304 1226 122 111
1304 1226 123 112
1304 1305 198 112
1292 199 1305 198
199 1399 1385 198
44 53 1217 1169
113 53 1216 1217
1168 53 15 1169
113 102 1293 1217
1292 199 113 1293
199 185 1386 1293
199 1385 1386 288
1153 3 1161 4
8 9 1161 1169
8 15 1145 1169
274 1386 1468 288
286 197 1397 1398
286 285 1383 1397
286 1384 287 1398
1304 198 213 1398
1304 197 212 1398
1399 287 198 1398
1399 287 1385 288
1479 286 1466 287
1467 1466 287 371
1467 1480 287 288
286 1466 1465 370
286 285 1465 1478
1467 372 1468 288
285 369 1465 1464
122 111 1303 1225
121 110 1303 1225
196 1302 110 1303
1224 110 1225 50
1213 1224 110 109
49 1213 1224 50
1289 1302 110 109
1289 195 196 1302
1382 195 196 1396
1173 49 1165 50
211 196 1397 1303
197 1397 212 1303
285 196 1397 1396
285 1382 284 1396
1304 122 212 1303
285 1477 284 1464
98 1212 1288 109
1289 195 1288 109
195 1381 1288 181
1382 195 1381 284
49 1212 1213 109
1381 1463 284 270
1463 284 1464 368
1361 1360 174 261
1273 1361 164 174
251 1361 1360 164
1373 1372 174 261
1456 260 1446 261
275 1456 1372 261
274 275 1456 1468
348 1535 349 1545
339 1445 1535 349
1534 1535 338 425
1534 433 348 1535
1455 360 349 1545
360 1456 349 1546
360 361 1456 1468
1543 1544 358 441
1543 347 1544 432
359 1554 1544 358
1543 1553 358 357
1465 1553 358 370
369 1465 1553 357
1466 1554 358 370
359 1466 1554 371
369 357 1464 1552
1467 359 1555 371
433 348 1544 1545
1534 433 1544 432
359 442 1544 1545
359 360 1555 1545
1467 360 372 1555
360 372 1468 1556
1534 424 425 1526
1534 424 432 1618
1533 424 1617 432
1533 1543 431 432
1543 431 346 1542
1543 440 357 1542
357 1542 1552 356
1464 368 1552 356
1463 1551 368 356
423 1524 1532 336
422 1524 335 1532
1531 345 335 1532
431 346 1542 1532
430 345 1542 1532
1533 431 423 1532
1533 423 424 1617
1541 345 1542 356
1531 1441 334 335
1531 1441 345 344
255 1441 245 1440
255 1441 1451 344
1541 345 1451 344
1541 1451 355 356
1366 180 1367 168
1366 255 1367 269
180 1276 1277 168
255 269 1450 1451
98 1212 1288 97
180 1277 1288 97
180 1381 1288 181
180 1367 269 1381
269 1381 1463 270
269 1463 1451 355
1463 1551 355 356
51 1174 1225 50
1166 12 1174 50
51 1166 13 1174
51 13 1167 1175
1226 122 111 1225
51 1226 60 1225
51 1226 52 1175
1167 14 52 1175
1153 1150 0 27
1153 1150 1 28
25 1150 28 1151
25 1191 1192 28
1192 84 28 1199
78 1191 1192 84
1198 36 28 1199
1153 1154 36 28
78 1264 84 1265
1153 36 1161 4
1283 1273 174 93
1282 1283 186 174
1282 1283 103 93
1373 1372 186 174
1208 1207 103 93
1273 84 1265 164
1264 157 1265 164
1273 94 1199 93
85 1273 84 1199
1208 36 1199 93
1208 1207 36 45
36 45 1162 1161
9 45 1161 1169
44 45 1217 1169
1207 103 45 1217
102 1293 103 1217
1282 1293 103 186
185 1386 1293 186
275 1386 1372 186
274 275 1386 1468
1176 53 1227 52
113 53 1216 1227
1226 61 1227 52
1226 123 1227 112
113 1305 1227 112
1168 1176 53 15
1292 199 113 1305
1304 1226 123 122
1304 123 1305 112
1304 1305 198 213
199 1399 1305 198
199 1399 1385 288
53 54 1217 1169
113 1228 53 1217
53 15 1169 1177
113 114 1293 1217
1306 199 113 1293
199 200 1386 1293
199 1386 288 1400
8 9 1144 1161
8 9 1145 1169
16 15 1145 1169
1386 1468 289 288
197 1397 212 1398
286 301 1397 1398
286 285 1478 1397
1479 286 287 1398
1304 213 212 1398
1399 198 213 1398
1399 287 302 1398
1480 1399 287 288
1479 1466 287 371
1479 286 1466 370
1467 1480 287 371
1467 1480 372 288
286 1465 1478 370
285 369 1465 1478
372 1468 1481 288
285 1477 369 1464
121 122 1303 1225
121 1302 110 1303
121 1224 110 1225
211 196 1302 1303
1224 59 1225 50
1224 1302 110 109
49 1213 1224 109
1173 49 1224 50
1289 195 1302 109
195 196 1302 1396
1382 195 284 1396
211 1397 212 1303
211 196 1397 1396
285 300 1397 1396
285 1477 284 1396
122 212 1316 1303
1317 1304 122 212
1477 284 1464 368
1212 1288 109 108
195 1288 1301 109
195 1381 194 1288
1395 195 1381 284
1223 49 1212 109
283 1381 1463 284
1476 1463 284 368
1373 1361 174 261
251 1361 1360 261
1273 1361 175 174
165 1273 1361 164
275 1373 1372 261
275 1456 1457 261
275 361 1456 1468
1535 349 434 1545
433 348 1535 1545
1534 433 1535 425
360 349 1545 1546
1456 349 350 1546
360 361 1456 1546
360 361 1468 1556
1554 1544 358 441
1543 1544 432 441
1543 1553 358 441
359 442 1554 1544
1543 440 1553 357
1553 1554 358 370
369 1465 1553 370
369 1553 357 1552
1466 1554 371 370
359 1554 1555 371
369 1464 368 1552
1467 372 1555 371
442 433 1544 1545
433 1544 1627 432
1534 433 432 1618
359 442 1555 1545
360 443 1555 1545
360 372 1555 1556
372 1468 1556 373
1534 424 425 1618
424 1617 432 1618
1533 431 1617 432
1543 431 1626 432
1543 440 431 1542
440 357 1542 1552
439 1542 1552 356
1551 368 1552 356
1463 1551 367 368
422 423 1524 1532
422 1531 335 1532
430 1531 345 1532
430 431 1542 1532
430 1541 345 1542
1616 431 423 1532
1533 431 423 1617
1609 423 424 1617
439 1541 1542 356
1531 1441 334 344
1531 334 335 1523
1531 1541 345 344
1441 334 245 1440
255 1441 1440 344
255 1450 1451 344
1541 1451 344 355
1541 1551 355 356
1366 180 1367 269
1366 255 269 1450
180 1276 1277 97
269 1450 1451 355
1212 1288 97 108
180 1287 1288 97
180 1381 194 1288
180 269 1381 1380
283 269 1381 1463
269 1462 1463 355
1463 1551 367 355
1174 59 1225 50
51 60 1174 1225
1173 12 1174 50
51 13 1174 1175
1226 122 60 1225
51 1226 60 1175
1226 61 52 1175
1150 1 28 1151
1153 1154 1 28
25 1192 28 1151
78 25 1191 1192
85 1192 84 1199
29 1192 28 1199
78 1192 84 1265
1154 36 28 1199
1153 1154 36 4
78 1264 157 1265
36 1162 1161 4
1283 1273 175 174
1283 1273 94 93
1373 1283 186 174
1282 1283 103 186
1283 1208 103 93
275 1373 1372 186
1208 1207 103 45
85 1273 84 1265
165 1273 1265 164
85 1273 94 1199
1208 94 1199 93
37 1208 36 1199
1208 36 45 1162
9 45 1162 1161
1170 9 45 1169
54 45 1217 1169
103 45 1217 1218
114 1293 103 1217
1293 103 186 1294
200 1386 1293 186
275 1386 1387 186
275 1386 1468 289
1176 61 1227 52
1176 53 1227 62
113 1228 53 1227
1226 123 61 1227
123 1305 1227 112
113 124 1305 1227
1176 53 15 1177
1306 199 113 1305
1226 123 122 1236
1317 1304 123 122
1304 123 1305 213
1399 1305 198 213
214 199 1399 1305
199 1399 288 1400
53 54 1169 1177
1228 53 54 1217
113 1228 114 1217
16 15 1169 1177
1306 113 114 1293
1306 199 200 1293
199 200 1386 1400
1386 289 288 1400
16 9 1145 1169
1468 1481 289 288
301 1397 212 1398
286 301 1478 1397
1479 286 301 1398
285 300 1478 1397
1479 287 302 1398
1412 213 212 1398
1317 1304 213 212
1399 302 213 1398
1480 1399 287 302
1480 1399 303 288
1479 1480 287 371
1479 1466 371 370
1479 286 1478 370
1467 1480 372 371
1480 372 1481 288
369 1465 1478 370
285 1477 369 1478
372 1468 1481 373
1477 369 1464 368
121 122 1316 1303
1235 121 122 1225
121 1224 1302 110
121 211 1302 1303
121 1224 59 1225
211 196 1302 1396
1173 1224 59 50
120 1224 1302 109
1223 49 1224 109
1173 49 58 1224
195 1302 1301 109
195 210 1302 1396
1395 195 284 1396
211 212 1316 1303
211 1397 212 1411
300 211 1397 1396
285 300 1477 1396
299 1477 284 1396
1317 122 212 1316
1476 1477 284 368
1288 1301 109 108
1223 1212 109 108
195 194 1288 1301
1395 195 1381 194
1395 283 1381 284
1476 283 1463 284
1476 1463 367 368
1373 1361 262 261
1373 1361 175 174
165 1273 1361 175
275 1373 1457 261
275 361 1456 1457
275 361 1468 1469
349 434 1545 1546
1535 349 434 1536
433 1535 434 1545
433 1535 425 1619
1534 433 425 1618
360 443 1545 1546
361 1456 350 1546
360 361 1556 1546
361 1468 1556 373
1553 1554 358 441
442 1554 1544 441
1544 1627 432 441
1543 1626 432 441
1543 440 1553 441
359 442 1554 1555
440 1553 357 1552
1553 1554 451 370
369 1553 1564 370
369 1553 450 1552
1565 1554 371 370
1554 1555 371 452
369 1563 368 1552
372 1566 1555 371
442 433 1544 1627
442 1628 433 1545
433 1627 432 1618
442 443 1555 1545
360 443 1555 1556
372 1555 1556 453
372 1567 1556 373
424 1610 425 1618
518 1617 432 1618
424 1617 509 1618
431 1617 1626 432
1543 440 431 1626
440 431 1625 1542
440 439 1542 1552
439 1551 1552 356
449 1551 368 1552
1562 1551 367 368
422 1616 423 1532
422 1531 335 1523
422 430 1531 1532
430 1531 1541 345
430 431 1625 1542
430 1616 431 1532
430 439 1541 1542
1616 431 423 1617
1609 424 1617 509
1609 508 423 1617
439 1541 1551 356
1441 334 1440 344
1531 334 1530 344
1531 334 421 1523
1531 429 1541 344
255 1450 1440 344
1450 1451 344 355
1541 1540 344 355
1541 1551 438 355
1366 180 269 1380
1366 269 1450 268
269 1462 1450 355
1287 1288 97 108
180 1287 194 1288
180 1381 194 1380
283 269 1381 1380
283 269 1462 1463
1462 1463 367 355
1551 1550 367 355
60 1174 59 1225
1173 1174 59 50
51 60 1174 1175
1226 122 60 1236
1235 122 60 1225
1226 61 60 1175
1176 61 52 1175
1154 1 28 1151
1153 1154 1 4
29 1192 28 1151
85 1192 84 1265
29 85 1192 1199
29 1154 28 1199
78 79 1192 1265
37 1154 36 1199
1154 36 1162 4
9 1162 1161 4
1283 1273 94 175
1373 1283 175 174
1283 1208 94 93
1373 1283 187 186
1283 103 186 1294
104 1283 1208 103
275 1373 1387 186
1208 103 45 1218
165 85 1273 1265
85 94 1200 1199
85 1273 94 1274
37 1208 94 1199
37 1208 36 1162
1208 45 1162 46
1170 9 45 1162
1170 54 45 1169
1170 16 9 1169
54 45 1217 1218
114 103 1217 1218
114 1293 103 1294
200 1293 186 1294
200 1386 1387 186
275 1386 1387 289
275 1468 289 1469
1176 61 1227 62
1228 53 1227 62
1176 53 62 1177
113 124 1228 1227
1226 123 61 1236
1237 123 61 1227
124 123 1305 1227
1306 113 124 1305
1176 15 21 1177
1306 214 199 1305
1317 123 122 1236
1317 1304 123 213
1318 123 1305 213
214 1399 1305 213
214 199 1399 1400
1399 303 288 1400
1228 53 54 1177
16 54 1169 1177
1228 54 114 1217
1306 113 1228 114
16 1147 15 1177
1306 200 114 1293
1306 199 200 1400
200 1386 289 1400
1481 289 288 1400
1468 1481 289 373
301 1397 212 1411
1412 301 212 1398
300 301 1478 1397
1479 286 301 1478
1479 301 302 1398
285 300 1477 1478
1479 1480 287 302
1412 302 213 1398
1317 1412 213 212
1413 1399 302 213
1480 1399 303 302
1480 303 1481 288
1479 383 1480 371
1479 1565 371 370
1479 1478 382 370
1480 372 1566 371
1480 372 1481 384
369 1478 1564 370
1477 369 1478 381
372 1481 1567 373
1477 369 1563 368
121 211 1316 1303
1235 121 122 1316
1235 121 59 1225
121 120 1224 1302
121 211 1315 1302
1234 121 1224 59
210 211 1302 1396
1173 58 1224 59
120 1302 1301 109
1223 120 1224 109
1223 49 58 1224
195 210 1302 1301
1395 195 210 1396
299 1395 284 1396
211 212 1316 1411
300 211 1397 1411
300 211 1410 1396
299 300 1477 1396
1476 299 1477 284
1317 212 1316 223
1317 132 122 1316
1476 380 1477 368
194 1288 1301 108
1223 1301 109 108
1395 195 194 1301
1395 283 1381 194
1476 1395 283 284
1476 283 1463 367
1476 1562 367 368
1373 1457 262 261
1373 1361 175 262
165 1361 175 1362
165 1273 175 1274
275 276 1373 1457
275 361 1457 1469
361 1468 373 1469
349 434 1536 1546
443 434 1545 1546
433 1535 434 1619
1628 433 434 1545
433 425 1618 1619
360 443 1556 1546
444 361 1556 1546
1557 361 1556 373
1553 1554 451 441
442 1544 1627 441
442 1554 1637 441
1626 1627 432 441
1543 440 1626 441
440 1553 1636 441
442 1554 1555 452
440 1553 450 1552
1565 1554 451 370
1553 451 1564 370
369 1553 450 1564
369 450 1563 1552
1565 1554 371 452
1566 1555 371 452
449 1563 368 1552
372 1566 1555 453
442 1628 433 1627
442 1628 443 1545
518 1627 432 1618
433 1627 519 1618
442 443 1555 1638
443 1555 1556 453
372 1567 1556 453
454 1567 1556 373
1610 425 1618 510
424 1610 509 1618
518 1617 509 1618
518 1617 1626 432
517 431 1617 1626
440 431 1625 1626
440 439 1625 1542
440 439 1635 1552
439 449 1551 1552
1562 449 1551 368
1562 448 1551 367
422 1616 423 1608
422 430 1616 1532
422 1531 421 1523
422 430 1615 1531
430 1531 429 1541
430 1616 431 1625
430 439 1625 1542
430 1624 439 1541
1616 508 423 1617
517 1616 431 1617
1609 424 1610 509
1609 508 1617 509
439 1541 1551 438
334 1440 1530 344
1531 429 1530 344
1531 334 421 1530
429 1541 1540 344
343 1450 1440 344
1540 1450 344 355
1541 1540 438 355
1551 1550 438 355
1366 269 268 1380
1366 179 180 1380
269 1462 1450 268
1462 1450 354 355
1287 194 1288 108
180 1287 194 1380
283 1381 194 1380
283 269 1462 1380
283 1462 1463 367
1462 1550 367 355
448 1551 1550 367
1182 60 1174 59
1235 60 59 1225
19 1173 1174 59
60 1174 20 1175
1226 61 60 1236
1235 122 60 1236
61 60 1183 1175
29 1154 28 1151
26 29 1192 1151
79 85 1192 1265
29 85 1192 1193
29 85 1200 1199
37 29 1154 1199
78 1189 79 1192
37 1154 36 1162
1154 1162 5 4
1273 94 175 1274
1284 1283 94 175
1373 1283 187 175
104 1283 1208 94
1283 187 186 1294
1373 1387 187 186
104 1283 103 1294
104 1208 103 1218
275 276 1373 1387
1208 45 1218 46
165 85 1273 1274
165 1266 85 1265
85 94 1200 1274
37 94 1200 1199
37 1208 94 1209
37 1208 1162 46
1170 45 1162 46
1170 9 10 1162
1170 16 54 1169
1170 54 45 1218
1170 16 9 1146
54 114 1217 1218
114 103 1218 1294
200 114 1293 1294
200 1387 186 1294
200 1386 1387 289
275 1387 289 1469
1468 289 373 1469
1176 61 1184 62
1237 61 1227 62
1228 53 62 1177
124 1228 1227 62
1176 62 21 1177
1306 113 124 1228
1237 123 61 1236
1237 124 123 1227
1318 124 123 1305
1306 214 124 1305
1306 214 199 1400
1317 132 122 1236
1317 133 123 1236
1318 1317 123 213
1318 214 1305 213
214 1413 1399 213
214 1399 303 1400
303 1481 288 1400
1228 54 63 1177
16 54 1178 1177
1228 54 114 1229
1306 1228 125 114
1306 200 1307 114
1306 200 215 1400
1401 200 289 1400
304 1481 289 1400
1482 1481 289 373
300 301 1397 1411
1412 301 212 1411
1412 301 302 1398
300 301 1478 1493
1479 301 1478 382
1479 301 1494 302
300 1477 1478 381
1479 383 1480 302
1412 1413 302 213
1317 1412 212 223
1317 224 1412 213
1413 1399 303 302
1480 303 302 1495
1480 303 1481 384
383 1480 1566 371
1479 383 1565 371
1479 1565 382 370
1478 382 1564 370
1480 372 1566 384
372 1481 1567 384
369 1478 381 1564
1477 369 381 1563
385 1481 1567 373
380 1477 1563 368
121 211 1315 1316
1235 132 122 1316
1235 121 131 1316
1235 1234 121 59
121 120 1315 1302
1234 121 120 1224
210 211 1315 1302
1234 58 1224 59
210 211 1410 1396
210 120 1302 1301
1223 120 1301 109
1223 120 58 1224
1395 195 210 1301
299 1395 210 1396
1476 299 1395 284
212 1316 1411 223
211 1316 1411 222
300 211 1410 1411
299 300 1410 1396
299 300 1477 1492
1476 299 380 1477
1317 132 1316 223
1476 380 1562 368
1300 194 1301 108
1223 119 1301 108
1395 209 194 1301
1395 283 194 1394
1476 1395 283 298
1476 283 1475 367
1476 379 1562 367
276 1373 1457 262
1361 175 1362 262
1373 1374 175 262
165 175 1362 1274
275 276 1457 1469
362 361 1457 1469
1557 361 373 1469
1629 443 434 1546
1628 443 434 1545
1628 433 434 1619
425 1618 510 1619
433 519 1618 1619
444 443 1556 1546
1557 444 361 1556
1557 454 1556 373
1554 1637 451 441
1553 451 1636 441
442 1637 1627 441
442 1554 1637 452
518 1626 1627 432
527 1626 1627 441
440 1626 1636 441
440 1553 450 1636
442 1555 452 1638
440 450 1635 1552
1565 451 1564 370
1565 1554 451 452
1553 450 451 1564
369 450 1564 1563
449 450 1563 1552
1565 1566 371 452
1566 1555 452 453
1562 449 1563 368
372 1566 1567 453
1628 433 1627 519
442 1628 528 1627
442 1628 443 1638
518 1627 519 1618
443 1555 1638 453
443 1639 1556 453
454 1567 1556 453
1568 454 1567 373
1610 509 1618 510
1711 518 509 1618
1710 518 1617 509
517 518 1617 1626
517 431 1625 1626
526 440 1625 1626
440 439 1625 1635
439 449 1635 1552
439 449 1551 1634
1562 449 448 1551
1562 448 367 1561
1616 508 423 1608
422 430 1616 1615
422 1615 1531 421
430 1615 1531 429
430 1624 429 1541
430 1616 1625 516
517 1616 431 1625
430 1624 439 1625
1624 439 1541 438
517 1616 508 1617
1609 502 1610 509
1710 508 1617 509
1609 508 1702 509
439 1551 1634 438
343 1440 1530 344
429 1540 1530 344
1531 429 421 1530
429 1541 1540 438
343 1540 1450 344
1540 1450 354 355
1540 1550 438 355
448 1551 1550 438
269 1462 268 1380
179 180 1287 1380
1462 1450 354 268
1462 354 1550 355
1300 1287 194 108
1287 194 193 1380
283 194 1380 1394
283 1462 1380 282
283 1475 1462 367
366 1462 1550 367
448 1550 367 1561
1235 1182 60 59
61 60 1183 1236
1235 60 69 1236
1235 132 122 1236
29 1154 2 1151
26 29 1192 1193
79 1266 85 1265
79 85 1192 1193
29 85 1200 1193
37 29 1200 1199
37 29 1154 1155
37 1154 1162 5
1284 94 175 1274
1284 1283 187 175
104 1284 1283 94
1373 1374 187 175
104 1208 94 1209
1387 187 186 1294
104 1283 187 1294
276 1373 1387 187
104 103 1218 1294
104 1208 1218 46
275 276 1387 1469
1170 45 1218 46
165 1266 85 1274
94 1200 95 1274
85 86 1200 1274
37 94 1200 1209
37 1208 1209 46
37 1163 1162 46
1170 10 1162 46
1170 16 54 1178
1170 55 54 1218
17 1170 16 1146
54 114 1229 1218
115 114 1218 1294
200 1307 114 1294
200 1387 201 1294
1401 200 1387 289
1387 289 290 1469
1482 289 373 1469
1237 61 1184 62
1237 124 1227 62
1228 62 63 1177
124 1228 1238 62
62 21 1177 1185
1306 124 1228 125
1237 61 1236 70
1237 133 123 1236
1318 1237 124 123
1318 214 124 1305
1319 1306 214 124
1306 214 215 1400
1317 133 132 1236
1318 1317 133 123
1318 1317 224 213
1318 214 1413 213
214 1413 1399 303
214 1414 303 1400
304 303 1481 1400
54 1178 63 1177
1228 54 1229 63
16 1178 22 1177
1228 125 114 1229
1306 125 1307 114
1306 200 1307 215
1401 200 215 1400
1401 304 289 1400
304 1482 1481 289
385 1482 1481 373
300 301 1493 1411
1412 212 1411 223
1412 301 315 1411
1412 301 1494 302
301 1478 382 1493
300 1478 381 1493
1479 301 1494 382
1479 383 1494 302
300 1477 1492 381
383 1480 302 1495
1412 1413 302 316
224 1412 1413 213
1317 224 1412 223
1413 303 302 1495
1480 303 1495 384
1496 303 1481 384
383 1565 1566 371
383 1480 1566 384
1479 383 1565 382
1565 382 1564 370
1478 382 381 1564
372 1566 1567 384
385 1481 1567 384
369 381 1564 1563
380 1477 381 1563
1568 385 1567 373
380 1562 1563 368
211 1315 1316 222
121 131 1315 1316
1235 131 132 1316
1235 1234 121 131
1235 1234 68 59
210 120 1315 1302
1234 121 120 1315
1234 120 58 1224
210 211 1315 1410
1181 1234 58 59
299 210 1410 1396
210 120 1301 1314
1223 120 119 1301
1223 1233 120 58
1395 209 210 1301
299 1395 210 1409
1476 299 1395 298
1316 1411 222 223
211 1410 1411 222
300 1410 314 1411
299 300 1492 1410
299 380 1477 1492
1476 299 380 1491
132 1316 1326 223
1317 1327 132 223
1476 380 379 1562
1300 119 1301 108
1300 209 194 1301
1223 119 1222 108
1395 209 194 1394
1395 283 298 1394
1476 283 298 1475
1476 379 1475 367
379 1562 367 1561
276 1458 1457 262
276 1373 1374 262
1374 175 1362 262
176 175 1362 1274
276 362 1457 1469
1557 374 373 1469
444 1629 443 1546
1628 1629 443 434
1628 433 519 1619
520 1628 434 1619
519 1618 510 1619
444 443 1639 1556
1557 444 454 1556
1557 1568 454 373
1637 451 1636 441
1554 1637 451 452
1553 450 451 1636
442 528 1637 1627
527 1637 1627 441
442 1637 452 1638
527 518 1626 1627
527 1626 1636 441
526 440 1626 1636
440 450 1636 1635
1555 452 1638 453
449 450 1635 1552
1565 451 461 1564
1565 451 1648 452
450 451 1564 1647
460 450 1564 1563
449 450 1646 1563
462 1565 1566 452
1566 452 453 1649
1562 459 449 1563
1566 1567 463 453
1628 528 1627 519
442 1628 528 1638
1628 443 529 1638
518 1721 1627 519
1711 518 519 1618
443 1639 1638 453
454 1639 1556 453
454 1567 1650 453
1568 454 1567 464
1610 509 1703 510
1711 509 1618 510
1710 1711 518 509
517 1710 518 1617
517 518 1626 1720
517 526 1625 1626
526 440 1625 1635
439 1625 525 1635
439 449 1634 1635
449 448 1551 1634
1562 449 448 1645
458 1562 448 1561
1616 508 1608 507
430 1616 1615 516
422 1616 1615 507
1615 1531 429 421
430 1624 1615 429
1624 429 1541 438
430 1624 1625 516
517 1616 1625 516
1624 439 1625 525
1624 439 1634 438
517 1710 508 1617
1709 517 1616 508
1609 502 1702 509
1710 508 1702 509
1609 508 501 1702
448 1551 1634 438
343 1440 1530 333
343 1540 1530 344
429 428 1540 1530
429 421 1614 1530
1623 429 1540 438
343 1540 1450 354
1540 354 1550 355
1540 1550 437 438
448 1633 1550 438
1462 268 1380 282
1450 354 268 1449
1461 1462 354 268
366 1462 354 1550
1300 1287 194 193
1300 107 1287 108
194 193 1380 1394
283 1380 1394 282
283 1475 1462 282
366 1475 1462 367
366 1550 367 1561
447 448 1550 1561
1235 1182 60 69
1235 68 1182 59
60 69 1183 1236
61 1183 1236 70
1235 132 69 1236
29 1154 1155 2
79 26 1192 1193
79 1266 85 1193
85 86 1200 1193
29 30 1200 1193
37 29 1155 1200
37 1154 1155 5
37 1163 1162 5
1284 94 95 1274
176 1284 175 1274
1374 1284 187 175
104 1284 1283 187
104 1284 94 1209
276 1373 1374 187
104 1208 1209 46
1387 187 201 1294
104 1295 187 1294
276 1387 187 1388
104 115 1218 1294
104 1219 1218 46
276 1387 290 1469
1170 55 1218 46
1266 85 86 1274
86 1200 95 1274
94 1200 1209 95
37 38 1200 1209
37 1163 1209 46
1163 10 1162 46
1170 1171 10 46
1170 55 54 1178
17 1170 16 1178
55 54 1229 1218
115 114 1229 1218
1307 115 114 1294
200 1307 201 1294
1401 200 1387 201
1401 1387 289 290
1482 289 290 1469
374 1482 373 1469
1237 61 1184 70
1237 124 1238 62
62 63 1177 1185
1228 1238 62 63
124 1228 125 1238
1319 1306 124 125
1237 133 1236 70
1318 1237 133 123
1318 134 1237 124
1318 1319 214 124
1319 1306 214 215
214 1414 215 1400
133 1245 132 1236
1317 1327 133 132
1318 1317 224 133
1318 224 1413 213
1318 214 1413 225
214 1414 1413 303
1414 304 303 1400
1496 304 303 1481
1178 22 63 1177
54 1178 1229 63
1228 125 1229 63
125 1307 114 1229
1306 125 1307 215
1401 200 1307 215
1401 304 215 1400
1401 304 1482 289
304 385 1482 1481
1568 385 1482 373
301 315 1493 1411
300 1493 314 1411
1412 315 1411 223
1412 301 1494 315
1412 1494 302 316
1478 382 381 1493
301 1494 382 1493
300 1492 381 1493
1479 383 1494 382
383 1494 302 1495
380 1477 1492 381
383 1480 1495 384
1413 302 1495 316
224 1412 1413 316
224 1412 1423 223
1317 224 1327 223
317 1413 303 1495
1496 303 1495 384
1496 385 1481 384
383 462 1565 1566
383 1566 384 1578
383 1577 1565 382
1565 382 461 1564
1576 382 381 1564
1566 1567 384 463
385 1567 1579 384
460 381 1564 1563
380 1575 381 1563
1568 385 1567 464
380 1562 459 1563
131 1315 1316 222
211 1315 1410 222
1234 121 131 1315
131 132 1316 1326
1235 131 132 1244
1235 1234 68 131
1181 1234 68 59
210 120 1315 1314
130 1234 120 1315
1234 1233 120 58
221 210 1315 1410
299 210 1409 1410
120 119 1301 1314
209 210 1301 1314
1223 1233 120 119
1395 209 210 1409
299 1395 298 1409
1476 299 1491 298
1316 1326 222 223
1422 1411 222 223
1410 314 1411 222
300 1492 1410 314
299 1492 313 1410
299 380 1491 1492
1476 380 1491 379
1327 132 1326 223
1574 380 379 1562
1300 209 119 1301
1300 209 194 1394
1395 209 298 1394
283 298 1475 1394
1476 379 298 1475
379 1475 367 1561
458 379 1562 1561
276 1374 1458 262
176 1374 175 1362
176 1362 166 1274
276 362 1470 1469
444 1629 443 1639
1628 1629 443 529
520 1628 1629 434
520 1628 519 1619
1711 519 1618 510
1712 519 510 1619
444 454 1639 1556
1637 451 537 1636
527 1637 1636 441
1637 451 1648 452
450 451 1636 1647
442 528 1637 1638
527 528 1637 1627
538 1637 452 1638
527 518 1626 1720
527 518 1721 1627
527 526 1626 1636
526 440 1636 1635
536 450 1636 1635
452 1638 453 1649
449 450 1646 1635
451 461 1564 1647
1565 451 1648 461
462 1565 1648 452
460 450 1564 1647
460 450 1646 1563
459 449 1646 1563
462 1566 452 1649
1566 463 453 1649
1562 459 449 1645
1567 1650 463 453
528 1721 1627 519
1628 528 1722 519
1628 528 529 1638
443 1639 529 1638
1711 518 1721 519
539 1639 1638 453
454 1639 1650 453
454 1567 1650 464
1568 1651 454 464
1711 509 1703 510
1710 607 1711 518
1710 598 1711 509
517 1710 518 1720
517 526 1626 1720
517 526 1625 1719
526 1625 525 1635
439 525 1634 1635
449 535 1634 1635
449 448 1645 1634
458 1562 448 1645
1644 458 448 1561
508 1608 507 1701
1709 1616 508 507
1616 1615 507 516
430 1624 1615 516
1615 429 421 1614
1624 1615 429 515
1624 1623 429 438
1624 1625 525 516
517 1625 1719 516
1709 517 1616 516
1624 439 525 1634
1624 1634 438 524
1709 517 1710 508
502 1702 509 1703
1609 502 501 1702
1710 598 1702 509
597 1710 508 1702
508 501 1702 1701
448 1633 1634 438
343 1530 1529 333
428 343 1540 1530
429 428 1614 1530
1623 429 428 1540
420 421 1614 1530
1623 1540 437 438
343 1450 354 1449
343 1540 1539 354
1540 354 1550 437
1633 1550 437 438
447 448 1633 1550
1461 1462 268 282
1461 354 268 1449
1461 366 1462 354
1549 366 354 1550
1300 194 193 1394
193 1380 1394 282
283 1475 1394 282
366 1475 1462 282
366 1475 367 1561
447 366 1550 1561
1644 447 448 1561
1245 132 69 1236
1235 132 69 1244
1266 85 86 1193
30 86 1200 1193
29 30 1155 1200
37 38 1155 1200
37 1163 1155 5
1163 10 1162 5
1284 94 1209 95
176 1284 95 1274
176 1374 1284 175
1374 1284 187 188
104 1295 1284 187
105 104 1284 1209
276 1374 187 1388
104 1219 1209 46
1387 187 201 1388
1295 187 201 1294
104 1295 115 1294
276 1387 290 1388
104 115 1219 1218
55 1219 1218 46
276 290 1470 1469
1170 55 1171 46
1266 86 166 1274
1275 86 95 1274
1201 86 1200 95
38 1200 1209 95
37 38 1163 1209
47 1163 1209 46
1163 1171 10 46
17 1170 1171 10
55 54 1178 1229
17 1170 55 1178
17 16 1148 1178
55 115 1229 1218
1307 115 114 1229
1307 115 201 1294
1401 200 1307 201
1401 1387 290 201
1401 1482 289 290
374 1482 290 1469
1568 374 1482 373
1237 1238 62 71
134 1237 124 1238
22 63 1177 1185
1238 62 63 1185
1228 125 1238 63
1319 124 125 1238
1319 1306 125 215
133 1245 1236 70
1237 133 1246 70
1318 134 1237 133
1318 1319 134 124
1318 1319 214 225
1319 214 1414 215
1414 304 215 1400
1327 133 1245 132
1317 224 1327 133
1318 224 1328 133
1318 224 1413 225
214 1414 1413 225
317 1414 1413 303
1496 1414 304 303
1496 304 385 1481
1178 1186 22 63
1178 1229 63 64
125 1239 1229 63
126 125 1307 1229
1320 125 1307 215
1401 1307 216 215
1415 1401 304 215
1401 304 1482 305
1497 304 385 1482
1568 385 1482 386
315 1493 314 1411
301 1494 315 1493
300 1492 1493 314
315 1422 1411 223
1412 315 1423 223
1412 1494 315 316
1494 302 1495 316
1576 382 381 1493
397 1494 382 1493
1492 396 381 1493
383 1577 1494 382
383 1494 398 1495
380 1575 1492 381
383 1495 384 1578
317 1413 1495 316
224 1424 1413 316
224 1412 1423 316
224 1327 1423 223
317 1496 303 1495
1496 1495 384 399
1496 385 1579 384
383 462 1566 1578
383 462 1577 1565
1566 384 463 1578
1577 1565 382 461
1576 382 461 1564
1576 460 381 1564
1567 1579 384 463
385 1567 1579 464
1575 460 381 1563
380 1575 459 1563
1568 385 1580 464
1574 380 1562 459
131 1316 1326 222
1325 131 1315 222
221 1315 1410 222
130 1234 131 1315
131 132 1244 1326
1235 68 131 1244
1234 68 1243 131
221 210 1315 1314
130 120 1315 1314
130 1234 1233 120
221 210 1409 1410
299 1409 313 1410
209 119 1301 1314
1233 120 119 1314
209 210 1409 1314
1395 209 298 1409
299 1491 298 1409
1476 1491 379 298
1422 1326 222 223
1422 314 1411 222
1421 1410 314 222
1492 313 1410 314
299 1491 1492 313
380 1491 395 1492
1574 380 1491 379
1327 142 132 1326
1327 233 1326 223
1574 458 379 1562
1300 1313 209 119
1300 208 209 1394
209 298 1408 1394
298 297 1475 1394
1490 379 298 1475
379 1475 378 1561
1573 458 379 1561
276 277 1374 1458
176 1374 1362 263
176 1275 166 1274
1629 443 1639 529
520 1628 1629 529
520 1712 519 1619
520 1628 1722 519
1712 1711 519 510
451 537 1636 1647
1637 451 1648 537
527 1637 537 1636
538 1637 1648 452
536 450 1636 1647
538 528 1637 1638
527 528 1721 1627
527 1731 528 1637
538 452 1638 1649
527 526 1626 1720
527 518 1721 1720
527 526 1730 1636
526 536 1636 1635
536 450 1646 1635
539 1638 453 1649
449 535 1646 1635
451 1648 461 1647
460 461 1564 1647
462 1565 1648 461
462 1648 452 1649
460 450 1646 1647
460 459 1646 1563
459 449 1646 1645
462 1566 463 1649
1650 463 453 1649
458 1562 459 1645
1567 1650 463 464
528 1722 1721 519
1628 528 1722 529
1732 528 529 1638
539 1639 529 1638
607 1711 518 1721
608 1711 1721 519
539 1639 1650 453
454 1639 1650 540
1651 454 1650 464
599 1711 1703 510
598 1711 509 1703
1710 607 518 1720
1710 598 607 1711
517 1710 606 1720
517 526 1719 1720
526 1625 525 1719
526 525 1635 1729
535 525 1634 1635
449 535 1645 1634
448 1645 1634 534
1644 458 448 1645
1644 458 457 1561
1608 507 1701 500
508 501 1608 1701
1709 508 507 1701
1709 1616 507 516
1615 507 1708 516
1624 1615 515 516
1615 429 515 1614
1615 506 421 1614
1624 1623 429 515
1624 1623 438 524
1625 525 1719 516
1624 1718 525 516
1709 517 1719 516
1624 525 1634 524
1633 1634 438 524
1709 597 1710 508
1709 517 1710 606
502 1702 1703 591
598 1702 509 1703
502 501 1702 1696
597 1710 598 1702
597 508 1702 1701
590 501 1702 1701
448 1633 1634 534
343 1529 1439 333
428 343 1530 1529
420 1530 1529 333
428 343 1540 1539
420 428 1614 1530
1623 429 428 1614
1623 428 1540 437
1623 1633 437 438
343 1539 354 1449
343 1450 254 1449
1540 1539 354 437
1549 354 1550 437
447 1633 1550 437
1644 447 448 1633
1461 366 1462 282
1461 1379 268 282
1461 353 354 1449
1461 267 268 1449
1461 1549 366 354
1549 447 366 1550
1300 208 193 1394
297 1475 1394 282
1474 366 1475 282
366 1475 378 1561
1560 447 366 1561
1644 457 447 1561
1245 69 1236 70
1245 132 69 1244
1235 68 69 1244
1201 30 86 1200
38 30 1155 1200
37 38 1163 1155
105 1284 1209 95
176 1275 95 1274
176 1284 1285 95
176 1374 1284 188
1374 187 188 1388
1295 1284 187 188
105 104 1295 1284
105 104 1219 1209
276 277 1374 1388
47 1219 1209 46
1387 290 201 1388
1295 187 201 1388
1295 115 201 1294
104 1295 115 1219
276 290 1470 1388
55 115 1219 1218
55 1171 1219 46
374 290 1470 1469
17 1170 55 1171
1275 86 166 1274
1201 1275 86 95
1201 38 1200 95
1210 38 1209 95
47 38 1163 1209
47 1163 1171 46
11 1163 1171 10
55 1178 1229 64
17 55 1178 1179
55 115 1230 1229
126 1307 115 1229
1308 1307 115 201
1401 1307 216 201
1401 1402 290 201
1401 1482 290 305
1483 374 1482 290
1568 374 1482 386
1238 62 71 1185
134 1237 1238 71
1319 134 124 1238
1186 22 63 1185
1238 72 63 1185
125 1238 1239 63
1319 135 125 1238
1319 1320 125 215
134 1237 133 1246
1318 134 1328 133
1318 1319 134 225
1319 214 1414 225
226 1319 1414 215
1415 1414 304 215
1327 1245 142 132
1327 133 1245 143
224 1328 1327 133
1318 224 1328 225
224 1424 1413 225
317 1414 1413 225
317 1496 1414 303
1496 1414 304 318
1497 1496 304 385
1178 1186 63 64
1239 1229 63 64
126 125 1239 1229
1320 126 125 1307
1320 1307 216 215
1415 1401 216 215
1415 1401 304 305
1497 304 1482 305
1497 385 1482 386
1568 385 1580 386
315 1508 1493 314
315 1422 314 1411
397 1494 315 1493
1492 396 1493 314
315 1422 1423 223
1412 315 1423 316
1494 315 316 1509
1494 398 1495 316
1576 396 381 1493
397 1576 382 1493
397 1577 1494 382
1575 1492 396 381
383 1577 1494 398
383 398 1495 1578
380 395 1575 1492
1495 384 399 1578
317 1495 1510 316
317 1424 1413 316
224 1424 1423 316
1327 233 1423 223
224 1327 1423 234
317 1496 1495 399
1496 1579 384 399
1496 400 385 1579
462 1566 463 1578
383 462 1577 1578
462 1577 1565 461
1579 384 463 1578
1577 1576 382 461
1576 460 461 1564
1576 1575 460 381
1567 1579 463 464
385 1580 1579 464
1575 460 459 1563
1574 380 1575 459
1574 458 1562 459
1325 131 1326 222
221 1325 1315 222
130 1325 131 1315
221 1421 1410 222
130 1234 1243 131
142 132 1244 1326
141 131 1244 1326
68 1243 131 1244
221 210 1409 1314
130 221 1315 1314
130 1233 120 1314
67 130 1234 1233
221 1409 313 1410
299 1491 1409 313
1313 209 119 1314
1233 129 119 1314
209 220 1409 1314
209 298 1409 1408
1491 298 312 1409
1491 1490 379 298
233 1422 1326 223
232 1422 1326 222
1421 1422 314 222
1421 313 1410 314
1507 1492 313 314
1491 395 1492 313
1574 380 1491 395
1574 394 1491 379
1327 233 142 1326
1574 1573 458 379
1300 1313 208 209
208 209 1408 1394
298 297 1408 1394
1490 298 297 1475
1490 379 1475 378
1573 379 378 1561
1573 458 457 1561
277 1374 1458 263
176 1374 1375 263
176 1275 1363 166
1629 1639 530 529
520 1629 1723 529
520 1628 1722 529
520 1712 1722 519
520 1712 511 1619
599 1712 1711 510
608 1712 1711 519
451 1648 537 1647
536 537 1636 1647
538 1637 1648 537
527 1730 537 1636
527 1731 1637 537
538 1648 452 1649
536 450 1646 1647
1731 538 528 1637
1732 538 528 1638
527 1731 528 1721
538 539 1638 1649
527 526 1730 1720
607 518 1721 1720
617 527 1721 1720
526 1730 536 1636
526 536 1635 1729
536 535 1646 1635
539 1650 453 1649
449 535 1646 1645
547 1648 461 1647
460 461 1658 1647
462 1648 461 1659
462 1648 548 1649
460 1646 546 1647
460 459 1657 1646
545 459 1646 1645
462 1660 463 1649
1650 463 549 1649
1656 458 459 1645
1650 463 1661 464
608 1722 1721 519
618 528 1722 1721
1732 528 1722 529
1732 539 529 1638
539 1733 1639 529
608 607 1711 1721
539 1639 1650 540
1651 454 1650 540
1640 454 1639 540
1651 1650 550 464
598 599 1711 1703
1710 607 606 1720
598 607 1711 1805
1710 598 607 1804
517 606 1719 1720
526 1719 616 1720
526 525 1719 1729
535 525 1635 1729
1728 535 525 1634
535 1645 1634 534
1644 448 1645 534
544 1644 458 1645
1644 458 457 1655
1700 507 1701 500
1709 596 507 1701
1709 597 508 1701
1709 507 1708 516
1615 515 1708 516
1615 506 507 1708
1624 1718 515 516
1623 429 515 1614
1615 506 515 1614
1624 1623 515 524
1623 1633 438 524
1718 525 1719 516
1624 1718 525 524
1709 605 1719 516
1709 517 606 1719
1728 525 1634 524
1633 1634 534 524
1709 597 1710 606
598 1702 1703 591
590 501 1702 1696
597 598 1795 1702
597 1710 598 1804
597 590 1702 1701
590 501 1701 1695
1644 448 1633 534
1529 1439 333 332
343 342 1529 1439
428 343 1539 1529
420 428 1530 1529
420 1529 1521 333
420 1530 1522 333
428 1540 1539 437
420 428 1613 1614
514 1623 428 1614
1623 1622 428 437
523 1623 1633 437
343 1539 342 1449
353 1539 354 1449
343 254 1439 1449
1549 1539 354 437
1549 447 1550 437
1632 447 1633 437
1644 533 447 1633
1461 1474 366 282
1461 281 1379 282
1461 267 353 1449
1461 1549 353 354
1461 365 1549 366
1560 1549 447 366
1393 297 1394 282
1474 297 1475 282
1474 366 1475 378
1560 366 378 1561
1560 457 447 1561
1644 457 447 1643
1245 142 132 1244
1201 38 30 1200
1156 38 30 1155
38 1163 1155 6
105 1284 1285 95
1210 105 1209 95
176 1285 1275 95
176 1284 1285 188
176 1374 1375 188
1295 187 188 1388
277 1374 188 1388
105 1295 1284 188
105 104 1295 1219
47 105 1219 1209
276 277 1470 1388
47 1171 1219 46
1402 290 201 1388
1295 202 201 1388
1308 1295 115 201
1295 115 116 1219
291 290 1470 1388
55 115 1230 1219
55 1171 1219 56
1483 374 290 1470
17 55 1171 1179
1201 1275 96 95
1210 1201 38 95
1210 47 38 1209
47 1164 38 1163
47 11 1163 1171
55 1178 1179 64
55 1230 1229 64
17 1178 1179 23
126 115 1230 1229
126 1308 1307 115
1308 1307 216 201
1401 1402 216 201
1401 1402 290 305
1483 1482 290 305
1483 374 1482 386
1319 134 135 1238
1186 72 63 1185
1238 1239 72 63
135 125 1238 1239
1319 1320 135 125
226 1319 1320 215
134 1328 133 1246
1318 134 1328 225
1319 134 225 1329
226 1319 1414 225
226 1415 1414 215
1415 1414 304 318
1328 1327 133 143
224 1328 1327 234
224 1328 1424 225
317 1424 1413 225
317 1425 1414 225
317 1496 1414 318
1497 1496 304 318
1497 1496 400 385
1239 1186 63 64
1178 1186 23 64
126 1239 1229 64
1320 126 125 1239
1320 126 1307 216
1415 1320 216 215
1415 1401 216 305
1497 1415 304 305
1497 1482 386 305
1497 385 1580 386
315 1422 1508 314
396 1508 1493 314
397 315 1508 1493
397 1494 315 1509
1507 1492 396 314
233 1422 1423 223
327 315 1422 1423
315 1423 316 1509
1494 398 316 1509
398 1495 1510 316
1576 1575 396 381
397 1576 396 1493
397 1577 1576 382
397 1577 1494 398
395 1575 1492 396
383 1577 398 1578
398 1495 399 1578
1574 380 395 1575
1579 384 399 1578
317 1495 1510 399
317 1424 1510 316
1424 328 1423 316
224 1424 1423 234
1327 233 1423 234
317 1496 1511 399
1496 400 1579 399
400 385 1580 1579
462 1660 463 1578
462 1577 474 1578
462 1577 461 1659
475 1579 463 1578
1577 1576 461 473
1576 460 461 1658
1576 1575 460 472
1579 463 1661 464
1580 1579 476 464
1575 460 459 1657
1574 471 1575 459
1574 1656 458 459
232 1325 1326 222
141 1325 131 1326
221 1421 1325 222
130 221 1325 1315
130 1325 1243 131
221 1421 313 1410
141 142 1244 1326
141 1243 131 1244
221 220 1409 1314
130 221 1324 1314
130 1233 129 1314
221 1409 313 1420
1491 312 1409 313
1313 129 119 1314
1313 209 220 1314
209 220 1409 1408
298 312 1409 1408
1491 1490 298 312
394 1491 1490 379
232 233 1422 1326
232 1421 1422 222
1421 1422 326 314
1507 1421 313 314
1507 395 1492 313
1491 395 313 1506
1574 394 1491 395
1574 1573 394 379
1335 233 142 1326
1574 1573 458 470
1313 208 209 1408
1490 298 297 1408
1490 297 1475 378
1573 1490 379 378
1573 457 378 1561
1573 458 457 1655
277 1374 1375 263
176 1375 1363 263
176 1275 1363 177
1733 1639 530 529
1629 1723 530 529
520 1722 1723 529
608 1712 1722 519
520 609 1712 1722
608 599 1712 1711
547 1648 537 1647
536 537 1741 1647
1730 536 537 1636
538 1742 1648 537
1731 538 1637 537
527 1731 1730 537
538 1648 548 1649
536 1646 546 1647
1732 1731 538 528
1732 538 539 1638
618 1731 528 1721
617 527 1731 1721
538 539 1743 1649
526 1730 616 1720
617 527 1730 1720
617 607 1721 1720
526 1730 536 1729
536 535 1635 1729
1740 536 535 1646
539 1650 549 1649
545 535 1646 1645
547 461 1658 1647
547 1648 461 1659
460 1658 546 1647
462 1648 548 1659
462 1660 548 1649
460 1657 1646 546
545 459 1657 1646
545 1656 459 1645
1660 463 549 1649
1650 463 549 1661
544 1656 458 1645
1650 1661 550 464
618 608 1722 1721
618 1732 528 1722
1732 619 1722 529
1732 539 1733 529
539 1733 1639 540
608 607 1711 1805
1815 608 607 1721
539 1744 1650 540
1651 1650 540 550
1640 1639 530 540
598 599 1711 1805
1796 598 599 1703
607 606 1814 1720
1710 607 606 1804
598 607 1804 1805
606 1719 616 1720
526 1719 616 1729
615 525 1719 1729
1728 535 525 1729
1728 535 1634 534
1739 535 1645 534
544 1644 1645 534
544 1644 458 1655
1644 457 543 1655
589 1700 1701 500
596 1700 507 1701
1709 596 507 1708
1709 597 596 1701
1709 605 1708 516
1718 515 1708 516
1615 506 515 1708
506 1700 507 1708
1615 1607 506 507
1624 1718 515 524
514 1623 515 1614
1707 506 515 1614
1717 1623 515 524
523 1623 1633 524
615 1718 525 1719
605 1718 1719 516
1718 1728 525 524
1709 605 606 1719
1728 1634 534 524
1727 1633 534 524
597 1710 606 1804
1709 1803 597 606
598 1795 1702 591
1796 598 1703 591
590 1702 1696 591
590 501 1696 1695
597 1795 590 1702
597 598 1795 1804
597 590 1701 1794
590 589 1701 1695
1644 533 1633 534
1529 1521 333 332
342 1529 1439 332
343 342 1439 1449
343 1539 342 1529
428 427 1539 1529
420 428 1613 1529
1622 428 1539 437
514 428 1613 1614
514 1623 1622 428
523 1623 1622 437
523 1632 1633 437
353 1539 342 1449
1549 353 1539 354
1549 436 1539 437
1632 1549 447 437
1632 533 447 1633
1644 533 447 1643
1461 365 1474 366
1461 281 1474 282
267 353 1448 1449
1461 267 353 1460
1461 365 1549 353
365 1560 1549 366
1560 1549 447 446
1474 1393 297 282
1474 297 1475 378
1560 1474 366 378
1560 457 378 1561
1560 457 447 1643
1644 457 543 1643
1201 1156 38 30
1156 38 1155 6
1164 38 1163 6
105 1284 1285 188
1210 105 1285 95
1210 47 105 1209
1285 1275 96 95
176 1285 1275 177
176 1285 1375 188
277 1374 1375 188
1295 202 188 1388
1389 277 188 1388
1296 105 1295 188
105 1295 116 1219
47 105 1220 1219
277 291 1470 1388
47 1171 1219 56
291 1402 290 1388
202 1402 201 1388
1308 1295 202 201
1308 1295 115 116
115 116 1230 1219
1483 291 290 1470
55 1230 1219 56
55 1171 1179 56
1210 1201 96 95
1210 39 1201 38
1210 47 1164 38
47 1164 11 1163
47 11 1172 1171
1178 1179 23 64
55 1230 1179 64
126 1230 1229 64
126 1308 115 1230
126 1308 1307 216
1308 1402 216 201
1401 1402 216 305
1483 1402 290 305
1483 1482 386 305
134 135 1238 1247
1319 134 135 1329
1239 1186 72 63
135 1238 1239 72
1320 135 125 1239
226 1319 1320 135
226 1415 1320 215
134 1328 225 1329
226 1319 225 1329
226 1425 1414 225
226 1415 1414 318
1497 1415 304 318
1328 1327 143 234
224 1328 1424 234
1328 1424 225 235
317 1425 1424 225
317 1425 1414 318
317 1496 1511 318
1497 1496 400 318
1497 400 385 1580
73 1239 1186 64
126 1240 1239 64
1320 126 136 1239
1321 1320 126 216
1415 1320 227 216
1415 216 1416 305
1497 1415 319 305
1498 1497 386 305
1422 1508 326 314
327 315 1422 1508
397 396 1508 1493
1507 396 1508 314
397 315 1508 1509
397 1494 398 1509
1507 395 1492 396
327 233 1422 1423
327 315 1423 1509
328 1423 316 1509
398 1510 316 1509
398 1495 1510 399
1576 1575 396 472
397 1576 1589 396
397 1577 1576 473
397 1577 398 1590
395 1575 396 1588
1577 398 474 1578
398 1591 399 1578
1574 395 471 1575
475 1579 399 1578
317 1511 1510 399
1424 328 1510 316
329 317 1424 1510
1424 328 1423 234
233 1430 1423 234
1327 233 1336 234
1496 400 1511 399
400 1579 1592 399
400 1580 1579 476
475 1660 463 1578
462 1660 474 1578
462 1577 474 1659
1577 461 473 1659
475 1579 463 1661
1576 461 1658 473
1576 460 1658 472
1575 460 1657 472
1579 476 1661 464
471 1575 459 1657
1574 1656 471 459
1574 1656 458 470
232 1421 1325 222
141 232 1325 1326
141 1325 1243 131
221 1421 1325 231
130 221 1324 1325
221 1421 313 1420
221 220 1409 1420
221 1324 220 1314
130 1324 129 1314
312 1409 313 1420
1491 312 313 1506
1313 220 129 1314
1313 209 220 1408
220 312 1409 1408
1490 298 312 1408
394 1491 1490 312
1573 394 1490 379
232 233 1422 1429
1335 232 233 1326
232 1421 1422 326
1507 1421 326 314
1507 1421 325 313
1507 395 313 1506
394 1491 395 1506
1574 394 395 1587
1574 1573 394 470
1573 458 470 1655
1490 311 297 1408
1489 1490 297 378
393 1573 1490 378
1573 1572 457 378
1573 457 469 1655
176 1375 1363 177
1733 1639 530 540
1733 1723 530 529
619 1722 1723 529
520 609 1722 1723
609 608 1712 1722
1713 520 609 1712
608 599 1711 1805
608 599 1712 1806
547 537 1741 1647
1742 547 1648 537
536 1741 546 1647
1730 536 537 1741
538 1742 1648 548
1731 538 1742 537
627 1731 1730 537
617 527 1731 1730
538 548 1743 1649
1740 536 1646 546
1732 1731 538 628
618 1732 1731 528
1732 538 539 1743
617 618 1731 1721
539 1743 549 1649
526 1730 616 1729
617 1730 616 1720
617 607 1814 1720
617 1815 607 1721
1730 536 626 1729
1740 536 535 1729
545 1740 535 1646
539 1744 1650 549
545 1739 535 1645
547 1658 546 1647
547 461 1658 1659
547 1648 548 1659
460 1657 1658 546
462 1660 548 1659
1660 548 549 1649
545 1657 1646 546
545 1656 459 1657
545 544 1656 1645
1660 463 549 1661
1650 549 1661 550
544 1656 458 1655
1662 1661 550 464
618 1815 608 1721
618 1816 608 1722
618 1732 619 1722
1732 619 1733 529
1732 539 1733 629
539 1733 1744 540
1815 608 607 1805
1744 1650 540 550
1796 598 599 1805
606 1814 616 1720
607 606 1804 1814
607 1804 699 1805
690 598 1804 1805
606 1813 1719 616
615 1719 616 1729
615 1728 525 1729
1728 535 625 1729
1739 1728 535 534
544 1739 1645 534
544 1644 1738 534
544 1644 543 1655
457 1654 543 1655
589 1701 500 1695
589 1700 500 1694
596 589 1700 1701
596 1700 507 1708
1709 605 596 1708
597 596 1701 1794
1709 1803 597 596
605 1718 1708 516
604 1718 515 1708
1707 506 515 1708
506 595 1700 1708
1607 506 1700 507
1717 1718 515 524
514 1707 515 1614
514 1717 1623 515
505 1707 506 1614
523 1717 1623 524
523 1727 1633 524
615 1718 1728 525
605 615 1718 1719
1718 1728 614 524
605 606 1813 1719
1709 1803 605 606
1727 1728 534 524
533 1727 1633 534
1803 597 606 1804
1795 590 1702 591
1796 598 1795 591
597 1795 590 1794
690 598 1795 1804
689 597 1795 1804
590 589 1701 1794
590 589 1788 1695
1644 1738 533 534
419 1529 1521 332
1528 342 1529 332
1438 342 1439 332
253 342 1439 1449
427 1539 342 1529
428 427 1613 1529
1622 428 427 1539
419 420 1613 1529
436 1622 1539 437
514 1622 428 1613
505 514 1613 1614
523 514 1623 1622
523 1632 1622 437
523 1632 533 1633
353 1448 342 1449
353 1539 342 1538
1549 353 436 1539
1632 1549 436 437
1632 1549 447 446
1632 533 447 1643
1644 533 543 1643
365 1560 1474 366
1461 281 365 1474
281 1474 1393 282
267 353 1460 1448
267 253 1448 1449
1461 365 353 1460
1461 281 267 1460
365 1549 353 1548
365 1560 1549 446
1560 447 1643 446
1474 1393 297 296
1489 1474 297 378
1560 1474 377 378
1560 1572 457 378
456 1560 457 1643
457 1654 543 1643
39 1201 1156 38
1164 1156 38 6
1296 105 1285 188
1210 1285 96 95
1210 105 106 1285
1210 47 105 1220
1285 1275 177 96
176 1285 1375 177
189 1285 1375 188
1389 277 1375 188
1389 202 188 1388
1296 1295 202 188
1389 277 291 1388
1296 105 1295 116
105 116 1220 1219
47 1220 1219 56
47 1172 1171 56
202 291 1402 1388
1483 291 1402 290
1308 202 1402 201
1308 1295 202 116
1308 115 116 1230
116 1230 1219 56
55 1230 1179 56
18 1171 1179 56
1210 39 1201 96
1210 39 1164 38
1210 47 1164 48
1230 65 1179 64
126 1240 1230 64
126 1308 1230 127
1321 126 1308 216
1308 217 1402 216
1402 216 1416 305
1483 306 1402 305
1498 1483 386 305
226 1319 135 1329
73 1239 1186 72
135 1239 72 1248
1320 135 136 1239
226 1320 135 1330
226 1415 1320 227
1328 225 1329 235
226 1425 225 1329
226 1425 1414 318
226 1415 1426 318
1497 1415 319 318
1328 1424 235 234
1425 1424 225 235
329 317 1425 1424
317 1425 1511 318
1496 400 1511 318
73 1240 1239 64
126 136 1240 1239
1321 1320 126 136
1321 1320 227 216
1415 227 216 1416
1415 319 1416 305
1498 1497 319 305
327 1422 1508 326
1507 1508 326 314
327 315 1508 1509
397 1589 396 1508
1507 409 396 1508
397 1508 410 1509
397 398 1590 1509
1507 395 396 1588
327 233 1430 1423
327 233 1422 1429
327 328 1423 1509
328 1510 316 1509
398 1510 411 1509
398 1591 1510 399
1575 396 1588 472
1576 1589 396 472
397 1576 1589 473
397 1577 473 1590
1577 398 474 1590
395 471 1575 1588
398 1591 474 1578
475 1591 399 1578
1574 395 471 1587
475 1579 1592 399
1511 412 1510 399
329 317 1511 1510
329 1424 328 1510
328 1430 1423 234
1424 1431 328 234
400 1511 1592 399
400 1579 1592 476
475 1660 463 1661
475 1660 474 1578
462 1660 474 1659
1577 473 474 1659
461 1658 473 1659
475 1579 476 1661
1576 1658 473 472
460 1657 1658 472
471 1575 1657 472
1662 476 1661 464
1656 471 459 1657
1574 1656 471 470
1656 458 470 1655
232 1421 1325 231
1335 141 232 1326
221 1421 231 1420
221 1324 1325 231
130 1324 1325 140
1421 325 313 1420
220 312 1409 1420
221 1324 220 1420
1324 220 129 1314
312 313 1506 1420
394 1491 312 1506
1419 220 312 1408
1490 311 312 1408
394 1490 312 1505
393 1573 394 1490
232 1422 326 1429
1428 232 1421 326
1507 1421 325 326
1507 325 313 1506
1507 408 395 1506
394 395 1587 1506
1574 394 1587 470
1573 394 1586 470
1573 469 470 1655
1489 1490 311 297
1489 393 1490 378
393 1573 1572 378
1573 1572 457 469
457 469 1654 1655
264 1375 1363 177
1733 530 540 1734
619 1733 1723 529
620 1733 1723 530
609 619 1722 1723
1713 520 609 1723
609 608 1712 1806
1816 609 608 1722
1713 609 1712 600
608 599 1805 1806
599 1712 600 1806
547 1741 546 1647
1742 547 537 1741
1742 547 1648 548
1740 536 1741 546
1730 536 626 1741
627 1730 537 1741
538 1742 548 1743
1731 538 1742 628
627 1731 1742 537
617 627 1731 1730
548 1743 549 1649
545 1740 1646 546
1732 538 628 1743
618 1732 1731 628
1732 539 1743 629
617 618 1731 1826
617 618 1815 1721
539 1744 1743 549
1730 626 616 1729
617 1814 616 1720
617 1730 1825 616
617 1815 607 1814
1740 536 626 1729
1740 535 625 1729
545 1739 1740 535
1744 1650 549 550
545 544 1739 1645
1752 547 1658 546
557 547 1658 1659
1753 547 548 1659
556 1657 1658 546
1660 548 558 1659
1660 1754 548 549
1751 545 1657 546
545 1656 555 1657
1750 545 544 1656
1660 559 549 1661
1755 549 1661 550
554 544 1656 1655
560 1662 1661 550
618 1816 1815 608
618 1816 619 1722
1827 618 1732 619
1732 619 1733 629
539 1733 1744 629
1733 1744 540 630
1815 607 699 1805
1815 608 700 1805
1745 1744 540 550
1796 691 599 1805
1796 690 598 1805
606 1813 1814 616
606 1804 1814 698
607 1804 699 1814
690 1804 699 1805
615 1813 1719 616
615 1824 616 1729
615 1728 625 1729
1739 1728 535 625
624 1739 1728 534
544 1738 1739 534
544 1644 1738 543
544 1749 543 1655
1654 543 553 1655
588 589 1700 1694
596 589 1700 1793
596 589 1701 1794
596 595 1700 1708
605 1802 596 1708
1709 1803 605 596
1803 597 596 1794
605 604 1718 1708
1707 604 515 1708
1717 604 1718 515
1707 506 595 1708
506 595 1700 1699
1717 1718 614 524
514 1717 1707 515
505 514 1707 1614
523 514 1717 1623
505 1707 506 1699
523 1717 1727 524
523 533 1727 1633
615 1718 1728 614
605 615 1813 1719
605 1812 615 1718
1727 1728 614 524
1803 605 606 1813
624 1727 1728 534
1738 533 1727 534
1803 606 1804 698
1803 689 597 1804
1795 590 1789 591
1796 1795 683 591
1796 690 598 1795
1795 590 682 1794
689 597 1795 1794
689 690 1795 1804
590 589 1788 1794
1644 1738 533 543
419 1528 1529 332
1438 1528 342 332
427 1528 342 1529
253 1438 342 1439
253 1448 342 1449
427 1539 342 1538
419 427 1613 1529
1622 428 427 1613
436 1622 427 1539
1632 436 1622 437
514 513 1622 1613
1706 505 514 1613
1716 523 514 1622
523 1632 1622 522
523 1632 533 1726
353 1448 342 1538
353 436 1539 1538
1549 353 436 1548
1632 1549 436 446
1632 447 1643 446
532 1632 533 1643
1737 533 543 1643
365 1560 1474 377
281 365 1474 1473
1461 281 365 1460
281 1474 1393 296
353 1460 352 1448
267 266 1460 1448
1365 267 253 1448
365 353 1460 1548
1378 281 267 1460
365 1549 1548 446
365 1560 1559 446
456 1560 1643 446
1407 1393 297 296
1489 1474 297 296
1489 1474 377 378
1560 1572 377 378
456 1560 1572 457
456 457 1654 1643
1654 543 1643 542
39 1164 1156 38
1296 189 1285 188
1296 105 106 1285
1210 106 1285 96
1210 105 106 1220
1210 47 1220 48
1285 1286 177 96
189 1285 1375 177
1389 189 1375 188
1389 277 278 1375
1389 202 291 1388
1296 1389 202 188
1296 1295 202 116
1389 1471 277 291
1296 105 116 1220
116 1220 1219 56
47 1172 1220 56
202 291 1402 1403
1483 306 291 1402
1308 217 202 1402
1309 1308 202 116
1308 116 1230 127
1231 116 1230 56
1230 65 1179 56
1210 39 1211 96
1210 39 1164 48
47 1164 1172 48
65 1179 1187 64
1240 1230 65 64
126 1240 1230 127
1321 126 1308 127
1321 1308 217 216
217 1402 216 1416
306 1402 1416 305
1498 1483 306 305
226 135 1329 1330
135 136 1239 1248
1320 135 136 1330
226 1320 227 1330
226 1415 1426 227
1424 1431 235 234
329 1425 1424 235
329 317 1425 1511
73 136 1240 1239
73 1240 1187 64
1321 126 136 1240
1321 1320 227 136
1321 227 216 1416
1415 319 227 1416
1498 319 1416 305
327 1508 1516 326
327 1422 326 1429
1507 409 1508 326
327 1508 410 1509
1589 409 396 1508
397 1589 1508 410
1507 409 396 1588
397 410 1590 1509
398 411 1590 1509
1507 408 395 1588
327 233 1430 1429
327 328 1430 1423
1517 327 328 1509
328 1510 411 1509
398 1591 1510 411
412 1591 1510 399
1589 396 1588 472
471 1575 1588 472
1576 1589 473 472
397 1589 473 1590
1577 473 474 1590
398 1591 474 1590
395 471 1587 1588
475 1591 474 1578
475 1591 1592 399
1574 471 1587 470
475 1579 1592 476
1511 412 1592 399
329 1511 412 1510
329 1518 328 1510
329 1424 1431 328
475 1660 559 1661
1673 475 1660 474
1660 474 558 1659
1672 473 474 1659
557 1658 473 1659
475 1674 476 1661
1658 473 1671 472
556 1657 1658 472
471 1657 1670 472
1656 555 471 1657
1656 471 470 1669
554 1656 470 1655
232 1325 1334 231
1428 232 1421 231
1421 325 231 1420
221 1324 231 1420
1324 1325 231 140
325 313 1506 1420
1419 220 312 1420
1324 220 230 1420
324 312 1506 1420
394 312 1505 1506
311 1419 312 1408
1490 311 312 1505
393 394 1490 1505
393 1573 394 1586
1428 232 326 1429
1428 1421 325 326
1507 325 326 1515
1507 408 325 1506
408 395 1587 1506
394 1587 407 1506
394 1586 1587 470
1573 469 1586 470
469 1668 470 1655
1489 393 1490 311
1489 311 1407 297
1489 393 1572 378
393 1573 1572 469
1572 457 469 1654
469 1654 553 1655
1733 540 630 1734
620 1733 530 1734
620 619 1733 1723
1816 609 619 1722
1817 609 619 1723
1713 609 610 1723
609 1712 600 1806
1816 609 608 1806
608 700 1805 1806
691 599 1805 1806
1752 547 1741 546
1742 547 1741 638
627 1742 537 1741
1753 1742 547 548
1740 536 626 1741
637 1740 1741 546
627 1730 626 1741
1742 548 1743 639
538 1742 628 1743
627 1731 1742 628
617 627 1730 1825
617 627 1731 1826
1754 548 1743 549
1751 545 1740 546
1732 628 1743 629
618 1731 1826 628
1827 618 1732 628
539 1744 1743 629
617 618 1815 1826
640 1744 1743 549
1824 626 616 1729
1730 1825 626 616
617 1825 1814 616
1815 607 699 1814
617 1815 709 1814
1740 626 625 1729
1739 1740 535 625
545 636 1739 1740
1744 1755 549 550
1750 545 544 1739
1752 557 547 1658
1752 556 1658 546
1753 557 547 1659
1753 548 558 1659
1751 556 1657 546
1660 1754 548 558
1660 1754 559 549
1751 545 555 1657
1750 545 1656 555
1750 554 544 1656
1755 559 549 1661
560 1755 1661 550
554 544 1749 1655
1816 1815 608 700
710 618 1816 1815
1827 618 1816 619
1827 1732 619 629
1828 619 1733 629
1733 1744 630 629
1745 1744 540 630
1815 700 699 1805
1745 1744 641 550
1796 690 691 1805
1796 691 599 1797
606 1813 1814 698
708 1813 1814 616
1804 699 1814 698
690 699 1805 1902
1901 690 1804 699
615 1824 1813 616
615 1824 625 1729
615 1728 625 1823
624 1739 1728 625
1738 624 1739 534
544 1738 635 1739
544 1738 1749 543
1749 543 553 1655
1654 543 1748 553
588 589 1700 1793
588 1787 589 1694
596 589 1794 1793
596 595 1700 1793
1802 596 595 1708
605 1802 604 1708
1803 605 1802 596
1803 596 688 1794
1803 689 597 1794
605 1812 604 1718
1707 604 595 1708
1717 1707 604 515
1717 604 1718 614
1707 506 595 1699
588 595 1700 1699
1717 1727 614 524
514 1717 1707 603
1706 505 514 1707
1716 523 514 1717
505 1707 1699 594
523 1717 613 1727
523 533 1727 1726
615 1728 614 1823
1812 615 1718 614
605 1812 615 1813
624 1727 1728 614
1803 606 1813 698
1803 605 1813 697
1738 624 1727 534
623 1738 533 1727
1803 689 1804 698
1795 683 1789 591
1795 590 682 1789
1796 690 1795 683
590 1788 682 1794
689 1795 682 1794
689 690 1892 1795
1901 689 690 1804
589 1788 1794 681
1737 1738 533 543
419 427 1528 1529
419 1520 1528 332
1438 1528 331 332
341 1438 1528 342
427 1528 342 1538
253 1438 1448 342
436 427 1539 1538
419 427 1613 1612
513 1622 427 1613
436 1622 427 1621
1632 436 1622 522
1706 514 513 1613
1716 514 513 1622
1706 505 504 1613
1716 523 1622 522
523 1632 1726 522
532 1632 533 1726
353 352 1448 1538
341 1448 342 1538
353 436 1548 1538
1549 436 1548 446
1632 1631 436 446
532 1632 1643 446
1737 532 533 1643
1737 543 1643 542
365 1474 377 1473
365 1560 1559 377
281 1474 1473 296
281 365 1460 1473
1392 281 1393 296
353 1460 1548 352
266 1460 352 1448
1378 267 266 1460
1365 267 266 1448
1365 252 253 1448
365 1460 1548 364
1378 281 280 1460
365 1559 1548 446
456 1560 1559 446
456 1642 1643 446
207 1407 1393 296
1489 1407 297 296
1489 1474 377 296
1489 1572 377 378
456 1560 1572 377
456 1572 457 1654
456 1654 1643 542
1654 543 1748 542
1296 189 106 1285
1296 1389 189 188
1296 105 106 1220
106 1285 1286 96
1210 1211 106 96
1210 106 1220 48
47 1172 1220 48
189 1285 1286 177
189 1375 177 1376
1389 189 278 1375
1389 1471 277 278
1389 202 291 1403
1296 1389 202 203
1296 1309 202 116
1389 1471 292 291
1296 117 116 1220
1231 116 1220 56
1172 57 1220 56
217 202 1402 1403
306 291 1402 1403
1483 306 291 1484
1309 1308 217 202
1309 1308 116 127
1231 116 1230 127
1231 1230 65 56
65 1179 56 1180
1210 39 1211 48
1240 65 1187 64
1240 1230 65 127
1321 126 1240 127
1321 1308 217 127
1321 217 216 1416
306 217 1402 1416
1498 306 1416 305
73 136 1239 1248
1320 227 136 1330
329 1424 1431 235
73 136 1240 1249
1321 137 136 1240
1321 227 136 1331
1321 227 228 1416
409 1508 1516 326
327 1516 326 1429
327 1508 1516 410
1507 409 326 1515
1517 327 410 1509
1589 409 396 1588
1589 409 1508 410
397 1589 410 1590
1507 408 409 1588
411 410 1590 1509
398 1591 411 1590
408 395 1587 1588
1517 327 328 1430
1517 328 411 1509
1518 328 1510 411
412 1591 1510 411
412 1591 1592 399
1589 485 1588 472
471 1670 1588 472
1589 473 1671 472
1589 486 473 1590
1672 473 474 1590
487 1591 474 1590
484 471 1587 1588
1673 475 1591 474
475 1591 1592 488
471 1587 470 1669
475 1674 1592 476
329 1518 412 1510
475 1674 559 1661
1673 475 1660 559
1673 1660 474 558
1672 474 558 1659
557 1672 473 1659
557 1658 473 1671
560 1674 476 1661
556 1658 1671 472
556 1657 1670 472
555 471 1657 1670
1656 555 471 1669
554 1656 470 1669
554 1668 470 1655
1428 1421 325 231
325 231 1427 1420
1324 231 230 1420
324 325 1506 1420
324 1419 312 1420
324 312 1505 1506
394 407 1505 1506
311 1419 312 1505
393 1490 311 1505
393 394 1586 1505
393 1573 469 1586
1428 325 326 1515
1507 408 325 1515
408 325 1514 1506
408 1587 407 1506
394 1586 1587 407
1586 1587 470 483
469 1668 1586 470
469 1668 553 1655
1489 393 1504 311
1489 392 393 1572
393 1572 1585 469
1572 468 469 1654
1667 469 1654 553
1745 540 630 1734
620 1733 630 1734
1817 620 619 1723
1828 620 619 1733
1817 1816 609 619
1817 609 610 1723
1713 609 610 1807
609 600 1806 1807
1816 608 700 1806
1816 609 701 1806
691 700 1805 1806
691 599 1797 1806
1752 547 1741 638
637 1752 1741 546
1753 1742 547 638
627 1742 1741 638
1753 1742 548 639
637 1740 626 1741
1751 637 1740 546
627 1730 1825 626
627 1836 626 1741
1754 548 1743 639
1742 628 1743 639
627 1837 1742 628
627 1731 1826 628
617 627 1826 1825
640 1754 1743 549
1751 545 636 1740
628 1838 1743 629
1827 1732 628 629
1827 618 1826 628
640 1744 1743 629
617 1815 1826 709
710 618 1815 1826
640 1744 1755 549
1824 626 625 1729
1824 1825 626 616
708 1825 1814 616
617 1825 709 1814
1815 699 709 1814
1740 626 625 1835
636 1739 1740 625
1750 545 636 1739
1744 1755 641 550
1750 544 635 1739
1752 556 557 1658
1752 1753 557 547
1751 1752 556 546
1753 557 558 1659
1753 1754 548 558
1751 555 556 1657
1660 1754 559 558
1754 1755 559 549
1750 1751 545 555
1750 554 1656 555
1750 554 544 1749
560 1755 559 1661
1756 560 1755 550
554 1749 553 1655
710 1816 1815 700
710 1827 618 1816
1827 1816 619 711
1827 1828 619 629
1828 1733 630 629
1744 630 1839 629
1745 1744 630 641
700 699 1805 1902
1815 1912 700 699
690 691 1805 1902
1893 1796 690 691
708 1813 1814 698
708 1824 1813 616
699 1911 1814 698
1901 1804 699 698
1901 690 699 1902
615 707 1824 1813
615 1824 625 1823
624 1728 625 1823
624 1739 1834 625
1738 635 624 1739
544 1738 635 1749
1738 1749 543 634
1749 543 1748 553
552 1654 1748 553
588 1787 589 1793
588 595 1700 1793
589 1794 681 1793
596 688 1794 1793
1802 596 595 1793
1802 604 595 1708
605 1812 1802 604
1803 1802 596 688
1803 605 1802 697
1803 689 688 1794
1812 604 1718 614
1707 604 595 1801
1717 1707 604 603
1717 604 614 1811
1707 595 1699 594
588 595 1699 1792
1717 613 1727 614
1706 514 1707 603
1716 514 1717 603
1706 505 1707 594
1716 523 1717 613
505 1698 1699 594
523 613 1727 1726
623 533 1727 1726
1812 615 614 1823
624 1728 614 1823
1812 615 707 1813
605 1812 1813 697
624 1727 614 1822
1803 1813 697 698
623 1738 624 1727
623 1737 1738 533
1803 689 1900 698
1901 689 1804 698
1795 683 682 1789
590 1788 682 1789
690 1892 1795 683
1893 1796 690 683
1788 682 1794 681
689 1891 682 1794
689 1892 1795 682
1901 689 690 1892
1787 589 1788 681
1737 1738 543 634
419 427 1528 1612
1520 1528 331 332
419 418 1520 1528
341 1438 1528 331
341 1528 342 1538
341 1438 1448 342
427 426 1528 1538
252 253 1438 1448
436 427 1621 1538
419 504 1613 1612
513 427 1613 1612
513 1622 427 1621
436 1622 1621 522
1632 1631 436 522
1706 513 504 1613
1716 1706 514 513
1716 513 1622 522
505 1606 504 1613
1706 505 1698 504
1716 523 1726 522
532 1632 1726 522
1737 532 533 1726
353 1548 352 1538
341 352 1448 1538
435 436 1548 1538
1631 436 1548 446
532 1632 1631 446
532 1642 1643 446
1737 532 1643 542
1737 543 1748 542
1474 377 1473 296
365 1559 377 1473
456 1560 1559 377
1392 281 1473 296
365 1460 1473 364
281 280 1460 1473
1392 281 192 1393
207 1392 1393 296
1460 1548 352 364
266 1460 352 1459
266 1447 352 1448
1378 280 266 1460
1365 1378 267 266
1365 252 266 1448
1365 1354 252 253
365 1559 1548 364
1378 1392 281 280
1559 1548 446 445
456 1642 1559 446
456 1642 1643 542
207 1406 1407 296
1489 1407 310 296
1488 1489 377 296
1489 392 1572 377
456 1571 1572 377
456 1572 468 1654
456 1653 1654 542
552 1654 1748 542
189 106 1285 1286
1296 189 106 1297
1296 1389 189 203
1296 117 106 1220
1210 1211 106 48
1221 106 1220 48
1172 57 1220 48
1389 1390 189 278
1389 1471 292 278
1389 202 1403 203
1389 292 291 1403
1296 1309 202 203
1296 1309 117 116
117 1231 116 1220
1231 57 1220 56
306 217 1402 1403
1309 217 202 1403
306 291 1403 1484
1309 1308 217 127
1309 1231 116 127
1231 1230 65 127
1231 65 56 1180
1240 1241 65 127
1321 137 1240 127
1322 1321 217 127
1321 217 228 1416
1417 306 217 1416
137 136 1240 1249
1321 137 136 1331
409 1516 326 1515
409 1508 1516 410
1517 327 1516 410
1507 408 409 1515
1517 411 410 1509
1589 409 485 1588
1589 409 1600 410
1589 486 410 1590
408 1599 409 1588
1601 411 410 1590
487 1591 411 1590
484 408 1587 1588
1517 1518 328 411
1518 412 1510 411
1602 412 1591 411
412 1591 1592 488
485 1670 1588 472
1589 485 1671 472
484 471 1670 1588
1589 486 473 1671
1672 486 473 1590
487 1672 474 1590
487 1673 1591 474
484 471 1587 1669
1673 475 1591 488
475 1674 1592 488
1587 470 1669 483
560 1674 559 1661
1673 475 1674 559
1673 1660 559 558
1673 1672 474 558
557 1672 558 1659
557 1672 473 1671
556 557 1658 1671
556 1670 1671 472
555 556 1657 1670
555 471 1670 1669
554 1656 555 1669
554 1668 470 1669
554 1668 553 1655
1428 325 231 1427
231 1427 230 1420
324 325 1427 1420
324 325 1514 1506
324 1419 312 1505
324 1419 230 1420
324 407 1505 1506
394 1586 407 1505
323 311 1419 1505
393 1504 311 1505
393 406 1586 1505
393 1585 469 1586
1428 330 326 1515
408 325 1514 1515
408 1514 407 1506
408 1598 1587 407
1586 1587 407 483
1668 1586 470 483
469 1668 1586 482
1667 469 1668 553
1489 392 393 1504
392 393 1572 1585
1572 1585 468 469
1667 468 469 1654
552 1667 1654 553
620 1829 630 1734
1828 620 1733 630
1817 620 610 1723
1828 1817 620 619
1817 1816 619 711
1817 1816 609 701
1817 609 610 1807
609 701 1806 1807
1816 700 701 1806
691 700 1805 1902
1903 691 700 1806
692 691 1797 1806
1752 1753 547 638
637 1752 1741 638
1751 637 1752 546
1753 1742 638 639
627 1837 1742 638
627 1836 1741 638
1753 1754 548 639
637 1836 626 1741
637 1740 626 1835
1751 636 637 1740
627 1836 1825 626
640 1754 1743 639
628 1838 1743 639
1837 1742 628 639
627 1826 1837 628
617 1826 1825 709
720 627 1826 1825
640 1754 1755 549
1750 1751 545 636
640 1838 1743 629
1827 628 1838 629
1827 721 1826 628
710 1827 618 1826
640 1744 1839 629
710 1815 1826 709
640 1744 1755 641
1824 626 625 1835
1824 1825 626 719
708 1824 1825 616
708 1825 709 1814
699 709 1911 1814
1815 1912 699 709
636 1740 625 1835
636 1739 1834 625
1750 636 635 1739
1756 1755 641 550
1750 544 635 1749
1752 556 1763 557
1752 1753 557 648
1751 1752 647 556
1753 1764 557 558
1753 1754 649 558
1751 555 556 1762
1765 1754 559 558
1754 1755 559 650
1750 1751 646 555
1750 554 1761 555
1750 554 645 1749
560 1766 1755 559
554 1749 553 1760
710 1815 1912 700
710 1816 1913 700
710 1827 1816 711
1827 1828 619 711
1827 1828 722 629
1828 630 1839 629
1744 630 641 1839
1745 1840 630 641
1912 700 699 1902
1893 690 691 1902
708 1911 1814 698
708 1910 1813 698
708 707 1824 1813
1901 699 1911 698
1901 792 699 1902
1901 783 690 1902
615 707 1824 1823
718 1824 625 1823
624 1834 625 1823
635 624 1739 1834
1738 635 624 1833
1738 635 1749 634
1749 543 1748 634
1749 644 1748 553
552 1748 553 1759
1787 589 681 1793
588 1787 680 1793
588 595 1792 1793
688 1794 681 1793
1802 596 688 1793
1802 595 687 1793
1802 604 595 1801
1812 1802 604 696
605 1812 1802 697
1803 1802 688 697
689 1891 688 1794
1803 689 1900 688
1812 604 614 1811
1707 595 1801 594
1707 604 1801 603
1717 604 603 1811
1717 613 614 1811
595 1699 1792 594
588 587 1699 1792
613 1727 614 1822
1706 1707 594 603
1716 1706 514 603
1716 1717 613 603
1706 505 1698 594
1716 523 613 1726
587 1698 1699 594
623 613 1727 1726
623 1737 533 1726
1812 706 614 1823
1812 615 707 1823
624 614 1822 1823
1812 707 1813 697
623 624 1727 1822
1910 1813 697 698
1803 1900 697 698
623 1738 624 1833
623 1737 1738 634
1901 689 1900 698
1892 1795 683 682
1893 690 1892 683
1788 682 681 1884
1891 682 1794 681
689 1892 1891 682
1901 689 782 1892
1901 783 690 1892
1787 1788 681 675
1787 589 1788 585
1737 543 1748 634
427 426 1528 1612
419 418 1528 1612
418 1520 1528 331
1605 419 418 1520
1527 341 1528 331
1437 341 1438 331
341 426 1528 1538
252 341 1438 1448
427 426 1621 1538
1354 252 253 1438
435 436 1621 1538
1606 419 504 1613
1605 419 504 1612
513 504 1613 1612
513 427 1621 1612
513 1622 1621 522
1631 436 1621 522
532 1632 1631 522
1706 513 504 1705
1716 1706 513 602
1716 513 1715 522
1706 593 1698 504
1716 612 1726 522
532 1726 1725 522
1737 532 622 1726
435 1548 352 1538
341 1447 352 1448
1537 341 352 1538
435 1631 436 1548
1631 1548 446 445
532 1642 1631 446
532 1642 1643 542
1737 532 542 1736
1737 1748 633 542
1488 377 1473 296
1559 376 377 1473
365 1559 1473 364
456 1571 1559 377
1392 295 1473 296
1392 281 280 1473
280 1460 1473 364
1378 1392 281 192
207 1392 192 1393
207 1392 1406 296
1460 352 1459 364
1547 1548 352 364
266 1447 352 1459
280 266 1460 1459
252 266 1447 1448
1377 1378 280 266
1365 1378 178 266
1365 252 1364 266
1365 1354 167 252
1559 1548 445 364
1378 1392 191 280
1642 1559 446 445
456 1642 1559 455
456 1653 1642 542
1406 1407 310 296
1488 1489 310 296
1488 1489 392 377
392 1571 1572 377
456 1571 1572 468
456 1653 468 1654
552 1653 1654 542
552 1748 1747 542
189 106 1286 1297
1296 117 106 1297
1296 189 203 1297
1389 1390 189 203
1221 117 106 1220
1221 1211 106 48
1221 57 1220 48
1389 292 1390 278
1309 202 1403 203
1389 292 1403 203
292 291 1403 1484
1296 1309 117 203
1309 117 1231 116
117 1231 57 1220
1231 57 56 1180
1417 306 217 1403
1309 217 1403 218
1322 1309 217 127
1309 1231 128 127
1231 1241 65 127
1231 65 66 1180
1240 1241 74 65
137 1240 1241 127
1322 1321 137 127
1322 1321 217 228
1417 217 228 1416
137 1240 74 1249
330 1516 326 1515
415 409 1516 1515
409 1600 1516 410
1517 416 1516 410
408 1599 409 1515
1601 1517 411 410
1589 409 1600 485
1599 409 485 1588
1589 1600 486 410
1601 486 410 1590
484 408 1599 1588
1601 487 411 1590
487 1602 1591 411
484 408 1598 1587
1602 1518 412 411
1602 412 1591 488
485 1670 1671 472
484 485 1670 1588
1589 485 486 1671
484 471 1670 1669
1672 486 473 1671
487 1672 486 1590
487 1673 1672 474
487 1673 1591 488
484 1587 1669 483
1673 475 1674 488
1668 470 1669 483
560 1674 1766 559
571 1673 1674 559
1765 1673 559 558
570 1673 1672 558
1764 557 1672 558
569 557 1672 1671
556 1763 557 1671
568 556 1670 1671
555 556 1762 1670
555 567 1670 1669
554 1761 555 1669
554 1668 566 1669
554 1668 553 1760
324 1427 230 1420
324 1514 407 1506
324 323 1419 1505
406 1586 407 1505
1504 323 311 1505
393 1504 406 1505
393 1585 406 1586
1585 469 1586 482
1598 1587 407 483
1668 1586 482 483
1667 469 1668 482
1667 1668 565 553
392 393 1504 1585
1489 392 1504 310
392 1572 1585 468
1667 1585 468 469
552 1667 468 1654
552 1667 553 1759
1828 620 1829 630
1817 620 1818 610
1828 1817 619 711
1828 712 1817 620
1817 1816 711 701
1817 609 701 1807
1817 702 610 1807
692 701 1806 1807
1816 1913 700 701
1903 700 701 1806
1903 691 700 1902
1903 692 691 1806
1752 1753 648 638
637 1836 1741 638
637 1752 1847 638
1751 637 1752 647
1837 1742 638 639
1753 638 1848 639
627 1836 1837 638
1753 1754 649 639
637 1836 626 1835
636 637 1740 1835
1751 636 637 1846
1836 1825 626 719
720 627 1836 1825
640 1754 1849 639
640 1838 1743 639
1837 628 1838 639
721 1826 1837 628
720 627 1826 1837
720 1826 1825 709
640 1754 1755 650
1750 1751 646 636
640 1838 1839 629
1827 722 1838 629
1827 721 628 1838
710 1827 721 1826
640 1744 641 1839
710 1923 1826 709
710 1815 1912 709
640 1755 641 1850
1824 626 719 1835
718 1824 625 1835
708 1824 1825 719
708 709 1911 1814
708 1825 709 1922
1912 699 709 1911
636 1834 625 1835
636 635 1739 1834
1750 636 635 1845
1756 651 1755 641
1750 645 635 1749
1752 1763 557 648
1752 647 556 1763
1753 1764 557 648
1751 647 556 1762
1753 1764 649 558
1765 1754 649 558
1751 646 555 1762
1765 1754 559 650
1766 1755 559 650
1750 646 1761 555
1750 554 1761 645
554 645 1749 1760
560 651 1766 1755
1749 644 553 1760
710 1912 1913 700
710 1816 1913 711
710 1827 711 1924
1827 1828 711 722
1828 722 1839 629
1828 723 630 1839
1840 630 641 1839
1912 792 699 1902
793 1912 700 1902
1893 691 784 1902
1893 783 690 1902
708 1910 1911 698
708 707 1910 1813
708 707 1824 1921
1901 792 699 1911
1901 791 1911 698
1901 783 792 1902
718 707 1824 1823
718 1834 625 1823
624 717 1834 1823
635 624 1834 1833
1738 635 634 1833
635 1749 1844 634
1749 644 1748 634
644 1748 553 1759
552 1748 643 1759
1787 680 681 1793
588 680 1792 1793
588 1787 1786 680
595 687 1792 1793
688 1890 681 1793
1891 688 1794 681
1802 687 688 1793
1802 595 687 1801
1802 604 1801 696
1812 604 1811 696
1812 1802 697 696
1802 688 1899 697
1803 1900 688 697
689 1891 1900 688
1812 706 614 1811
595 1801 1792 594
1707 1801 594 603
604 1801 603 1811
1717 613 603 1811
613 614 1822 1811
587 1699 1792 594
588 587 1786 1792
623 613 1727 1822
1706 1800 594 603
1716 1706 602 603
1716 613 603 1810
1706 593 1698 594
1716 612 613 1726
587 1698 1791 594
623 613 1821 1726
623 1737 622 1726
706 614 1822 1823
1812 707 706 1823
624 717 1822 1823
707 1910 1813 697
1812 707 1909 697
623 624 1822 1833
1910 1900 697 698
623 1738 634 1833
623 1737 634 1832
1901 791 1900 698
1901 689 782 1900
1892 1885 683 682
1893 1892 776 683
1893 783 690 1892
1788 681 675 1884
1788 682 676 1884
1891 682 681 1884
1892 1891 682 775
689 782 1892 1891
1901 783 782 1892
1787 1883 681 675
1737 1748 634 633
418 426 1528 1612
427 426 1621 1612
1605 419 418 1612
1527 418 1528 331
1519 418 1520 331
1527 341 426 1528
1437 1527 341 331
1437 244 1438 331
1437 252 341 1438
1537 341 426 1538
252 341 1447 1448
435 426 1621 1538
1354 252 244 1438
435 1631 436 1621
1605 504 1612 503
513 504 1705 1612
512 513 1621 1612
513 1715 1621 522
521 1631 1621 522
532 1631 1725 522
1706 513 602 1705
1706 593 504 1705
1716 513 1715 602
1716 612 1715 522
1697 593 1698 504
612 1726 1725 522
532 622 1726 1725
1737 532 622 1736
435 1547 1548 352
1537 435 352 1538
1537 341 1447 352
435 1631 1548 445
1642 1631 446 445
532 1642 1631 531
532 1642 542 1736
1737 633 542 1736
1748 1747 633 542
1488 295 1473 296
1488 376 377 1473
1559 376 1473 364
1571 1559 376 377
456 1571 1559 455
1392 1406 295 296
1392 280 295 1473
280 1460 1459 364
280 1472 1473 364
1378 1392 191 192
207 1392 206 1406
1547 352 1459 364
1547 1548 445 364
1447 352 351 1459
265 266 1447 1459
1377 280 266 1459
252 1364 266 1447
1377 1378 178 266
1377 1378 191 280
1365 1364 178 266
1365 167 252 1364
1354 1353 167 252
1559 445 1558 364
1392 191 280 1391
1642 1559 455 445
456 1653 1642 455
1653 1642 542 541
1488 1406 310 296
1488 1489 392 310
1488 392 1571 377
392 1571 1572 468
456 1571 1653 468
552 1653 468 1654
552 1653 1747 542
552 1748 1747 643
1221 117 106 1297
1296 117 203 1297
1390 189 203 1297
1389 292 1390 203
1221 117 57 1220
1309 1403 203 218
292 1404 1403 203
292 1403 1484 307
1309 117 203 1310
1309 117 1231 128
117 1231 57 1232
1231 57 66 1180
1417 217 1403 218
1417 306 1403 307
1322 1309 217 218
1322 1309 128 127
1231 1241 128 127
1231 1241 65 66
137 1240 1241 74
1322 137 1241 127
1322 1321 137 228
1322 1417 217 228
415 409 1600 1516
415 1599 409 1515
416 1600 1516 410
1601 1517 416 410
408 1599 414 1515
417 1601 1517 411
1589 1600 485 486
1599 409 1600 485
484 1599 485 1588
1601 1600 486 410
1601 487 486 1590
484 408 1598 1599
1601 487 1602 411
487 1602 1591 488
484 1598 1587 483
568 485 1670 1671
1683 484 485 1670
1684 485 486 1671
484 567 1670 1669
569 1672 486 1671
487 1672 486 1685
570 487 1673 1672
1686 487 1673 488
484 1682 1669 483
571 1673 1674 488
1668 566 1669 483
571 1674 1766 559
571 1765 1673 559
570 1765 1673 558
570 1764 1672 558
569 1764 557 1672
569 1763 557 1671
568 556 1763 1671
568 556 1762 1670
555 567 1762 1670
1761 555 567 1669
554 1761 566 1669
554 1668 566 1760
1668 565 553 1760
393 1504 1585 406
1667 1585 469 482
1668 482 1681 483
1667 1668 482 565
1667 565 553 1759
405 392 1504 1585
392 1584 1585 468
481 1667 1585 468
1666 552 1667 468
564 552 1667 1759
1828 723 1829 630
1828 712 620 1829
1817 1818 702 610
712 1817 620 1818
1828 712 1817 711
1816 1913 711 701
1817 1914 711 701
1817 702 701 1807
692 1904 701 1807
1903 692 701 1806
1903 1913 700 701
1903 691 784 1902
1903 793 700 1902
1903 692 691 1894
1753 648 638 1848
1752 1847 648 638
637 1836 1847 638
637 1752 647 1847
1751 637 1846 647
1837 638 1848 639
1753 649 1848 639
731 1836 1837 638
720 627 1836 1837
1754 1849 649 639
1836 626 719 1835
637 1836 730 1835
636 637 1846 1835
1751 646 636 1846
720 1836 1825 719
640 1754 1849 650
640 1838 1849 639
732 1837 1838 639
721 1837 628 1838
720 721 1826 1837
720 1825 709 1922
720 1923 1826 709
640 1755 650 1850
1750 646 636 1845
640 1838 733 1839
722 1838 1839 629
1827 721 722 1838
710 1923 721 1826
710 1827 721 1924
640 641 1839 1850
710 1923 1912 709
651 1755 641 1850
718 1824 719 1835
718 1834 625 1835
708 1825 1922 719
708 1824 1921 719
708 709 1911 1922
1912 792 699 1911
1912 802 709 1911
729 636 1834 1835
636 635 1845 1834
1750 645 635 1845
645 635 1749 1844
1763 1764 557 648
1752 647 1763 648
647 556 1763 1762
1753 1764 648 649
1751 646 647 1762
1765 1764 649 558
1765 1754 649 650
646 1761 555 1762
1765 1766 559 650
651 1766 1755 650
1750 646 1761 645
554 1761 645 1760
645 1749 644 1760
644 553 1760 1759
793 1912 1913 700
710 1912 1913 803
710 1913 711 1924
1827 711 722 1924
1828 711 722 1925
1828 722 723 1839
723 1840 630 1839
734 1840 641 1839
793 1912 792 1902
1893 691 1894 784
1893 783 784 1902
708 1910 801 1911
791 1910 1911 698
708 707 1910 1921
718 707 1824 1921
1901 791 792 1911
783 1999 792 1902
1901 783 792 1998
718 707 1920 1823
718 717 1834 1823
624 717 1834 1833
635 1834 728 1833
635 1844 634 1833
1749 644 1844 634
644 1748 1843 634
644 1748 643 1759
552 1758 643 1759
680 1890 681 1793
1787 1883 680 681
680 687 1792 1793
588 1786 680 1792
1787 1786 680 674
595 687 1801 1792
687 688 1890 1793
1891 688 1890 681
1802 687 688 1899
1802 687 1801 696
604 1801 1811 696
1812 706 1811 696
1802 1899 697 696
1812 1909 697 696
1900 688 1899 697
1891 1900 781 688
689 782 1891 1900
706 614 1822 1811
1801 1792 594 686
1801 1800 594 603
695 1801 603 1811
613 603 1811 1810
613 705 1822 1811
587 1791 1792 594
587 679 1786 1792
623 613 1821 1822
1706 602 1800 603
1706 593 1800 594
1716 602 603 1810
1716 612 613 1810
593 1698 1791 594
612 613 1821 1726
587 1698 1791 586
623 622 1821 1726
623 1737 622 1832
717 706 1822 1823
707 706 1920 1823
1812 707 1909 706
624 717 1822 1833
707 1910 1909 697
623 1822 716 1833
1910 1900 697 790
791 1910 1900 698
623 634 1832 1833
1737 634 633 1832
1901 782 791 1900
1892 1885 682 775
1892 776 1885 683
1893 783 1892 776
1883 681 675 1884
1891 774 681 1884
1891 682 775 1884
782 1892 1891 775
783 782 1892 1989
1901 783 782 1998
1748 1843 634 633
1611 418 426 1612
1527 418 426 1528
512 426 1621 1612
1605 418 1612 503
1519 1527 418 331
1527 1537 341 426
1437 1432 244 331
1437 252 244 1438
1437 252 341 1447
1537 435 426 1538
435 1620 426 1621
1354 1353 252 244
521 435 1631 1621
504 1705 1612 503
1697 1605 504 503
512 513 1705 1612
512 513 1715 1621
521 1715 1621 522
521 1631 1725 522
532 1631 531 1725
513 1715 602 1705
1706 593 602 1705
1697 593 504 1705
1716 612 1715 602
612 1715 1725 522
1697 593 1698 586
612 622 1726 1725
532 622 1725 1736
1737 622 633 1736
435 1547 1548 445
1537 435 1547 352
1537 1447 352 351
340 1537 341 1447
435 1631 445 1630
1642 1631 531 445
532 1642 531 1736
1642 542 541 1736
1747 633 542 1736
1748 1747 633 643
1488 295 376 1473
1488 1406 295 296
1488 1571 376 377
1472 376 1473 364
1559 376 1558 364
1571 1559 455 376
456 1571 1653 455
1392 206 1406 295
280 1472 295 1473
1392 280 295 1391
280 1472 1459 364
207 206 1406 1312
207 1392 206 1299
1547 352 351 1459
363 1547 1459 364
1547 445 1558 364
265 1364 266 1447
1377 265 266 1459
1377 280 279 1459
1377 1364 178 266
1377 1378 191 178
1377 191 280 1391
1365 167 1364 178
1353 167 252 1364
1559 455 445 1558
1392 191 206 1391
1642 455 1641 445
1653 1642 455 541
1653 1747 542 541
1488 309 1406 310
1488 392 1503 310
1488 392 1571 391
392 1584 1571 468
1571 1653 467 468
1666 552 1653 468
552 1653 551 1747
552 1758 1747 643
117 203 1297 1310
1390 204 203 1297
292 1390 1404 203
1404 1403 203 218
1309 203 218 1310
292 1404 1403 307
292 1485 1484 307
1309 117 128 1310
117 1231 1232 128
1231 57 1232 66
1417 1403 218 307
1322 1417 217 218
1322 1309 218 128
1322 1241 128 127
1231 1241 66 128
1322 138 137 1241
1332 1322 137 228
229 1322 1417 228
415 1599 409 1600
415 1599 414 1515
1601 416 1600 410
408 1598 1599 414
417 1601 1602 411
1684 1600 485 486
495 1599 1600 485
1683 484 1599 485
1601 496 1600 486
1601 487 486 1685
484 494 1598 1599
1601 487 1602 497
1686 487 1602 488
484 1682 1598 483
1683 568 485 1670
1684 568 485 1671
1683 484 567 1670
1684 569 486 1671
484 1682 567 1669
569 1672 486 1685
570 487 1672 1685
570 1686 487 1673
571 1686 1673 488
1682 566 1669 483
1668 566 1681 483
571 1765 1766 559
570 571 1765 1673
570 1765 1764 558
570 569 1764 1672
569 1763 1764 557
568 569 1763 1671
568 556 1763 1762
568 567 1762 1670
1761 555 567 1762
1761 567 566 1669
554 1761 566 1760
1668 566 565 1760
565 553 1760 1759
481 1667 1585 482
1668 482 1681 565
1680 1667 482 565
564 1667 565 1759
405 392 1584 1585
481 1584 1585 468
481 1666 1667 468
1666 564 552 1667
564 552 1758 1759
723 1829 1840 630
1828 712 723 1829
712 620 1818 1829
712 1817 1818 702
712 1817 1914 711
1828 712 711 1925
1914 1913 711 701
1817 1914 702 701
1904 702 701 1807
1903 692 1904 701
1903 1913 794 701
1903 793 1913 700
1903 691 1894 784
1903 793 784 1902
1903 692 785 1894
1847 648 638 1848
1753 648 649 1848
1752 647 1847 648
731 1836 1847 638
637 1836 1847 730
637 1846 647 1847
1751 646 1846 647
732 1837 1848 639
731 1837 638 1848
1849 649 1848 639
720 731 1836 1837
1754 1849 649 650
1836 730 719 1835
637 1846 730 1835
729 636 1846 1835
646 636 1846 1845
720 1825 1922 719
720 1836 1933 719
640 1849 650 1850
640 1838 1849 733
732 1838 1849 639
721 732 1837 1838
720 1923 721 1826
720 1934 721 1837
720 1923 709 1922
651 1755 650 1850
1750 646 645 1845
640 733 1839 1850
722 1838 733 1839
721 722 1935 1838
1827 721 722 1924
710 1923 721 1924
734 641 1839 1850
1923 1912 802 709
710 1923 1912 803
651 1851 641 1850
718 1932 719 1835
718 1824 1921 719
729 718 1834 1835
708 1921 1922 719
708 801 1911 1922
802 709 1911 1922
1912 802 792 1911
729 636 1845 1834
635 1845 1834 728
645 635 1845 1844
645 1749 644 1844
1763 1764 658 648
647 1763 648 1858
647 1763 1762 657
1764 1859 648 649
1857 646 647 1762
659 1765 1764 649
1860 1765 649 650
646 1761 656 1762
1765 660 1766 650
1861 651 1766 650
646 1761 1856 645
1761 645 655 1760
645 644 1855 1760
644 654 1760 1759
793 1912 1913 803
710 1913 1924 803
1913 711 804 1924
711 722 1925 1924
1828 722 723 1925
1936 722 723 1839
723 734 1840 1839
734 1851 1840 641
793 1999 792 1902
793 2009 1912 792
783 1999 784 1902
1893 783 1990 784
708 1910 1921 801
791 1910 801 1911
800 707 1910 1921
718 707 1921 1920
791 792 2008 1911
1901 791 792 1998
783 1999 792 1998
718 717 1920 1823
718 717 1931 1834
717 1834 728 1833
635 1844 728 1833
727 1844 634 1833
644 1844 1843 634
644 1748 1843 643
1854 644 643 1759
653 1758 643 1759
680 687 1890 1793
1883 680 1890 681
1787 1883 680 674
680 687 1792 1889
679 1786 680 1792
1786 680 1882 674
687 1801 1792 686
687 688 1899 1890
1891 774 1890 681
1891 781 688 1890
1802 687 1899 696
1898 687 1801 696
695 1801 1811 696
1908 706 1811 696
1812 1909 706 696
1909 1899 697 696
1900 1899 697 790
1900 781 688 1899
782 1891 1900 781
705 706 1822 1811
1801 1800 594 686
1791 1792 594 686
695 1801 1800 603
695 603 1811 1810
613 705 1811 1810
613 1821 705 1822
587 679 1791 1792
623 1821 1822 716
602 1800 603 1810
1706 593 602 1800
593 1791 1800 594
1716 612 602 1810
612 613 1821 1810
593 1698 1791 586
612 622 1821 1726
1785 587 1791 586
623 622 1821 1832
1737 622 633 1832
717 706 1920 1823
717 706 1822 1919
707 1909 706 1920
717 1822 716 1833
1910 1909 697 790
800 707 1910 1909
623 716 1832 1833
791 1910 1900 790
727 634 1832 1833
1843 634 633 1832
782 791 1900 1997
1901 782 791 1998
1885 682 775 1884
1892 776 1885 775
783 1892 776 1989
1893 783 1990 776
1883 774 681 1884
1891 774 775 1884
782 1891 1988 775
782 1892 1989 775
783 782 1998 1989
1748 1843 633 643
1611 418 1612 503
512 1611 426 1612
1527 1611 418 426
512 1620 426 1621
1353 1437 252 244
1537 435 1620 426
521 435 1620 1621
1354 1353 244 158
521 435 1631 1630
512 1705 1612 503
1697 504 1705 503
1697 1605 504 499
512 513 1715 1705
521 512 1715 1621
521 1715 1725 522
521 1631 531 1725
532 531 1725 1736
601 1715 602 1705
593 1799 602 1705
1697 593 592 1705
612 1715 602 1809
611 612 1715 1725
1697 593 1790 586
612 1820 622 1725
621 622 1725 1736
622 1831 633 1736
435 1547 445 1630
1537 1547 352 351
1631 531 445 1630
1642 1641 531 445
1642 531 541 1736
1747 542 541 1736
632 1747 633 1736
1842 1747 633 643
1472 295 376 1473
1488 1487 295 376
1488 309 1406 295
1488 1571 391 376
1472 376 1558 364
1559 455 376 1558
1571 455 1570 376
1571 1653 467 455
1405 206 1406 295
1392 206 295 1391
280 1472 295 1391
363 1472 1459 364
280 279 1472 1459
206 1406 1312 219
207 206 1312 1299
1392 191 206 1299
1377 280 279 1391
1377 191 190 1391
455 1641 445 1558
1642 455 1641 541
1653 1652 455 541
1653 551 1747 541
1488 1503 309 310
1488 392 1503 391
392 1584 1571 391
1584 1571 467 468
1666 1653 467 468
1666 552 1653 551
552 551 1758 1747
1758 1747 642 643
1390 1404 204 203
293 292 1390 1404
1404 1403 218 307
1404 203 218 1310
1309 218 128 1310
292 1485 1404 307
387 1485 1484 307
1231 1232 66 128
1418 1417 218 307
229 1322 1417 218
1322 1323 218 128
1322 138 1241 128
1241 1242 66 128
1250 138 137 1241
1332 1322 138 137
1332 229 1322 228
415 495 1599 1600
1604 415 1599 414
494 1598 1599 414
1684 496 1600 486
1684 495 1600 485
1683 495 1599 485
1683 484 494 1599
1601 496 486 1685
1601 487 497 1685
484 494 1682 1598
1682 1598 493 483
1683 568 567 1670
1684 1683 568 485
1684 568 569 1671
1683 484 1682 567
1684 569 486 1685
1682 567 566 1669
570 569 1672 1685
570 1686 487 1685
570 571 1686 1673
1682 566 1681 483
1668 566 1681 565
571 1765 660 1766
570 571 1765 1775
659 570 1765 1764
570 1774 569 1764
569 1763 1764 658
568 1773 569 1763
568 1763 1762 657
1772 568 567 1762
1761 656 567 1762
1761 1771 567 566
1761 566 655 1760
566 565 1770 1760
565 654 1760 1759
481 1585 1597 482
481 1680 1667 482
1680 482 1681 565
1680 564 1667 565
564 565 1769 1759
405 392 1584 1503
481 405 1584 1585
481 1666 1584 468
481 1666 564 1667
1666 564 552 1758
564 653 1758 1759
1829 631 1840 630
724 723 1829 1840
712 723 1829 1926
1828 712 723 1925
712 1915 1818 702
712 1817 1914 702
712 1914 711 1925
1914 1913 794 701
1914 1913 711 804
1914 1904 702 701
1903 1904 794 701
1903 692 785 1904
1903 793 1913 794
1903 785 1894 784
793 1999 784 1902
1903 2000 793 784
1847 742 648 1848
731 1847 638 1848
1859 648 649 1848
647 1847 648 1858
731 1836 1847 730
637 1846 1847 730
741 1846 647 1847
1857 646 1846 647
732 1849 1848 639
731 732 1837 1848
743 1849 649 1848
720 731 1836 1933
720 1934 731 1837
1860 1849 649 650
730 1932 719 1835
1836 730 1933 719
729 1846 730 1835
729 636 1846 1845
740 646 1846 1845
720 1933 1922 719
640 1849 733 1850
744 1849 650 1850
732 1838 1849 733
721 732 1935 1838
1934 721 732 1837
720 1934 1923 721
1923 802 709 1922
720 1923 814 1922
1861 651 650 1850
646 1856 645 1845
734 733 1839 1850
722 1935 1838 733
1936 722 733 1839
721 722 1935 1924
1923 721 815 1924
710 1923 1924 803
734 1851 641 1850
1923 1912 802 803
745 651 1851 1850
718 1921 1932 719
729 718 1932 1835
729 718 1931 1834
813 1921 1922 719
708 1921 801 1922
802 801 1911 1922
802 792 2008 1911
2009 1912 802 792
729 1845 1834 728
635 1845 1844 728
645 739 1845 1844
645 644 1855 1844
1764 1859 658 648
1763 658 648 1858
647 1763 657 1858
1857 647 1762 657
659 1764 1859 649
1857 646 656 1762
659 1860 1765 649
1860 1765 660 650
646 1761 656 1856
1861 660 1766 650
1761 1856 645 655
645 1855 655 1760
644 1855 654 1760
1854 644 654 1759
793 2009 1912 803
2010 793 1913 803
1913 804 1924 803
711 804 1925 1924
816 722 1925 1924
1936 722 723 1925
1936 723 734 1839
1937 723 734 1840
793 2009 1999 792
783 1999 1990 784
800 1910 1921 801
791 2008 801 1911
2007 791 1910 801
800 707 1921 1920
812 718 1921 1920
791 792 2008 1998
1999 884 792 1998
783 1999 875 1998
718 717 1931 1920
717 1931 1834 728
717 728 1930 1833
727 1844 728 1833
727 1844 1843 634
644 1844 1843 738
1854 644 1843 643
1854 653 643 1759
653 1853 1758 643
680 687 1890 1889
1883 774 1890 681
1883 680 1890 773
1883 680 1882 674
687 1792 1889 686
679 680 1792 1889
679 1786 680 1882
1898 687 1801 686
781 688 1899 1890
687 780 1899 1890
1891 781 774 1890
1898 687 1899 696
1898 695 1801 696
1908 695 1811 696
1908 1909 706 696
1908 705 706 1811
1909 1899 697 790
1909 1899 789 696
1900 781 1899 790
782 1900 781 1997
782 1891 781 1988
705 706 1822 1919
1791 1800 594 686
695 1801 1800 686
679 1791 1792 686
695 1800 603 1810
695 705 1811 1810
613 1821 705 1810
1821 705 1822 716
1785 587 679 1791
623 1821 716 1832
602 1800 694 1810
593 1799 602 1800
593 1791 685 1800
612 602 1809 1810
704 612 1821 1810
593 1790 1791 586
612 1820 622 1821
715 622 1821 1832
622 1831 633 1832
717 706 1920 1919
717 1822 716 1919
1909 706 1920 799
800 707 1909 1920
717 716 1930 1833
800 1910 1909 790
727 716 1832 1833
791 1900 1997 790
2007 791 1910 790
727 1843 634 1832
726 1843 633 1832
782 791 1997 1998
1892 776 1989 775
783 1990 776 1989
774 775 1981 1884
1891 774 1988 775
782 1988 1989 775
782 874 1998 1989
783 875 1998 1989
1842 1843 633 643
512 1611 1612 503
512 1620 1611 426
521 512 1620 1621
1353 244 158 1348
521 1631 531 1630
1704 512 1705 503
1697 592 1705 503
512 601 1715 1705
521 1714 512 1715
521 611 1715 1725
521 1724 531 1725
621 531 1725 1736
601 1715 602 1809
601 1799 602 1705
593 1799 592 1705
1697 593 1790 592
611 612 1715 1809
611 612 1820 1725
1820 621 622 1725
621 622 1831 1736
632 1831 633 1736
1642 1641 531 541
531 1735 541 1736
632 1747 541 1736
1842 632 1747 633
1842 1747 642 643
1487 1472 295 376
1488 1487 391 376
1488 1487 309 295
1405 309 1406 295
1571 391 1570 376
363 1472 1558 364
455 1570 376 1558
1571 467 455 1570
1653 467 1652 455
1405 206 295 1391
1405 206 1406 219
294 1472 295 1391
280 279 1472 1391
206 1312 219 1311
1653 1652 551 541
1746 551 1747 541
1488 1503 391 309
392 1584 1503 391
1584 1571 467 391
1666 1584 467 468
1666 1653 467 551
1666 552 551 1758
551 1758 1747 642
1853 1758 642 643
293 1390 1404 204
293 292 1485 1404
1418 1404 218 307
308 1485 1404 307
1500 387 1485 307
1242 1232 66 128
1418 1417 321 307
229 1418 1417 218
229 1322 1323 218
1322 138 1323 128
138 1241 1242 128
1332 1250 138 137
1332 229 1322 138
1604 415 495 1599
1604 494 1599 414
1684 495 496 1600
1684 496 486 1685
1684 1683 495 485
1683 494 495 1599
1683 484 494 1682
1601 496 497 1685
1686 487 497 1685
494 1682 1598 493
1682 1681 493 483
1772 1683 568 567
1684 578 1683 568
1684 568 1773 569
1683 1682 567 577
1684 579 569 1685
1771 1682 567 566
570 1774 569 1685
570 1686 580 1685
570 571 1686 1775
1682 576 566 1681
566 1681 565 1770
571 1765 660 1775
659 570 1765 1775
659 570 1774 1764
1774 569 1764 658
1773 569 1763 658
568 1773 1763 657
1772 568 1762 657
1772 656 567 1762
1761 656 1771 567
1761 1771 566 655
566 655 1770 1760
565 1770 654 1760
565 654 1769 1759
481 1680 564 1667
1680 1681 565 575
1680 564 565 1769
564 653 1769 1759
481 405 1584 1596
481 1666 1584 480
481 1666 564 1679
1666 564 563 1758
564 653 1768 1758
724 723 1829 1926
724 1937 723 1840
712 723 1925 1926
712 713 1829 1926
712 1914 1915 702
1914 711 804 1925
712 1914 805 1925
1914 1904 794 701
1914 1913 804 794
1914 1904 702 795
1903 785 1904 794
1903 2000 793 794
2010 793 1913 794
1903 2000 785 784
2000 793 1999 784
1859 742 648 1848
1847 742 648 1858
731 1847 742 1848
743 1859 649 1848
741 647 1847 1858
731 1847 1944 730
731 1836 730 1933
741 1846 1847 730
741 1857 1846 647
740 1857 646 1846
743 732 1849 1848
1934 731 732 1837
1945 731 732 1848
743 1860 1849 649
720 1934 731 1933
744 1860 1849 650
730 1933 1932 719
729 730 1932 1835
729 1846 730 1943
740 729 1846 1845
740 646 1856 1845
813 1933 1922 719
720 1933 814 1922
744 1849 733 1850
744 1861 650 1850
732 1935 1838 733
1946 732 1849 733
1934 721 732 1935
1934 1923 721 815
720 1934 1923 814
1923 802 814 1922
745 1861 651 1850
1856 645 739 1845
1936 734 733 1839
1947 734 733 1850
1936 722 1935 733
816 722 1935 1924
721 1935 815 1924
1923 815 1924 803
745 734 1851 1850
2009 1912 802 803
1923 802 2020 803
813 1921 1932 719
812 718 1921 1932
729 718 1931 1932
729 1931 1834 728
813 1921 801 1922
802 2019 801 1922
802 2008 801 1911
2009 802 792 2008
729 1942 1845 728
739 1845 1844 728
645 739 1855 1844
644 1855 1844 738
1859 658 648 1858
659 1764 1859 658
1763 657 658 1858
1857 647 657 1858
1857 656 1762 657
659 1860 1859 649
1857 646 656 1856
659 1860 1765 660
1860 1861 660 650
1761 656 1856 655
1856 645 1855 655
1855 655 654 1760
1854 644 1855 654
1854 653 654 1759
2010 793 2009 803
2010 1913 804 803
804 1924 2021 803
816 804 1925 1924
816 1936 722 1925
817 1936 723 1925
1937 1936 723 734
735 1937 734 1840
2009 1999 884 792
885 793 2009 1999
1999 1990 784 876
783 1999 1990 875
800 1921 801 2018
2007 800 1910 801
2007 791 2008 801
812 800 1921 1920
812 718 1931 1920
884 792 2008 1998
791 2008 1998 883
1999 884 875 1998
811 717 1931 1920
717 1931 728 1930
727 728 1930 1833
727 1844 728 1941
727 1844 1843 738
1854 644 1843 738
737 1854 1843 643
1854 653 1853 643
652 653 1853 1758
687 780 1890 1889
680 1890 1889 773
1883 774 1890 773
1883 680 1882 773
1898 687 1889 686
679 1792 1889 686
679 680 1882 1889
1898 695 1801 686
781 780 1899 1890
1898 687 780 1899
781 774 1987 1890
1891 781 774 1988
1898 1899 789 696
1908 1898 695 696
1908 695 705 1811
1908 1909 789 696
1908 1909 706 799
1908 705 706 1919
1909 1899 789 790
1900 781 1997 790
1996 781 1899 790
782 781 1997 1988
705 1822 716 1919
1791 685 1800 686
1897 695 1800 686
1888 679 1791 686
695 1800 694 1810
695 705 1907 1810
704 1821 705 1810
1821 705 1918 716
1785 679 678 1791
715 1821 716 1832
602 1809 694 1810
1799 602 1800 694
593 1799 685 1800
593 1790 1791 685
704 612 1809 1810
704 612 1820 1821
1790 678 1791 586
715 1820 622 1821
715 622 1831 1832
726 1831 633 1832
706 1920 799 1919
811 717 1920 1919
717 716 1930 1919
800 1909 1920 799
727 716 1930 1833
800 1909 2006 790
2007 800 1910 790
1929 727 716 1832
2007 791 1997 790
726 727 1843 1832
726 1842 1843 633
791 1997 1998 883
782 874 1997 1998
776 1982 1989 775
1990 776 868 1989
783 1990 875 1989
774 1988 775 1981
867 1988 1989 775
782 874 1988 1989
874 875 1998 1989
737 1842 1843 643
1704 512 1611 503
1704 592 1705 503
1704 512 601 1705
1714 512 601 1715
521 1714 611 1715
521 611 1724 1725
1724 621 531 1725
621 531 1735 1736
601 1799 602 1809
611 601 1715 1809
601 1799 592 1705
593 1790 1799 592
611 612 1820 1809
611 1820 621 1725
1820 621 622 1831
632 621 1831 1736
1842 632 1831 633
632 1735 541 1736
1746 632 1747 541
1842 632 1747 642
1842 1853 642 643
1487 294 1472 295
1487 375 1472 376
1487 391 1570 376
1488 1487 391 309
1487 1405 309 295
1405 309 1406 219
1571 467 391 1570
467 1652 455 1570
1653 467 1652 551
1405 294 295 1391
205 1405 206 1391
1405 206 219 1311
206 1312 118 1311
1746 551 1747 642
1584 1583 467 391
1666 1584 467 480
1666 467 551 1665
1666 563 551 1758
1757 551 1758 642
652 1853 1758 642
293 308 1485 1404
1418 308 1404 307
1500 308 1485 307
1500 387 388 1485
1500 387 1499 307
1417 321 1499 307
1418 1500 321 307
229 1418 1417 321
229 1322 138 1323
138 1242 1323 128
1332 1250 137 144
1332 1250 138 145
1332 229 138 1333
1604 494 495 1599
1684 579 496 1685
1684 578 1683 495
1683 494 495 1692
1683 494 1682 577
1682 576 1681 493
1772 1683 567 577
578 1772 1683 568
1684 578 568 1773
1684 579 1773 569
1771 1682 567 577
579 1774 569 1685
1771 1682 576 566
570 1774 580 1685
570 1686 580 1775
576 566 1681 1770
1681 565 1770 575
659 1765 660 1775
659 570 1774 1775
659 1774 1764 658
1773 1774 569 658
1773 1763 657 658
1772 568 1773 657
1772 656 1762 657
1772 656 1771 567
1761 656 1771 655
1771 566 655 1770
655 1770 654 1760
565 1770 654 1769
653 654 1769 1759
481 1680 564 1679
1680 565 1769 575
1680 564 574 1769
564 653 1768 1769
405 1584 1596 404
481 1584 1596 480
481 1666 1679 480
1666 564 1679 563
564 563 1768 1758
652 653 1768 1758
724 1937 723 1926
817 723 1925 1926
712 805 1925 1926
712 713 1915 1926
1914 1915 702 795
712 1914 1915 805
1914 805 804 1925
1914 1904 794 795
1914 804 794 2011
2010 1913 804 794
785 1904 794 2001
1903 2000 785 794
2010 2000 793 794
2000 1999 784 876
885 2000 793 1999
1859 742 648 1858
743 1859 742 1848
741 1847 742 1858
731 1847 1944 742
1945 731 742 1848
743 1860 1859 649
741 1857 647 1858
731 1944 730 1933
741 1847 1944 730
741 1846 730 1943
741 740 1857 1846
740 1857 646 1856
743 1946 732 1849
1945 743 732 1848
1945 1934 731 732
744 743 1860 1849
1934 731 825 1933
720 1934 1933 814
744 1860 1861 650
813 1933 1932 719
730 824 1933 1932
729 730 1943 1932
740 729 1846 1943
740 729 1942 1845
740 1856 739 1845
813 1933 814 1922
744 1947 733 1850
744 1946 1849 733
744 745 1861 1850
1946 732 1935 733
1934 732 1935 826
1934 721 1935 815
1934 1923 815 814
802 2019 814 1922
1923 802 2020 814
1856 645 739 1855
1947 1936 734 733
745 1947 734 1850
1936 1935 827 733
816 1936 722 1935
816 1935 815 1924
815 1924 2021 803
1923 2020 815 803
745 734 1851 1948
2009 802 2020 803
812 813 1921 1932
812 718 1931 1932
729 823 1931 1932
729 1942 1931 728
813 1921 801 2018
813 2019 801 1922
802 2008 2019 801
2009 884 792 2008
2009 802 2008 894
1942 739 1845 728
739 1844 728 1941
739 1855 1844 738
1854 644 1855 738
752 1859 658 1858
1869 659 1859 658
657 658 1868 1858
1857 657 751 1858
1857 656 1867 657
659 753 1860 1859
1857 750 656 1856
659 1860 1870 660
754 1860 1861 660
1866 656 1856 655
1856 1855 655 749
1855 655 654 1865
1854 748 1855 654
1864 1854 653 654
2010 2009 895 803
2010 885 793 2009
2010 804 2021 803
816 804 1924 2021
816 804 1925 2022
816 817 1936 1925
1937 817 1936 723
1937 1936 734 828
735 1937 734 1948
885 2009 1999 884
1999 1990 875 876
2007 800 801 2018
812 800 1921 2018
2007 893 2008 801
2007 791 2008 883
812 800 2017 1920
812 811 1931 1920
884 2008 1998 883
884 875 2089 1998
2090 1999 884 875
811 717 1931 1930
1931 822 728 1930
727 728 1930 1941
727 1844 738 1941
1940 727 1843 738
737 1854 1843 738
737 1854 1853 643
1854 653 1853 747
652 653 1853 1863
780 1890 1889 773
1898 687 780 1889
680 1882 1889 773
774 1987 1890 773
1883 774 1980 773
1898 779 1889 686
1888 679 1889 686
679 772 1882 1889
1897 1898 695 686
781 780 1987 1890
1996 781 780 1899
1898 780 1899 789
781 774 1987 1988
1908 1898 789 696
1908 1898 695 788
1908 695 705 1907
1908 1909 789 799
1908 706 799 1919
1908 798 705 1919
1909 2006 789 790
1996 1899 789 790
1996 781 1997 790
781 1997 1988 873
782 874 1997 1988
705 1918 716 1919
1897 685 1800 686
1888 1791 685 686
1897 695 1800 694
1888 679 678 1791
695 1907 694 1810
704 705 1907 1810
704 1821 705 1918
715 1821 1918 716
1929 715 716 1832
1799 602 1809 694
704 1809 694 1810
1799 685 1800 694
593 1790 1799 685
1790 678 1791 685
704 612 1820 1809
704 715 1820 1821
715 1820 622 1831
726 715 1831 1832
726 1842 1831 633
811 1920 799 1919
811 717 1930 1919
810 716 1930 1919
800 2017 1920 799
800 1909 2006 799
1929 727 716 1930
2007 800 2006 790
1929 726 727 1832
2007 1997 882 790
2007 791 1997 883
726 1940 727 1843
726 737 1842 1843
874 1997 1998 883
867 1982 1989 775
776 868 1982 1989
1990 875 868 1989
867 1988 775 1981
774 1988 866 1981
874 867 1988 1989
874 875 1989 2081
874 875 2089 1998
737 1842 1853 643
1704 601 592 1705
1714 611 601 1715
611 1724 621 1725
632 621 1735 1736
601 1799 1809 693
611 601 1808 1809
601 1799 592 1798
684 1790 1799 592
611 703 1820 1809
611 1819 1820 621
1820 621 1831 714
1830 632 621 1831
725 1842 632 1831
1746 632 1747 642
1842 632 642 1841
1842 736 1853 642
1487 1405 294 295
1487 391 390 1570
1487 1502 391 309
1583 467 391 1570
1298 206 118 1311
1584 1583 467 480
1666 467 480 1665
1666 563 551 1665
563 1757 551 1758
1757 652 1758 642
652 1853 1852 642
293 308 1485 1486
1418 1500 308 307
1500 308 388 1485
387 388 1485 1569
1500 387 388 1581
1500 321 1499 307
401 1500 387 1499
1417 321 1499 320
1418 1500 321 322
229 138 1323 1333
138 139 1242 1323
1332 1250 144 145
1332 138 145 1333
1332 229 236 1333
1604 494 495 1692
1684 579 496 1693
578 1683 495 1692
1684 578 495 1693
1683 494 577 1692
494 1682 577 1691
576 1681 1690 493
1682 576 493 1691
1772 1771 567 577
578 1772 1683 577
578 1772 568 1773
1684 578 579 1773
579 1773 1774 569
1771 1682 576 577
579 1774 580 1685
1771 576 566 1770
570 1774 580 1775
576 1681 1770 575
565 1770 1769 575
659 1870 660 1775
659 1774 668 1775
1869 659 1774 658
1773 1774 658 667
1773 657 658 1868
1772 1773 666 657
1772 656 1867 657
1772 656 1771 665
1866 656 1771 655
1771 664 655 1770
655 1770 654 1865
663 1770 654 1769
1864 653 654 1769
1680 564 1679 574
481 1680 1679 492
1680 574 1769 575
564 574 1768 1769
662 653 1768 1769
1584 1596 404 480
481 1596 1679 480
1666 1679 563 480
564 1679 563 1768
563 652 1768 1758
652 653 1768 1863
1937 817 723 1926
817 805 1925 1926
712 1915 805 1926
1914 1915 805 795
805 804 1925 2022
1914 805 804 2011
1904 794 795 2001
1914 794 2011 795
2010 804 794 2011
2000 785 794 2001
2010 2000 886 794
2010 885 2000 793
2000 784 1991 876
885 2000 1999 876
752 1859 742 1858
743 1956 1859 742
1945 743 742 1848
741 1955 742 1858
741 1847 1944 742
1945 731 1944 742
753 743 1860 1859
741 1857 751 1858
1944 730 824 1933
731 825 1944 1933
741 1944 730 1943
741 740 1846 1943
741 740 1857 1954
740 1857 750 1856
744 743 1946 1849
1945 743 1946 732
1945 1934 731 825
1945 1934 732 826
744 743 1860 1957
1934 825 1933 814
744 754 1860 1861
813 824 1933 1932
730 824 1943 1932
729 823 1943 1932
740 729 1942 1943
740 1942 739 1845
740 1953 1856 739
813 2019 814 1922
2030 813 1933 814
744 1946 1947 733
744 745 1947 1850
744 745 1861 1958
1946 1935 827 733
1946 732 1935 826
1934 1935 815 826
1923 2020 815 814
1934 2031 815 814
802 2020 2019 814
1856 739 1855 749
1947 1936 827 733
1947 1936 734 828
745 1947 734 1948
816 1936 1935 827
816 815 1924 2021
816 1935 815 2032
2020 815 2021 803
2009 2020 895 803
2009 802 2020 894
812 813 1921 2018
812 2029 813 1932
823 812 1931 1932
729 823 1942 1931
1942 1931 822 728
813 2019 801 2018
893 2008 2019 801
802 2008 2019 894
2009 884 2008 894
1942 739 728 1941
739 1844 738 1941
739 1855 1952 738
1854 748 1855 738
752 658 1868 1858
1869 752 1859 658
1869 659 753 1859
657 751 1868 1858
1857 1867 657 751
1857 750 656 1867
659 753 1860 1870
750 1866 656 1856
754 1860 1870 660
1866 1856 655 749
1855 655 749 1865
748 1855 654 1865
1864 1854 748 654
1864 1854 653 747
2010 895 2021 803
2010 885 2009 895
2010 804 2021 896
816 804 2022 2021
816 817 1925 2022
2033 816 817 1936
1937 817 1936 828
1937 734 1948 828
885 2090 1999 884
885 2100 2009 884
2090 1999 875 876
2082 1990 875 876
2007 893 801 2018
2007 800 892 2018
812 800 2017 2018
2007 893 2008 883
812 811 2017 1920
2028 812 811 1931
884 2089 1998 883
2099 884 2008 883
2090 884 875 2089
811 1931 822 1930
822 728 1930 1941
727 1930 821 1941
1940 727 738 1941
1940 737 1843 738
737 1854 738 1951
737 1854 1853 747
653 1853 747 1863
746 652 1853 1863
780 1889 1986 773
780 1987 1890 773
1898 780 779 1889
772 1882 1889 773
774 1987 1980 773
1897 1898 779 686
1888 779 1889 686
1888 679 772 1889
1881 679 772 1882
1897 1898 695 788
1996 781 780 1987
1996 780 1899 789
1898 780 789 1995
774 1987 1988 866
781 1987 1988 873
1908 1898 788 789
1908 695 788 1907
1908 798 705 1907
1909 2006 789 799
1908 2005 789 799
1908 798 799 1919
798 705 1918 1919
1996 2006 789 790
1996 1997 882 790
1996 781 1997 873
874 1997 1988 873
810 1918 716 1919
1897 685 1800 694
1888 1897 685 686
1888 678 1791 685
1897 695 1907 694
1881 1888 679 678
704 1907 694 1810
704 705 1918 1907
704 715 1821 1918
1929 715 1918 716
1929 726 715 1832
1799 1809 694 693
704 1809 694 1906
1799 1896 685 694
684 1790 1799 685
1790 1887 678 685
703 704 1820 1809
704 715 1820 1917
715 1820 1831 714
726 1928 715 1831
726 725 1842 1831
811 2016 799 1919
811 2017 1920 799
811 810 1930 1919
1929 810 716 1930
800 2006 2017 799
1929 727 1930 821
2007 2006 882 790
2007 800 2006 892
1929 726 1940 727
2007 1997 882 883
726 1940 737 1843
726 737 1842 1939
874 1997 2088 883
874 2089 1998 883
867 1982 775 1981
867 868 1982 1989
875 868 1989 2081
2082 1990 875 868
867 1988 866 1981
774 866 1980 1981
874 867 1988 2080
874 867 1989 2081
874 875 2089 2081
737 1842 736 1853
601 1808 1809 693
601 1799 1798 693
611 703 1808 1809
684 1799 592 1798
611 703 1819 1820
1819 1820 621 714
1830 621 1831 714
725 1830 632 1831
725 1842 632 1841
1842 736 642 1841
736 1853 1852 642
1583 467 480 1665
1584 1583 404 480
1666 563 480 1665
563 1757 652 1758
746 652 1853 1852
308 388 1485 1486
1418 1500 308 322
1500 308 388 1501
387 388 1569 1581
402 1500 388 1581
401 1500 387 1581
401 1500 321 1499
1513 1500 321 322
138 139 1323 1333
1251 138 139 1242
1332 144 145 1337
1251 138 145 1333
1332 236 145 1333
1604 494 498 1692
1684 578 579 1693
578 495 1692 1693
578 1683 577 1692
494 577 1692 1691
1682 576 577 1691
576 1681 1690 575
1772 1771 577 665
578 1772 577 1780
578 1772 1773 666
578 579 1773 1781
579 1773 1774 667
1771 1779 576 577
1771 576 664 1770
576 1778 1770 575
663 1770 1769 575
659 668 1870 1775
1869 659 1774 668
1869 1774 658 667
1773 658 1868 667
1773 666 657 1868
1772 1867 666 657
1772 656 1867 665
1866 656 1771 665
1866 1771 664 655
664 655 1770 1865
663 1770 654 1865
663 1864 654 1769
662 1864 653 1769
564 1679 574 1768
1680 1679 574 492
481 1596 1679 492
574 1777 1769 575
662 574 1768 1769
662 653 1768 1863
1596 404 1595 480
491 1596 1679 480
1679 563 480 1678
1679 563 573 1768
1767 563 652 1768
661 652 1768 1863
1937 817 818 1926
817 805 1925 2022
2023 817 805 1926
1915 805 806 1926
1915 805 2012 795
1914 805 2011 795
805 804 2011 2022
794 2011 795 2001
2010 804 2011 896
2010 886 794 2011
2000 886 794 2001
2010 885 2000 886
885 2090 1999 876
885 2000 876 2091
752 1955 742 1858
1956 752 1859 742
753 743 1956 1859
1945 743 1956 742
741 1955 751 1858
741 1944 1955 742
1945 1944 836 742
1945 731 825 1944
753 743 1860 1957
741 1857 751 1954
1944 730 824 1943
825 1944 824 1933
741 835 1944 1943
741 740 1943 1954
740 1857 750 1954
740 750 1953 1856
744 743 1946 1957
1945 1946 732 826
1945 837 743 1946
1945 1934 825 826
744 754 1860 1957
825 2030 1933 814
1934 825 2031 814
744 754 1861 1958
2030 813 824 1933
2029 813 824 1932
823 824 1943 1932
729 823 1942 1943
740 1942 834 1943
740 1953 1942 739
1953 1856 739 749
2030 813 2019 814
1946 1947 827 733
744 1946 1947 838
744 745 1947 1958
1946 1935 827 826
1935 815 2032 826
1934 2031 815 826
2031 2020 815 814
2020 2019 814 904
802 2020 2019 894
739 1855 1952 749
1947 1936 827 828
1947 734 1948 828
745 839 1947 1948
816 1935 2032 827
2033 816 1936 827
816 815 2032 2021
2020 895 2021 803
2020 815 905 2021
2009 2020 895 894
812 2029 813 2018
823 812 2029 1932
823 2028 812 1931
823 1942 1931 822
1942 822 728 1941
893 2019 801 2018
903 813 2019 2018
893 2008 2019 894
2099 884 2008 894
2100 2009 884 894
1942 739 833 1941
739 1952 738 1941
748 1855 1952 738
1854 748 738 1951
752 751 1868 1858
1869 752 658 1868
1869 753 752 1859
1869 659 753 1870
1867 657 751 1868
1857 750 1867 751
750 1866 656 1867
753 754 1860 1870
750 1866 1856 749
1866 655 749 1865
748 1855 749 1865
1864 748 654 1865
1864 1854 748 747
1864 653 747 1863
2010 895 2021 896
885 2100 2009 895
2010 885 2101 895
804 2022 2021 896
816 906 2022 2021
2033 816 817 2022
2033 817 1936 828
1937 817 2034 828
1937 829 1948 828
885 2100 2090 884
2082 2090 875 876
2007 893 892 2018
800 2017 892 2018
812 2017 902 2018
2099 893 2008 883
2098 2007 893 883
2028 812 811 2017
2028 811 1931 822
2099 884 2089 883
2090 875 2089 959
2090 967 884 2089
811 2027 822 1930
822 1930 821 1941
1940 727 821 1941
1940 738 832 1941
1940 737 738 1951
737 1854 747 1951
737 1853 747 1950
746 1853 747 1863
746 652 1863 1862
780 779 1889 1986
780 1987 1986 773
772 1889 1986 773
1898 780 779 1995
772 1882 1979 773
1987 865 1980 773
774 1987 866 1980
1897 1898 788 779
1888 1897 779 686
1888 772 779 1889
1881 1888 679 772
1897 695 788 1907
1996 780 1987 872
1996 781 1987 873
1996 780 789 1995
1898 788 789 1995
1987 1988 866 873
1908 788 2005 789
1908 798 788 1907
798 705 1918 1907
2006 2005 789 799
1908 798 2005 799
798 2016 799 1919
810 798 1918 1919
1996 2006 789 881
1996 2006 882 790
1996 1997 882 873
874 1988 2080 873
874 1997 2088 873
1929 810 1918 716
1897 1896 685 694
1888 1897 685 778
1888 1887 678 685
1897 1907 787 694
1881 1888 678 771
704 1907 694 1906
704 797 1918 1907
704 715 1917 1918
1929 715 809 1918
1929 726 1928 715
1809 694 693 1906
1799 1896 694 693
703 704 1809 1906
684 1799 1896 685
684 1790 1887 685
703 704 1820 1917
715 1820 1917 714
1928 715 1831 714
726 1928 725 1831
726 725 1842 1939
811 810 2016 1919
811 2017 2016 799
811 2027 810 1930
1929 810 1930 821
2006 2017 891 799
800 2006 2017 892
1929 1940 727 821
2007 2006 882 892
1929 726 1940 820
1997 882 2088 883
2098 2007 882 883
726 1940 737 1939
737 1842 1939 736
874 2089 2088 883
867 868 1989 2081
2082 875 868 2081
867 1988 866 2080
874 867 2081 2080
875 2089 959 2081
874 958 2089 2081
737 736 1853 1950
703 1808 1809 693
684 1799 1798 693
703 1819 1820 714
725 1830 1831 714
725 1842 736 1841
746 736 1853 1852
1583 404 1595 480
563 480 1665 1678
1767 563 1757 652
746 652 1852 1862
308 388 1501 1486
1500 308 322 1501
402 1500 388 1501
387 465 1569 1581
402 388 1582 1581
401 402 1500 1581
401 1512 321 1499
401 1513 1500 321
1513 402 1500 322
1251 138 139 1333
1332 236 145 1337
1251 146 145 1333
236 1338 145 1333
578 579 1781 1693
578 584 1692 1693
578 577 1692 1780
583 577 1692 1691
1779 576 577 1691
576 1778 1690 575
1771 1779 577 665
1772 577 665 1780
578 1772 666 1780
578 1773 666 1781
579 1773 1781 667
579 1774 1782 667
1771 1779 576 664
576 664 1778 1770
663 1778 1770 575
663 1777 1769 575
1869 659 668 1870
1869 1774 668 667
1869 658 1868 667
1773 666 1868 667
1867 666 657 1868
1772 1867 666 665
1866 656 1867 665
1866 1771 664 665
1866 664 655 1865
663 664 1770 1865
663 1864 654 1865
662 663 1864 1769
662 1864 653 1863
1679 574 573 1768
491 1596 1679 492
574 1777 1689 575
662 574 1777 1769
662 574 1776 1768
662 661 1768 1863
1596 404 1595 413
491 1596 1595 480
491 1679 480 1678
1679 563 573 1678
1767 563 573 1768
1767 661 652 1768
661 652 1863 1862
1937 817 818 2034
2023 817 818 1926
2023 817 805 2022
2023 805 806 1926
1915 805 2012 806
805 2012 2011 795
804 2011 2022 896
897 805 2011 2022
886 794 2011 2001
887 2011 795 2001
2010 886 2011 896
2000 886 877 2001
885 2000 886 2091
2010 885 886 2101
885 2090 876 2091
2000 877 876 2091
752 1955 751 1858
1956 752 1955 742
753 1956 752 1859
753 743 1956 1957
1945 1956 836 742
1945 837 743 1956
741 1955 751 1954
1944 836 1955 742
741 835 1944 1955
1945 825 1944 836
753 754 1860 1957
1857 750 751 1954
835 1944 824 1943
825 2030 824 1933
2041 825 1944 824
741 835 1943 1954
740 834 1943 1954
740 750 1953 1954
750 1953 1856 749
744 1946 1957 838
837 743 1946 1957
1945 837 1946 826
1934 825 2031 826
1945 825 2042 826
744 754 1957 1958
825 2031 2030 814
2029 2030 813 824
823 2029 824 1932
2040 823 824 1943
823 1942 834 1943
740 1953 1942 834
1953 1942 739 833
1953 739 1952 749
2030 2019 814 904
903 2030 813 2019
1946 1947 838 827
744 1947 838 1958
745 839 1947 1958
1935 2032 827 826
1946 2043 827 826
2031 815 2032 826
2031 2020 815 905
2031 2020 814 904
2020 2019 894 904
748 1855 1952 749
1947 827 2044 828
2033 1936 827 828
839 1947 1948 828
2033 816 2032 827
815 2032 905 2021
816 906 2032 2021
2020 895 905 2021
2111 2020 895 894
2100 2009 895 894
903 2029 813 2018
812 2029 902 2018
823 2028 812 2029
823 2028 1931 822
823 1942 2039 822
1942 822 833 1941
903 893 2019 2018
893 2110 2019 894
2099 893 2008 894
2100 2099 884 894
739 1952 833 1941
1952 738 832 1941
748 1952 738 1951
1854 748 747 1951
752 751 1868 1965
1869 752 761 1868
1869 753 752 1966
1869 762 753 1870
1867 751 760 1868
750 1867 751 1964
750 1866 1867 759
753 754 1870 1967
750 1866 1963 749
1866 758 749 1865
748 1962 749 1865
1864 748 757 1865
1864 748 1961 747
1864 756 747 1863
2112 895 2021 896
2010 2101 895 896
885 2100 2101 895
906 2022 2021 896
2033 816 906 2022
2033 817 907 2022
2033 817 2034 828
1937 829 2034 828
829 2045 1948 828
2100 2090 967 884
885 2100 2090 968
2082 2090 875 959
2082 960 2090 876
2098 2007 893 892
2109 893 892 2018
2017 902 892 2018
2028 812 2017 902
2098 2099 893 883
2028 811 901 2017
2028 811 2027 822
967 2099 884 2089
966 2099 2089 883
2090 967 2089 959
2027 822 1930 821
2038 822 821 1941
1940 821 832 1941
1940 738 1951 832
831 1940 737 1951
737 747 1951 1950
746 1853 747 1950
746 747 1863 1960
746 755 1863 1862
780 779 1986 1995
772 779 1889 1986
1987 865 1986 773
780 1987 872 1986
772 1986 1979 773
1898 788 779 1995
1987 865 866 1980
1897 1994 788 779
1888 1897 779 778
1888 772 779 1985
1881 1888 772 771
1897 788 1907 787
1996 1987 872 873
1996 780 872 1995
1996 789 881 1995
788 2005 789 1995
1988 866 2080 873
1987 866 2079 873
1908 798 788 2005
798 788 1907 2004
797 798 1918 1907
2006 2005 789 881
2006 2005 891 799
798 2005 2016 799
810 798 2016 1919
2015 810 798 1918
1996 2006 882 881
1997 882 2088 873
1996 2087 882 873
874 2088 2080 873
1929 809 810 1918
1897 1896 787 694
1897 1896 685 778
1888 1887 685 778
1888 1887 678 771
1907 787 694 1906
704 797 1907 1906
704 1917 797 1918
715 809 1917 1918
1929 1928 715 809
1929 726 1928 820
1896 694 693 1906
703 1809 693 1906
684 1799 1896 693
703 704 1917 1906
684 1887 1896 685
684 1790 1887 677
703 1820 1917 714
1928 715 1917 714
1928 725 1831 714
726 1928 725 1939
725 1842 1939 736
811 2027 810 2016
2017 2016 891 799
811 901 2017 2016
2027 810 1930 821
1929 810 2026 821
2006 2017 891 892
1929 1940 820 821
2097 2006 882 892
2098 2007 882 892
726 1940 820 1939
2098 882 2088 883
831 1940 737 1939
737 1939 736 1950
874 958 2089 2088
966 2089 2088 883
867 868 2081 2075
2082 875 959 2081
867 2074 866 2080
867 951 2081 2080
874 958 2081 2080
958 2089 959 2081
746 736 1853 1950
388 1501 1486 389
402 1500 322 1501
402 388 1582 1501
388 1582 466 1581
402 478 1582 1581
401 402 1593 1581
401 1513 402 1500
1251 146 139 1333
236 1338 145 1337
578 584 1781 1693
578 584 1692 1780
583 577 1692 1780
583 1779 577 1691
1779 576 582 1691
576 582 1778 1690
581 1778 1690 575
1779 577 665 1780
1771 1779 664 665
1772 666 665 1780
578 666 1781 1780
1773 666 1781 667
579 1781 1782 667
1774 668 1782 667
1779 576 664 1778
663 664 1778 1770
663 1777 1778 575
662 663 1777 1769
1869 761 1868 667
666 1868 667 1876
1867 666 760 1868
1875 1867 666 665
1866 1867 759 665
1866 664 665 1874
1866 758 664 1865
663 664 1873 1865
663 1864 757 1865
662 663 1864 1872
662 1864 756 1863
574 1776 573 1768
1688 1679 574 573
491 1688 1679 492
662 574 1777 1776
662 661 1776 1768
662 661 1871 1863
491 1596 1595 413
491 1595 480 1678
491 1679 573 1678
1767 563 573 1678
1767 661 573 1768
1767 661 652 1862
661 755 1863 1862
2023 817 818 2034
2023 817 907 2022
2023 897 805 2022
2023 805 2012 806
897 805 2012 2011
887 2012 2011 795
897 2011 2022 896
887 886 2011 2001
886 2102 2011 896
2010 886 2101 896
2000 886 877 2091
885 886 2101 2091
960 2090 876 2091
885 2090 968 2091
752 1955 751 1965
1956 836 1955 742
846 1956 752 1955
753 1956 752 1966
837 743 1956 1957
847 753 1956 1957
1945 837 1956 836
845 1955 751 1954
741 835 1955 1954
835 1944 836 1955
2041 825 1944 836
1945 825 836 2042
753 754 1957 1967
750 751 1964 1954
2041 835 1944 824
2040 835 824 1943
2041 825 2030 824
835 834 1943 1954
740 1953 834 1954
750 1953 844 1954
750 1953 1963 749
744 1957 838 1958
837 1946 1957 838
837 1946 2043 826
1945 837 2042 826
825 2031 2042 826
848 754 1957 1958
2031 2030 814 904
914 825 2031 2030
2029 2030 824 913
903 2029 2030 813
2040 823 2029 824
2040 823 834 1943
823 1942 2039 834
1953 1942 834 833
1953 739 1952 833
1953 843 1952 749
903 2030 2019 904
1947 838 827 2044
1946 2043 838 827
839 1947 838 1958
2043 2032 827 826
2031 815 2032 905
2031 915 2032 826
2031 2020 905 904
2110 2019 894 904
2111 2020 894 904
748 1952 1962 749
839 1947 2044 828
2033 827 2044 828
839 2045 1948 828
2033 916 2032 827
2033 816 906 2032
906 2032 905 2021
2112 895 905 2021
2111 2020 895 905
2100 2111 895 894
903 2029 902 2018
2028 812 2029 902
823 2028 2029 912
823 2028 2039 822
1942 2039 822 833
2038 822 833 1941
903 893 2110 2019
2109 903 893 2018
2099 893 2110 894
2100 967 2099 884
976 2100 2099 894
1952 832 833 1941
1952 738 1951 832
748 1952 1951 842
748 1961 747 1951
751 760 1868 1965
752 761 1868 1965
1869 752 761 1966
1869 762 753 1966
762 753 1870 1967
1867 751 760 1964
750 1867 759 1964
750 1866 759 1963
763 754 1870 1967
1866 758 1963 749
758 1962 749 1865
748 757 1962 1865
1864 748 1961 757
1864 1961 756 747
756 747 1863 1960
2112 2101 895 896
2112 906 2021 896
885 2100 968 2101
977 2100 2101 895
906 2113 2022 896
2033 906 907 2022
2033 817 907 2034
2033 2034 917 828
829 2034 2045 828
2100 2090 967 968
2082 960 2090 959
2109 2098 893 892
2109 902 892 2018
2017 2108 902 892
2028 901 2017 902
2098 975 2099 893
966 2098 2099 883
2028 811 2027 901
911 2028 2027 822
966 967 2099 2089
2172 967 2089 959
2090 967 2173 959
2027 2038 822 821
2038 821 832 1941
1940 2037 821 832
831 1940 1951 832
831 737 1951 1950
841 747 1951 1950
746 747 1960 1950
746 755 1863 1960
746 1959 755 1862
779 1986 1995 871
780 872 1986 1995
772 779 1985 1986
865 1986 1979 773
1987 865 872 1986
772 864 1986 1979
1994 788 779 1995
1987 865 866 2079
1897 1994 779 778
1897 1994 788 787
1888 779 1985 778
1888 772 1985 771
788 1907 787 2004
1987 872 2079 873
1996 2087 872 873
1996 872 881 1995
2005 789 881 1995
788 2005 880 1995
866 2079 2080 873
798 788 2005 2004
797 798 1907 2004
2015 797 798 1918
2006 2005 891 881
2005 2016 891 799
798 890 2005 2016
2015 810 798 2016
809 2015 810 1918
2097 2006 882 881
1996 2087 882 881
2087 882 2088 873
957 2088 2080 873
874 958 2088 2080
1929 809 810 2026
1896 787 694 1906
1897 1896 787 778
1887 1896 685 778
1888 1887 771 778
797 1907 787 1906
704 1917 797 1906
809 1917 797 1918
1928 715 809 1917
1929 1928 820 809
726 1928 820 1939
1896 693 786 1906
703 1905 693 1906
684 1896 1895 693
703 1917 796 1906
684 1887 1896 777
703 1917 1916 714
808 1928 1917 714
1927 1928 725 714
1928 819 725 1939
1938 725 1939 736
2027 900 810 2016
811 2027 901 2016
901 2017 2016 891
2027 810 2026 821
1929 820 2026 821
2017 2108 891 892
2097 2006 891 892
1940 820 2037 821
2098 2097 882 892
831 1940 820 1939
2098 965 882 2088
966 2098 2088 883
831 737 1939 1950
1939 736 830 1950
966 958 2089 2088
2082 952 959 2081
958 951 2081 2080
958 2165 959 2081
2172 958 2089 959
746 736 1949 1950
388 1582 1501 389
402 1582 1501 403
478 1582 466 1581
402 1594 478 1582
402 1593 478 1581
401 1513 402 1593
1251 1252 146 139
1338 148 145 1337
236 1338 237 1337
578 584 1781 1780
584 583 1692 1780
583 1779 577 1780
583 1779 582 1691
576 582 1690 1691
1779 576 582 1778
581 1777 1778 575
672 1779 665 1780
1779 664 665 1874
1875 666 665 1780
673 666 1781 1780
666 1781 667 1876
671 1779 664 1778
663 664 1778 1873
663 1777 670 1778
662 663 1777 1872
761 1868 667 1876
1877 1869 761 667
666 760 1868 1876
1875 1867 666 760
1875 1867 759 665
1866 759 665 1874
1866 758 664 1874
758 664 1873 1865
663 757 1873 1865
663 1864 757 1872
662 1864 1872 756
662 756 1871 1863
661 1776 573 1768
491 1688 1679 573
661 1871 755 1863
491 1595 413 1603
2023 817 907 2034
2023 897 907 2022
2023 897 805 2012
887 897 2012 2011
897 2113 2022 896
897 2102 2011 896
887 886 2102 2011
887 2092 886 2001
886 2102 2101 896
2092 886 877 2091
886 969 2101 2091
885 968 2101 2091
960 2090 968 2091
845 1955 751 1965
846 752 1955 1965
846 1956 836 1955
846 1956 752 1966
847 753 1956 1966
847 837 1956 1957
847 753 1957 1967
837 1956 836 2053
1945 837 836 2042
845 751 1964 1954
845 835 1955 1954
835 836 1955 2052
2041 835 1944 836
2041 825 836 2042
848 754 1957 1967
750 844 1964 1954
2040 2041 835 824
2040 835 834 1943
2041 2030 824 913
2041 914 825 2030
835 2051 834 1954
1953 834 844 1954
750 1953 1963 844
1953 843 1963 749
848 1957 838 1958
837 1957 838 2054
837 1946 2043 838
837 2043 2042 826
2031 915 2042 826
914 825 2031 2042
848 754 1968 1958
914 2031 2030 904
903 2029 2030 913
2040 2029 824 913
2040 823 2029 912
2040 823 2039 834
1942 2039 834 833
1953 834 2050 833
1953 843 1952 833
843 1952 1962 749
903 2110 2019 904
2121 903 2030 904
2043 838 827 2044
839 1947 838 2044
839 2055 838 1958
2043 916 2032 827
2043 915 2032 826
2031 915 2032 905
2031 905 2122 904
2111 2020 905 904
2111 2110 894 904
748 1952 1962 842
839 2044 2045 828
2033 2044 917 828
2033 916 827 2044
2033 906 916 2032
906 2032 905 2123
2112 906 905 2021
2111 2112 895 905
976 2100 2111 894
977 2100 2111 895
903 2029 2120 902
2109 903 902 2018
2028 2029 912 902
823 2028 2039 912
911 2028 2039 822
2039 2038 822 833
2038 832 833 1941
2109 903 893 2110
975 2099 893 2110
976 2099 2110 894
976 2100 967 2099
2049 1952 832 833
1952 1951 842 832
748 1961 1951 842
1961 841 747 1951
760 761 1868 1965
751 760 1965 1964
752 761 1965 1966
1869 762 761 1966
762 753 1966 1967
1867 759 760 1964
750 759 1963 1964
1866 759 758 1963
758 1963 1962 749
758 757 1962 1865
748 1961 757 1962
1864 1961 757 756
1961 756 747 1960
756 755 1863 1960
978 2112 2101 896
977 2112 2101 895
2112 906 2113 896
977 2100 968 2101
906 2113 907 2022
2033 906 2124 907
2033 907 2034 917
2034 2045 917 828
2090 967 968 2173
2182 2100 967 968
960 2090 2173 959
2109 2098 974 892
2109 2098 975 893
2109 2108 902 892
901 2017 2108 902
2028 2119 901 902
966 2098 975 2099
911 2028 2027 901
911 2027 2038 822
966 967 2099 2181
966 2172 967 2089
2172 967 2173 959
2027 2038 910 821
2038 2037 821 832
831 1940 2037 832
831 1951 2048 832
831 841 1951 1950
841 747 1960 1950
746 840 1960 1950
746 1959 755 1960
872 1986 1995 871
779 1985 1986 871
1994 779 1995 871
772 1985 864 1986
865 864 1986 1979
865 872 1986 2078
1987 865 872 2079
1994 788 880 1995
865 866 2079 2073
1994 779 1985 778
1897 1994 787 778
1994 788 787 2004
1888 1985 771 778
797 1907 787 2004
2087 872 2079 873
1996 2087 872 881
2086 872 881 1995
2005 880 881 1995
788 2005 880 2004
950 866 2079 2080
957 2079 2080 873
798 890 2005 2004
2015 797 798 2004
809 2015 797 1918
2097 2006 891 881
2096 2005 891 881
890 2005 2016 891
2015 798 890 2016
2015 900 810 2016
809 2015 810 2026
2097 2087 882 881
957 2087 2088 873
965 2087 882 2088
958 957 2088 2080
1929 820 809 2026
1896 787 786 1906
1993 1896 787 778
1887 1896 777 778
1887 1984 771 778
797 2003 787 1906
1917 796 797 1906
809 2014 1917 797
808 1928 809 1917
1928 820 809 2025
1928 819 820 1939
1905 693 786 1906
1896 1895 693 786
703 796 1905 1906
684 1896 1895 777
703 1917 1916 796
684 1886 1887 777
808 1917 1916 714
1927 808 1928 714
1927 1928 819 725
1938 819 725 1939
1938 1939 736 830
2027 901 900 2016
2027 900 810 2026
901 2016 891 2107
901 2017 2108 891
2027 910 2026 821
820 2037 2026 821
2097 2108 891 892
831 1940 820 2037
2098 965 2097 882
2098 974 2097 892
831 820 1939 2036
966 2098 965 2088
831 1939 830 1950
736 830 1949 1950
966 2171 958 2088
966 2172 958 2089
952 2165 959 2081
958 2164 951 2080
958 2165 951 2081
2172 958 2165 959
746 840 1949 1950
402 1594 1582 403
1663 478 466 1581
402 1593 1594 478
479 1594 478 1582
477 1593 478 1581
1338 148 237 1337
1253 148 145 1337
584 673 1781 1780
1784 584 583 1780
672 583 1779 1780
583 1779 582 1783
671 1779 582 1778
672 1779 665 1874
672 1875 665 1780
671 1779 664 1874
1875 673 666 1780
673 666 1781 1876
671 664 1778 1873
663 670 1778 1873
663 1777 670 1872
669 662 1777 1872
760 761 1868 1876
1877 761 667 1876
1875 666 760 1876
1875 1867 759 760
1875 759 665 1874
1866 759 758 1874
758 664 1874 1873
758 757 1873 1865
663 757 1872 1873
1864 757 1872 756
662 1872 756 1871
756 1871 755 1863
897 2113 907 2022
2023 897 2114 907
887 897 2102 2011
897 2102 2113 896
887 2092 886 2102
886 969 2102 2101
978 2102 2101 896
2092 886 969 2091
969 968 2101 2091
960 2174 968 2091
960 2090 968 2173
845 751 1965 1964
846 845 1955 1965
846 752 1965 1966
846 836 1955 2052
846 1956 836 2053
847 846 1956 1966
847 753 1966 1967
847 837 1957 2054
847 837 1956 2053
847 848 1957 1967
837 836 2042 2053
845 844 1964 1954
845 835 1955 2052
845 835 2051 1954
2041 835 836 2052
2041 836 2042 924
2041 914 825 2042
848 754 1968 1967
750 1963 844 1964
2040 2041 824 913
2040 2041 923 835
2040 835 2051 834
2041 914 2030 913
2051 834 844 1954
1953 834 844 2050
1953 843 1963 844
843 1963 1962 749
848 2055 838 1958
848 1957 838 2054
837 2043 838 2054
2043 915 2042 826
837 2043 925 2042
914 2031 915 2042
914 2121 2030 904
914 2031 2122 904
903 2029 2120 913
2121 903 2030 913
2040 2029 912 913
2040 823 2039 912
2040 2039 922 834
2039 834 2050 833
1953 843 2050 833
2049 843 1952 833
843 1952 1962 842
2121 903 2110 904
2043 838 2044 926
2043 916 827 2044
839 2055 838 2044
839 849 2055 1958
2043 915 916 2032
915 2032 905 2123
2031 915 905 2122
2111 905 2122 904
2111 986 2110 904
976 2111 2110 894
748 1961 1962 842
2044 2045 917 828
839 927 2044 2045
2033 916 2044 917
906 916 2032 2123
2033 906 916 2124
2112 906 905 2123
2111 2112 905 987
977 2111 2112 895
977 976 2100 2111
2029 912 2120 902
2109 903 2120 902
2028 2119 912 902
911 2028 2039 912
911 2039 2038 822
2039 2038 921 833
2049 2038 832 833
2109 985 903 2110
2109 975 893 2110
976 975 2099 2110
976 967 2099 2181
2182 976 2100 967
2049 1952 842 832
1951 2048 842 832
1961 841 1951 842
1961 841 747 1960
1974 760 761 1965
855 760 1965 1964
856 761 1965 1966
1973 759 760 1964
759 1963 854 1964
1972 759 758 1963
853 758 1963 1962
758 757 1971 1962
1961 757 1962 852
1961 757 756 1970
1961 756 851 1960
756 755 1969 1960
978 2112 2113 896
977 978 2112 2101
2112 906 2113 988
2183 977 968 2101
2182 977 2100 968
906 2113 2124 907
2033 2124 907 917
907 2034 2125 917
2182 967 968 2173
960 2166 2173 959
2109 974 2108 892
2109 2098 975 974
2109 984 2108 902
2119 901 2108 902
911 2028 2119 901
966 975 2099 2181
966 2098 975 2180
911 2118 2027 901
911 2027 2038 910
966 2172 967 2181
2172 1030 2173 959
2172 967 1037 2173
2038 910 2037 821
920 2038 2037 832
831 2037 2048 832
831 841 1951 2048
831 841 2047 1950
840 841 1960 1950
746 840 1959 1960
1959 755 850 1960
872 1986 2078 871
2086 872 1995 871
1985 864 1986 871
1994 779 1985 871
1994 880 1995 871
865 864 1986 2078
865 872 2079 2078
1994 788 880 2004
870 1994 1985 778
1993 1994 787 778
879 1994 787 2004
1984 1985 771 778
797 2003 787 2004
2087 872 956 2079
957 2087 2079 873
2087 2086 872 881
2086 880 881 1995
2096 2005 880 881
890 2005 880 2004
957 950 2079 2080
2015 798 890 2004
2015 797 889 2004
809 2014 2015 797
2096 2097 891 881
2096 890 2005 891
890 2016 891 2107
2015 900 890 2016
2015 900 810 2026
809 2015 2026 899
2097 2087 964 881
965 2097 2087 882
965 957 2087 2088
958 957 2164 2080
2171 958 957 2088
820 809 2025 2026
2003 787 786 1906
1993 1896 787 786
1993 1896 777 778
1887 1984 777 778
796 797 2003 1906
2014 1917 796 797
808 809 2014 1917
808 1928 809 2025
1928 819 820 2025
819 820 1939 2036
796 1905 786 1906
1896 1895 777 786
808 1917 1916 796
1886 1887 770 777
1927 808 1928 819
1938 819 1939 830
901 900 2016 2107
2118 2027 901 900
2027 900 910 2026
901 2108 891 2107
910 2037 2026 821
820 2037 2026 909
973 2097 2108 891
974 2097 2108 892
831 820 2036 2037
2098 974 965 2097
831 1939 830 2036
966 2171 965 2088
966 2098 965 2180
831 830 2047 1950
840 830 1949 1950
966 2172 2171 958
2172 958 2165 1029
2172 1030 2165 959
746 840 1959 1949
479 1594 1582 403
477 1663 478 1581
1593 1594 478 489
479 478 1582 1664
479 1676 1594 478
477 1593 1675 478
148 1339 237 1337
1784 584 673 1780
1784 672 583 1780
672 583 1779 1783
671 1779 582 1783
672 671 1779 1874
672 1875 665 1874
672 1875 673 1780
671 664 1874 1873
1875 673 666 1876
671 670 1778 1873
663 670 1872 1873
1974 760 761 1876
1875 760 768 1876
1973 1875 759 760
767 1875 759 1874
1972 759 758 1874
758 766 1874 1873
758 757 1971 1873
765 757 1872 1873
757 1872 756 1970
897 2114 2113 907
887 2103 897 2102
897 2102 2113 979
978 2102 2113 896
2092 886 969 2102
978 969 2102 2101
2174 969 968 2091
2183 969 968 2101
960 2174 968 2173
855 845 1965 1964
846 845 2063 1965
846 845 1955 2052
846 856 1965 1966
846 836 2052 2053
847 846 1956 2053
847 846 2064 1966
847 857 1966 1967
847 848 1957 2054
847 837 2053 2054
847 848 2065 1967
836 2042 2053 924
837 925 2042 2053
845 844 1964 2062
845 2051 844 1954
845 835 2051 2052
2041 836 2052 924
2041 923 835 2052
2041 914 2042 924
1963 844 854 1964
2040 2041 923 913
2040 923 835 2051
2040 2051 922 834
914 2121 2030 913
2041 914 2132 913
2051 834 844 2050
1953 843 844 2050
2061 843 1963 844
853 843 1963 1962
848 2055 838 2054
848 849 2055 1958
2043 838 2054 926
837 2043 925 2054
2043 915 925 2042
914 915 2042 2133
914 2031 915 2122
914 2121 2122 904
2029 912 2120 913
2121 903 2120 913
2040 912 913 2131
2040 2039 912 922
2039 922 834 2050
2039 921 2050 833
2049 843 2050 833
2049 843 1952 842
843 2060 1962 842
2121 986 2110 904
985 2121 903 2110
2055 838 2044 926
2043 916 2044 926
839 927 2055 2044
915 916 2032 2123
2043 915 916 2134
915 905 2122 2123
2111 905 2122 987
2111 986 2122 904
976 2111 986 2110
1961 1962 842 852
927 2044 2045 917
2135 916 2044 917
2033 916 2124 917
906 916 2124 2123
2112 905 2123 987
2112 906 988 2123
977 2111 2112 987
977 976 2111 2192
2182 977 976 2100
2119 912 2120 902
2109 985 903 2120
2109 984 2120 902
911 2028 2119 912
911 2039 912 2130
911 2039 2038 921
2049 2038 921 833
920 2049 2038 832
2109 975 985 2110
976 975 2099 2181
976 2191 975 2110
2182 976 967 2181
2049 2048 842 832
841 1951 2048 842
1961 841 842 2059
1961 841 851 1960
1974 856 761 1965
1974 855 760 1965
1973 855 760 1964
1975 856 761 1966
1973 759 854 1964
1972 759 1963 854
853 1972 758 1963
853 758 1971 1962
757 1971 1962 852
1961 757 1970 852
1961 756 851 1970
756 851 1969 1960
755 850 1969 1960
978 2112 2113 988
977 2193 978 2112
2183 977 978 2101
906 2113 2124 988
2182 2183 977 968
2113 2124 907 989
2124 907 2125 917
2182 967 1037 2173
2182 1038 968 2173
2166 1030 2173 959
2109 984 974 2108
2098 975 974 2180
2109 975 974 2190
984 2119 2108 902
2119 901 983 2108
911 2118 2119 901
966 975 2181 2180
911 2118 2027 910
911 2038 910 2129
2172 967 1037 2181
966 1036 2172 2181
2172 1030 1037 2173
920 2038 910 2037
920 2037 2048 832
831 2037 2048 919
831 841 2048 2047
840 841 2047 1950
2058 840 841 1960
840 1959 850 1960
864 1986 2078 871
2086 872 2078 871
2086 880 1995 871
2077 1985 864 871
870 1994 1985 871
1994 2085 880 871
872 956 2079 2078
949 865 2079 2078
879 1994 880 2004
870 1984 1985 778
870 1993 1994 778
879 1993 1994 787
879 2003 787 2004
797 889 2003 2004
2087 2086 872 956
957 2087 956 2079
2087 2086 964 881
2096 2086 880 881
2096 890 2005 880
2095 890 880 2004
957 2163 950 2079
957 2164 950 2080
2015 889 890 2004
2014 2015 797 889
809 2014 2015 899
2096 2097 964 881
973 2096 2097 891
2096 890 891 2107
900 890 2016 2107
2106 2015 900 890
2015 900 2026 899
809 2025 2026 899
965 2097 2087 964
965 957 2087 2170
2171 965 957 2088
2171 958 957 2164
820 2025 2026 909
796 2003 786 1906
1993 2003 787 786
1993 1896 777 786
1993 1984 777 778
1887 1984 770 777
2014 796 797 2003
808 2014 1917 796
808 809 2014 2025
808 1928 819 2025
819 820 2025 2036
819 1939 830 2036
808 1916 796 2013
1927 808 819 2024
2118 901 900 2107
2118 2027 900 910
2117 900 910 2026
901 983 2108 2107
973 2108 891 2107
910 2037 2026 909
820 2036 2037 909
974 973 2097 2108
831 2036 2037 919
974 965 2179 2097
2098 974 965 2180
831 830 2036 2047
966 2171 965 2180
840 830 2047 1950
2172 2171 958 1029
966 1036 2172 2171
2172 1030 2165 1029
477 1675 1663 478
1593 1675 478 489
1676 1594 478 489
479 1676 478 1664
479 490 1676 1594
148 147 1339 1337
148 1340 1339 237
1784 672 673 1780
672 671 1779 1783
672 671 1879 1874
672 767 1875 1874
672 1875 673 1880
671 766 1874 1873
1875 673 768 1876
671 1878 670 1873
765 670 1872 1873
1974 760 768 1876
769 1974 761 1876
1973 1875 760 768
1973 767 1875 759
767 1972 759 1874
1972 758 766 1874
758 766 1971 1873
765 757 1971 1873
765 757 1872 1970
764 1872 756 1970
2114 2113 907 989
897 2114 2113 979
2103 897 2102 979
978 2102 2113 979
2184 978 969 2102
2183 978 969 2101
2183 2174 969 968
1038 2174 968 2173
855 845 1964 2062
855 845 2063 1965
846 856 2063 1965
846 845 2052 2063
846 2064 856 1966
836 2052 2053 924
846 934 2052 2053
847 846 2064 2053
847 2064 857 1966
847 2065 857 1967
847 848 2065 2054
837 925 2053 2054
847 2053 2054 935
925 2042 2053 924
844 854 1964 2062
845 2051 844 2062
845 2051 2052 933
923 835 2051 2052
2041 923 2052 924
914 2042 924 2133
2041 914 2132 924
2061 1963 844 854
2041 923 2132 913
2040 923 913 2131
2040 923 2051 922
2051 922 834 2050
914 2121 2132 913
2051 932 844 2050
2061 843 844 2050
853 2061 843 1963
853 843 2060 1962
2055 838 2054 926
848 936 2055 2054
2043 925 2054 926
915 925 2042 2133
2043 915 925 2134
914 915 2133 2122
2121 986 2122 904
914 2121 2122 996
912 2120 913 2131
995 2121 2120 913
985 2121 903 2120
2040 912 922 2131
2039 912 2130 922
2039 922 921 2050
2049 921 2050 833
2049 843 931 2050
2049 843 2060 842
2060 1962 842 852
985 2121 986 2110
927 2055 2044 926
2135 916 2044 926
2043 916 926 2134
839 927 2055 2056
915 916 2123 2134
905 2122 2123 987
915 997 2122 2123
2111 986 2122 987
976 2111 986 2192
976 2191 986 2110
1961 842 2059 852
927 2045 2136 917
927 2135 2044 917
2135 916 2124 917
916 2124 998 2123
906 2124 988 2123
2112 988 2123 987
977 2111 2192 987
977 2193 2112 987
2182 977 976 2192
994 2119 912 2120
984 2119 2120 902
2109 984 985 2120
911 2119 912 2130
911 2039 2130 921
911 2038 921 2129
920 2049 2038 921
920 2049 2048 832
2191 975 985 2110
2109 975 985 2190
976 2191 975 2181
2182 967 1037 2181
2182 976 1046 2181
930 2049 2048 842
841 2048 842 2059
1961 841 851 2059
2058 841 851 1960
1974 855 856 1965
1975 1974 856 761
1974 1973 855 760
1973 855 854 1964
1973 1972 759 854
853 1972 1963 854
853 1972 758 1971
853 1971 1962 852
757 1971 1970 852
1961 851 1970 852
756 851 1970 1969
851 850 1969 1960
978 2194 2113 988
2193 978 2112 988
2183 977 2193 978
2113 2124 988 989
2182 2183 1038 968
2182 2183 977 1047
2124 907 2125 989
999 2124 2125 917
2182 1038 1037 2173
984 974 2108 2189
2109 984 974 2190
975 974 2190 2180
984 2119 983 2108
2118 2119 901 983
911 2118 993 2119
975 1045 2181 2180
966 1036 2181 2180
911 2118 910 2129
920 2038 910 2129
1036 2172 1037 2181
1030 1037 2173 2234
2233 2172 1030 1037
920 2128 910 2037
920 2037 2048 919
831 2048 2047 919
929 841 2048 2047
2058 840 841 2047
2058 840 850 1960
2057 840 1959 850
2077 864 2078 871
2086 872 956 2078
2086 955 2078 871
2085 2086 880 871
870 2077 1985 871
870 1994 2085 871
879 1994 2085 880
949 956 2079 2078
879 2095 880 2004
870 1984 1985 863
870 1993 1984 778
879 870 1993 1994
879 1993 2003 787
879 889 2003 2004
2014 797 889 2003
2087 2086 964 956
957 2163 956 2079
957 2087 956 2170
2096 2086 964 881
2096 2086 880 963
2095 2096 890 880
2095 889 890 2004
2106 2015 889 890
2014 2015 889 899
809 2014 2025 899
973 2096 2097 964
973 2096 891 2107
972 2096 890 2107
2106 900 890 2107
2106 2015 900 899
2117 900 2026 899
2025 2026 899 909
965 2087 964 2170
965 2179 2097 964
2171 965 957 2170
2171 958 2164 1029
1028 2171 957 2164
820 2025 2036 909
796 2003 786 2002
878 1993 2003 786
1993 777 1992 786
1993 1984 869 777
2014 796 888 2003
808 2014 796 2013
808 2014 2025 898
808 819 2025 2024
819 2025 2036 908
819 830 2036 2035
2118 901 983 2107
982 2118 900 2107
2117 2118 900 910
2117 910 2026 909
973 983 2108 2107
2128 910 2037 909
2036 2037 919 909
974 973 2108 2189
974 973 2179 2097
831 2036 2047 919
974 965 2179 2180
830 2036 918 2047
2171 1035 965 2180
966 1036 2171 2180
840 2046 830 2047
1036 2172 2171 1029
2233 2172 1030 1029
1675 1663 561 478
1676 1675 478 489
490 1676 1594 489
1676 561 478 1664
479 562 1676 1664
479 490 1676 1677
239 1340 1339 237
151 148 1340 1339
1784 672 673 1880
671 1879 766 1874
672 767 1879 1874
672 767 1875 1880
1875 673 1880 768
671 1878 766 1873
1878 765 670 1873
1974 1973 760 768
769 1974 768 1876
1973 767 1875 768
1973 767 1972 759
767 1972 766 1874
1972 758 766 1971
765 766 1971 1873
765 757 1971 1970
2114 2113 979 989
2114 907 2125 989
978 2194 2113 979
2184 978 2102 979
2183 2184 978 969
2183 2174 969 1039
2183 1038 2174 968
855 845 2063 2062
855 854 1964 2062
855 856 2063 1965
846 2064 856 2063
845 2052 2063 933
846 934 2052 2063
2064 856 857 1966
934 2052 2053 924
846 2064 934 2053
847 2064 2053 935
847 2064 2065 857
848 936 2065 2054
847 2065 2054 935
925 2053 2054 935
925 2042 924 2133
2144 925 2053 924
2061 844 854 2062
2051 932 844 2062
845 2051 933 2062
923 2051 2052 933
923 2052 2143 924
2041 923 2132 924
914 2132 924 2133
853 2061 1963 854
923 2132 913 2131
2040 923 922 2131
923 2051 922 2142
2051 932 922 2050
995 2121 2132 913
914 2121 2132 996
2061 932 844 2050
2061 843 931 2050
853 2061 843 2060
853 2060 1962 852
936 2055 2054 926
925 2054 2145 926
2043 925 926 2134
915 925 2133 2134
915 997 2133 2122
914 2133 2122 996
2121 986 2122 996
994 912 2120 2131
995 2120 913 2131
985 995 2121 2120
912 2130 922 2131
2039 2130 922 921
922 921 2050 2141
2049 931 921 2050
2049 843 931 2060
930 2049 2060 842
2060 842 2059 852
985 2121 986 2201
2191 985 986 2110
927 2135 2044 926
2146 927 2055 926
2135 916 926 2134
916 998 2123 2134
915 997 2123 2134
997 2122 2123 987
986 2202 2122 987
2111 986 2192 987
976 2191 986 2192
1961 851 2059 852
927 2135 2136 917
2135 916 2124 998
999 2135 2124 917
2124 998 988 2123
988 2203 2123 987
2193 2112 988 987
977 2193 2192 987
2182 976 1046 2192
2182 977 1047 2192
994 2119 912 2130
984 994 2119 2120
984 985 2120 2200
2109 984 985 2190
911 993 2119 2130
911 2130 921 2129
920 2038 921 2129
920 2140 2049 921
920 930 2049 2048
2191 975 985 2190
2191 975 1045 2181
976 2191 1046 2181
2182 1046 1037 2181
930 2048 842 2059
929 841 2048 2059
2058 841 851 2059
2058 851 850 1960
2071 1974 855 856
1974 861 1973 855
1973 855 2070 854
1973 1972 860 854
853 1972 2069 854
853 1972 1971 859
853 2068 1971 852
858 1971 1970 852
2067 851 1970 852
2194 2113 988 989
2193 978 2194 988
2183 1048 2193 978
2183 977 2193 1047
2124 988 989 2204
2182 2183 1038 1047
999 2124 2125 989
999 2125 2136 917
1038 1037 2173 2234
2182 1038 2241 1037
984 983 2108 2189
984 974 2190 2189
974 2190 2180 1044
975 1045 2190 2180
984 2199 2119 983
2118 993 2119 983
911 2118 993 2129
1036 1045 2181 2180
992 2118 910 2129
920 2128 910 2129
1036 2240 1037 2181
2233 1036 2172 1037
2233 1030 1037 2234
920 2128 2037 919
2139 920 2048 919
929 2048 2047 919
929 2058 841 2047
2058 840 928 2047
2058 2057 840 850
2077 955 2078 871
2086 955 956 2078
2085 2086 955 871
2085 2086 880 963
870 2077 1985 863
870 2077 2085 871
879 870 1994 2085
879 2095 2085 880
949 956 2078 2162
949 2163 956 2079
879 2095 889 2004
2076 870 1984 863
870 1993 1984 869
879 870 1993 2084
878 879 1993 2003
879 2094 889 2003
2014 889 888 2003
2086 2169 964 956
2087 964 956 2170
957 2163 956 2170
2096 2086 964 963
2095 2096 880 963
972 2095 2096 890
2095 2106 889 890
2106 2015 889 899
2014 889 2105 899
2014 2025 898 899
973 2179 2097 964
2178 973 2096 964
972 973 2096 2107
972 2106 890 2107
982 2106 900 2107
2117 2106 900 899
2117 2026 899 909
2116 2025 899 909
965 2179 964 2170
2171 1035 965 2170
1028 2171 957 2170
1028 2171 2164 1029
2025 2036 908 909
796 888 2003 2002
878 2003 786 2002
878 1993 1992 786
1993 869 777 1992
1984 869 1983 777
2014 796 888 2013
808 2014 898 2013
808 2025 898 2024
819 2025 908 2024
819 2036 908 2035
830 2036 918 2035
982 2118 983 2107
2117 982 2118 900
2117 992 2118 910
2117 2128 910 909
973 983 2108 2189
973 2188 983 2107
2128 2037 919 909
2127 2036 919 909
974 973 2179 2189
2036 918 2047 919
1035 965 2179 2180
974 2179 2180 1044
2046 830 918 2047
1036 2171 1035 2180
840 2046 928 2047
1036 2171 1029 2232
2233 1036 2172 1029
1663 561 478 1664
1676 1675 561 478
490 572 1676 1677
151 239 1340 1339
1254 151 148 1340
671 1879 1878 766
767 1879 766 1874
672 767 1879 1880
767 1875 1880 768
1878 765 766 1873
1974 861 1973 768
1977 1973 767 768
1973 767 1972 860
1976 767 1972 766
1972 766 1971 859
765 858 1971 1970
2194 2113 979 989
2184 978 2194 979
2183 2184 969 1039
2183 2184 1048 978
845 2063 933 2062
855 942 2063 2062
855 2070 854 2062
2071 855 856 2063
846 2064 934 2063
943 2064 856 2063
934 2052 2063 933
934 2052 2143 924
934 2144 2053 924
2064 934 2053 935
847 2064 2065 935
936 2065 2054 935
925 2054 2145 935
2144 925 2053 935
2144 925 924 2133
2061 932 844 2062
2061 941 854 2062
2051 932 933 2062
923 2052 2143 933
923 2051 2142 933
923 2143 2132 924
2132 924 2133 1006
914 2132 2133 996
853 2061 2069 854
995 2132 913 2131
1005 923 2132 2131
923 922 2142 2131
2051 932 922 2142
932 922 2050 2141
995 2121 2132 996
2061 931 932 2050
2061 843 931 2060
853 2061 940 2060
853 2068 2060 852
936 2054 2145 926
936 2146 2055 926
925 2145 926 2134
925 2133 1007 2134
915 997 2133 2134
997 2133 2122 996
986 2202 2122 996
2121 986 2201 996
994 912 2130 2131
995 994 2120 2131
985 995 2121 2201
985 995 2120 2200
2130 922 1004 2131
2130 922 921 2141
931 921 2050 2141
2140 2049 931 921
930 2049 931 2060
930 2060 842 2059
2060 939 2059 852
2191 985 986 2201
2146 927 2135 926
2135 1008 926 2134
2135 916 998 2134
997 998 2123 2134
997 2203 2123 987
997 2202 2122 987
986 2192 2202 987
2191 1055 986 2192
976 2191 1046 2192
2067 851 2059 852
999 2135 2136 917
999 2135 2124 998
998 988 2203 2123
2124 998 988 2204
2193 988 2203 987
2193 2192 1056 987
977 2193 1047 2192
2182 1047 1046 2192
994 993 2119 2130
984 994 2120 2200
984 2199 994 2119
984 985 2190 2200
911 993 2130 2129
1003 2130 921 2129
920 2140 921 2129
920 2140 930 2049
2139 920 930 2048
2191 985 2190 1054
2191 975 1045 2190
2191 1045 1046 2181
2240 1046 1037 2181
2182 2241 1046 1037
929 930 2048 2059
929 2058 841 2059
2058 938 851 2059
2066 2058 851 850
2071 1974 861 855
2071 1974 862 856
861 1973 855 2070
1973 2070 860 854
1972 860 2069 854
853 1972 2069 859
853 2068 1971 859
2068 858 1971 852
2067 858 1970 852
2194 988 989 2204
2193 2194 988 1057
1048 2193 978 2194
2183 1048 2193 1047
999 2124 989 2204
2183 1038 1047 2242
2182 1038 1047 2241
1038 2241 1037 2234
984 2199 983 2189
974 2190 1044 2189
984 2190 1053 2189
1045 2190 2180 1044
2199 993 2119 983
2118 2198 993 983
992 2118 993 2129
1036 1045 2239 2180
1036 1045 2240 2181
992 2128 910 2129
1002 920 2128 2129
2233 1036 2240 1037
1090 2233 1037 2234
2139 920 2128 919
2139 929 2048 919
929 2047 919 2138
929 2058 928 2047
2058 2057 840 928
2058 2057 937 850
2077 948 955 2078
2077 2085 955 871
955 956 2078 2162
2086 2169 955 956
2085 2086 955 963
2095 2085 880 963
2076 870 2077 863
954 870 2077 2085
879 870 2084 2085
879 2095 962 2085
879 2094 2095 889
2076 870 1984 869
870 1993 2084 869
878 879 1993 2084
878 879 2094 2003
2094 889 888 2003
2014 889 888 2105
2169 964 956 2170
2086 2169 964 963
1027 2163 956 2170
1028 957 2163 2170
2178 2096 964 963
972 2095 2096 963
972 2095 2106 890
2095 2106 889 971
2106 889 2105 899
2014 2105 898 899
2116 2025 898 899
2178 973 2179 964
972 2178 973 2096
972 973 2188 2107
982 972 2106 2107
2117 982 2106 900
2117 2106 981 899
2117 2116 899 909
2116 2025 908 909
2179 1034 964 2170
1035 965 2179 2170
1028 2171 1035 2170
1028 2171 1029 2232
2127 2036 908 909
796 888 2013 2002
878 888 2003 2002
878 1993 869 1992
2014 888 898 2013
808 898 2013 2024
2025 898 908 2024
2036 918 908 2035
982 2188 983 2107
982 2118 2198 983
2117 982 992 2118
2117 992 2128 910
2117 2128 991 909
973 2188 983 2189
2128 2127 919 909
2127 2036 918 919
974 2179 1044 2189
1043 973 2179 2189
918 2047 919 2138
1035 2179 2180 1044
2046 928 918 2047
1036 1035 2239 2180
1036 2171 1035 2232
2057 840 2046 928
2233 1036 1029 2232
490 572 1676 1687
151 239 1343 1340
1254 148 1340 149
1254 151 1340 152
1977 767 1880 768
861 1977 1973 768
1974 861 1978 768
1977 1973 767 860
2184 1048 978 2194
942 2063 933 2062
855 2070 942 2062
2071 855 942 2063
2070 941 854 2062
2071 943 856 2063
943 2064 934 2063
2072 943 2064 856
934 2063 2153 933
934 2052 2143 933
934 2144 2143 924
934 2144 2053 935
2154 2064 934 935
936 2054 2145 935
2155 936 2065 935
2144 925 2145 935
2144 924 2133 1006
2144 925 2133 1007
2061 941 932 2062
2061 941 2069 854
2051 932 2142 933
2152 932 933 2062
923 2143 2142 933
2143 2132 924 1006
1005 923 2143 2132
2132 2133 1006 996
853 2061 940 2069
1005 995 2132 2131
1005 923 2142 2131
922 1004 2142 2131
932 922 2142 2141
931 932 2050 2141
995 2121 2201 996
2211 995 2132 996
2061 931 932 2151
2061 940 931 2060
853 2068 940 2060
2068 2060 939 852
936 2146 2145 926
925 2145 1007 2134
1008 2145 926 2134
997 2133 1007 2134
997 2202 2122 996
997 2212 2133 996
986 2202 2201 996
994 2130 1004 2131
995 994 2120 2200
995 2210 994 2131
985 995 2200 2201
2130 922 1004 2141
1003 2130 921 2141
2140 931 921 2141
2140 930 2049 931
2150 930 931 2060
930 2060 939 2059
2067 939 2059 852
2191 1055 986 2201
2191 985 2201 1054
2146 2135 1008 926
2146 927 2135 1009
2135 1008 998 2134
997 998 2213 2134
997 998 2203 2123
997 2202 2203 987
2192 2202 1056 987
1055 986 2192 2202
2191 1055 1046 2192
938 2067 851 2059
999 2135 1009 2136
999 2124 998 2204
999 2135 2214 998
998 988 2203 2204
2193 2203 1056 987
2193 988 2203 1057
2193 1047 2192 1056
1047 1046 2192 2250
2182 1047 2241 1046
994 993 2209 2130
2199 994 993 2119
984 2199 994 2200
985 2190 2200 1054
984 2190 1053 2200
1003 993 2130 2129
2140 1003 921 2129
1002 920 2140 2129
2139 920 2140 930
2139 929 930 2048
2191 1045 2190 1054
1045 2240 1046 2181
2191 1045 1046 2249
2241 2240 1046 1037
929 930 2149 2059
929 2058 938 2059
2066 2058 938 851
2071 861 855 2070
2071 1974 862 861
2071 862 2072 856
861 1973 2070 860
2070 860 2069 854
1972 860 2069 859
853 2068 2069 859
2068 858 1971 859
2068 2067 858 852
2194 988 1057 2204
2194 1058 989 2204
1048 2193 2194 1057
1048 2193 1047 2251
2183 1048 1047 2242
1038 1047 2242 2241
1090 2241 1037 2234
2199 1052 983 2189
984 2199 1053 2189
2190 1053 1044 2189
1045 2239 2180 1044
1045 2190 1044 2248
2199 2198 993 983
992 2118 2198 993
992 993 2208 2129
1036 1045 2240 2239
1002 992 2128 2129
2139 1002 920 2128
2233 1036 2240 1089
1090 2233 2240 1037
2139 2128 919 1001
2139 929 919 2138
929 928 2047 2138
929 2058 928 2148
2058 2057 937 928
954 2077 2085 955
2169 955 956 2162
2086 2169 955 963
2085 955 2168 963
2095 962 2085 963
2076 954 870 2077
954 870 2084 2085
879 2084 962 2085
879 2094 2095 962
2094 2095 889 971
2076 870 2084 869
878 1993 2084 869
878 879 2094 2084
878 2094 888 2003
2094 889 888 2105
2014 888 2105 898
1034 2169 964 2170
1027 2169 956 2170
2178 2169 964 963
1028 1027 2163 2170
972 2178 2096 963
972 2095 2177 963
972 2095 2106 971
2106 889 2105 971
2106 981 2105 899
2116 2105 898 899
2116 2025 898 908
2178 2179 1034 964
1043 2178 973 2179
972 2178 973 2188
982 972 2188 2107
982 972 2106 2187
2117 982 2106 981
2117 2116 981 899
2117 2116 991 909
2116 2127 908 909
1035 2179 1034 2170
1028 1035 2231 2170
1028 2171 1035 2232
2127 2036 918 908
888 898 2013 2104
808 807 2013 2024
898 908 2024 2115
982 2198 2188 983
982 992 2118 2198
2117 2197 982 992
2117 992 2128 991
2128 2127 991 909
1052 2188 983 2189
1043 973 2188 2189
2128 2127 919 1001
2127 918 919 2138
1043 2179 1044 2189
928 918 2047 2138
1035 2239 2180 1044
2238 1035 2179 1044
1036 1035 2239 2232
2233 1036 1089 2232
239 1343 1340 240
151 239 1343 1342
151 1343 1340 152
1254 1340 149 152
861 1977 1973 860
942 2063 2153 933
2152 942 933 2062
2070 941 942 2062
2071 855 2070 942
2071 943 942 2063
2070 941 2069 854
2071 2072 943 856
943 934 2063 2153
2154 943 2064 934
934 2143 2153 933
2144 2143 924 1006
934 2144 2143 1016
2154 934 2144 935
2154 2064 944 935
2155 936 2145 935
2144 1017 2145 935
2144 925 2145 1007
2144 2133 1006 1007
2152 941 932 2062
2061 941 932 2151
2061 940 941 2069
2152 932 2142 933
1015 2143 2142 933
1005 923 2143 2142
1005 2143 2132 1006
2212 2133 1006 996
2211 2132 1006 996
853 2068 940 2069
1005 995 2210 2131
1005 2211 995 2132
1005 1004 2142 2131
922 1004 2142 2141
932 2142 2141 1014
931 932 2151 2141
2211 995 2201 996
2061 940 931 2151
2150 940 931 2060
2068 940 2060 939
2068 2067 939 852
2146 1008 2145 926
1008 2145 1007 2134
997 1007 2213 2134
997 2212 2133 1007
997 2212 2202 996
2202 1065 2201 996
1055 986 2202 2201
994 2209 2130 1004
2210 994 1004 2131
995 2210 994 2200
995 1064 2200 2201
985 2200 2201 1054
1003 2130 1004 2141
2140 1003 921 2141
2140 931 1013 2141
2150 2140 930 931
2150 930 2060 939
930 2149 939 2059
938 2067 939 2059
2191 1055 2201 1054
2146 2135 1008 1009
1008 998 2213 2134
2135 1008 2214 998
997 998 2203 2213
2202 2203 1056 987
997 1066 2202 2203
1055 2192 2202 1056
1055 1046 2192 2250
2191 1055 1046 2249
2066 938 2067 851
999 2135 2214 1009
999 2214 998 2204
988 2203 1057 2204
998 2203 1067 2204
2193 2203 1056 1057
1047 2192 2250 1056
2193 1047 2251 1056
1047 2241 1046 2250
1003 993 2209 2130
2199 994 993 2209
1063 2199 994 2200
984 2199 1053 2200
2190 1053 2200 1054
1003 993 2208 2129
1002 2140 1003 2129
2139 1002 920 2140
2139 2140 930 1012
2139 929 930 2149
1045 2190 2248 1054
2191 1045 2249 1054
1045 2240 1046 2249
2241 2240 1046 1097
1090 2241 2240 1037
929 938 2149 2059
929 2058 938 2148
2066 2058 938 937
2194 1058 1057 2204
1048 2193 2251 1057
1048 1047 2242 2251
1047 2242 2241 1098
2199 1052 1053 2189
2199 2198 1052 983
2247 1053 1044 2189
2190 1053 1044 2248
1045 2239 1044 2248
2199 2198 993 1062
992 2198 993 2208
1002 992 2208 2129
1045 2240 1096 2239
1036 2240 1089 2239
1002 992 2207 2128
2139 1002 2128 1001
1090 2233 2240 1089
2139 919 1001 2138
2139 929 1011 2138
929 928 2148 2138
2058 937 928 2148
954 2085 955 2168
1026 2169 955 2162
1027 2169 956 2162
2169 955 2168 963
962 2085 2168 963
2095 2177 962 963
2076 954 870 2084
954 2084 962 2085
879 2094 2084 962
2094 2095 962 971
2094 889 2105 971
2076 953 2084 869
878 2084 869 2083
878 2094 2084 961
878 2094 2093 888
2094 888 970 2105
888 2105 898 2104
1027 1034 2169 2170
2178 1034 2169 964
1033 2178 2169 963
1028 1027 2231 2170
972 2178 2177 963
972 2095 2177 971
972 2106 2187 971
2106 981 2105 971
2116 981 2105 899
2116 2105 898 980
2116 898 908 2115
1043 2178 2179 1034
1043 2178 973 2188
1042 972 2178 2188
982 972 2188 2187
982 2106 981 2187
2117 2197 982 981
2117 2116 991 981
2116 2127 991 909
2116 2127 990 908
1035 2231 1034 2170
2238 1035 2179 1034
1028 1035 2231 2232
2127 918 2126 908
2198 1052 2188 983
1051 982 2198 2188
2197 982 992 2198
2117 2197 992 991
992 2207 2128 991
2128 2127 991 1001
1043 1052 2188 2189
2127 919 1001 2138
2127 1000 918 2138
1043 2247 1044 2189
1043 2238 2179 1044
928 918 2137 2138
2238 1035 2239 1044
1035 2239 2232 1088
1036 1089 2239 2232
1343 1340 240 152
239 1343 1342 241
1340 149 152 1341
1254 1255 149 152
2152 942 2153 933
943 942 2063 2153
2152 941 942 2062
2070 941 942 2159
2071 2070 942 947
2071 943 2160 942
946 2070 941 2069
2154 943 934 2153
2154 943 2064 944
1015 2143 2153 933
934 2143 2153 1016
2144 2143 1006 1016
2154 934 2144 1016
2154 2144 1017 935
2155 1017 2145 935
2144 1017 2145 1007
2212 2133 1006 1007
2144 2221 1006 1007
2152 941 932 2151
2061 940 941 2151
2158 940 941 2069
2152 932 2142 1014
2152 1015 2142 933
1005 1015 2143 2142
1005 2211 2132 1006
1005 2220 2143 1006
2211 2212 1006 996
945 2068 940 2069
1005 2211 995 2210
1005 2210 1004 2131
1005 2219 1004 2142
1004 2142 2141 1014
932 2151 2141 1014
931 1013 2151 2141
2211 1065 2201 996
2211 995 1064 2201
2150 940 931 2151
2150 940 2060 939
2157 2068 940 939
2146 1018 1008 2145
1008 1007 2213 2134
1008 2145 1007 2222
997 2212 1007 2213
2212 2202 1065 996
997 1066 2212 2202
1055 2202 1065 2201
1003 2209 2130 1004
2210 994 2209 1004
995 2210 1064 2200
1063 2210 994 2200
1064 2200 2201 1054
1003 2218 1004 2141
2140 1003 1013 2141
2150 2140 931 1013
2150 2140 930 1012
2150 930 2149 939
938 2149 939 2059
938 2067 939 2156
1055 2258 2201 1054
2191 1055 2249 1054
2135 1008 2214 1009
1008 2214 998 2213
998 2203 2213 1067
997 1066 2203 2213
1066 2202 2203 1056
1055 2192 2250 1056
2259 1055 2202 1056
1055 1046 2250 2249
2214 998 1067 2204
2203 1057 1067 2204
2260 2203 1056 1057
2193 2251 1056 1057
1047 2251 2250 1056
2241 1046 1097 2250
1047 2241 1098 2250
1003 993 2209 2208
2199 993 2209 1062
1063 2199 994 2209
1063 2199 1053 2200
2190 1053 2248 1054
2257 1053 2200 1054
1002 1003 2208 2129
1002 2140 1003 2217
2139 1002 2140 1012
2139 930 1012 2149
2139 929 1011 2149
1045 2249 2248 1054
2240 1046 1097 2249
1045 2240 1096 2249
1090 2241 2240 1097
929 938 2149 2148
2058 938 937 2148
1047 2242 2251 1098
2247 1052 1053 2189
2199 2256 1052 1053
2199 2198 1052 1062
2247 1053 1044 2248
2239 1044 2248 1095
1045 1096 2239 2248
2198 993 2208 1062
1061 992 2198 2208
1002 992 2207 2208
2240 1096 1089 2239
1002 2207 2128 1001
2216 2139 1002 1001
2139 1011 1001 2138
929 1011 2148 2138
1010 928 2148 2138
937 928 2147 2148
954 962 2085 2168
954 2161 955 2168
1026 2169 955 2168
1033 2169 2168 963
2177 962 2168 963
2095 2177 962 971
2076 954 953 2084
954 2084 962 2167
2094 2084 962 961
2094 962 971 2176
2094 970 2105 971
953 2084 869 2083
878 2084 961 2083
878 2094 2093 961
2094 2093 888 970
888 970 2105 2104
2105 898 980 2104
1027 1034 2169 2230
1027 2231 1034 2170
1033 2178 1034 2169
1033 2178 2177 963
1042 972 2178 2177
972 2177 2187 971
2106 981 2187 971
981 2105 971 2186
2116 981 2105 980
2116 898 980 2115
2116 990 908 2115
1043 2238 2179 1034
1043 2237 2178 1034
1043 1042 2178 2188
1042 972 2188 2187
1051 982 2188 2187
2197 982 981 2187
2117 2197 991 981
2196 2116 991 981
2116 2127 991 990
2127 990 2126 908
2238 1035 2231 1034
1035 2231 2232 1088
2127 1000 918 2126
1051 2198 1052 2188
1051 2197 982 2198
2197 1061 992 2198
2197 992 2207 991
2207 2128 991 1001
2206 2127 991 1001
1043 2246 1052 2188
1043 2247 1052 2189
2127 1000 1001 2138
1000 918 2137 2138
1043 2238 2247 1044
1010 928 2137 2138
2238 2239 1044 1095
2238 1035 2239 1088
1089 2239 2232 1088
1340 240 152 1341
1344 1343 240 152
1340 149 1341 238
1255 149 152 1341
2152 942 2153 1023
2152 1015 2153 933
943 2160 942 2153
2152 941 942 2159
2070 942 2159 947
946 2070 941 2159
2158 946 941 2069
2154 934 2153 1016
2154 943 1024 2153
1015 2143 2153 1016
2144 2221 1006 1016
2220 2143 1006 1016
2154 2144 1017 1016
2154 2155 1017 935
1017 2145 1007 2222
2144 1017 2221 1007
2212 2221 1006 1007
2152 932 2151 1014
2152 941 1022 2151
2158 940 941 2151
2158 945 940 2069
2152 1015 2142 1014
1005 2219 1015 2142
1005 2220 1015 2143
1005 2220 2211 1006
2211 2212 1065 996
2211 1074 2212 1006
2211 995 2210 1064
1005 2211 2210 1073
1005 2210 2219 1004
2219 1004 2142 1014
2218 1004 2141 1014
1013 2151 2141 1014
2150 931 1013 2151
2211 1064 1065 2201
1021 2150 940 2151
2150 2157 940 939
1018 1008 2145 2222
1008 1007 2213 2222
2212 1007 2213 1075
997 1066 2212 2213
1066 2212 2202 1065
1055 2258 1065 2201
2259 1055 2202 1065
1003 2209 2218 1004
1072 2210 2209 1004
1063 2210 994 2209
1063 2210 1064 2200
2258 1064 2201 1054
2257 1064 2200 1054
1003 2218 1013 2141
2140 1003 2217 1013
2150 2140 1012 1013
2150 930 1012 2149
2150 1020 2149 939
938 2149 939 2156
1055 2258 2249 1054
2214 998 2213 1067
1008 2214 1076 2213
1066 2203 2213 1067
1066 2260 2203 1056
2259 1066 2202 1056
2259 1055 2250 1056
1046 1097 2250 2249
1055 1105 2250 2249
2260 2203 1057 1067
2261 1057 1067 2204
2251 2260 1056 1057
2251 2250 1106 1056
1047 2251 1098 2250
2241 1098 1097 2250
993 2209 2208 1062
1071 1003 2209 2208
1063 2199 2209 1062
1063 2199 2256 1053
1063 2257 1053 2200
2257 1053 2248 1054
1002 1003 2217 2208
1002 2140 2217 1012
2216 2139 1002 1012
2139 1011 1012 2149
929 1011 2149 2148
1104 2249 2248 1054
1045 1096 2249 2248
2240 1096 1097 2249
1019 938 2149 2148
2256 2247 1052 1053
2199 2256 1052 1062
2198 1052 2255 1062
2247 1044 2248 1095
1103 2247 1053 2248
1096 2239 2248 1095
1061 2198 2208 1062
1061 992 2207 2208
1002 1070 2207 2208
1096 1089 2239 2284
2240 1096 1089 2285
2216 1002 2207 1001
2216 2139 1011 1001
1011 2215 1001 2138
1011 1010 2148 2138
1010 928 2147 2148
954 962 2167 2168
1033 1026 2169 2168
1033 2177 2168 963
2177 962 1032 2168
2177 962 971 2176
954 953 2084 2167
2084 962 961 2167
2094 962 961 2176
2094 970 971 2176
970 2105 971 2186
953 2084 961 2083
2094 2093 961 970
970 2105 980 2104
898 980 2115 2104
1027 2231 1034 2230
1033 1034 2169 2230
2237 1033 2178 1034
1042 1033 2178 2177
1042 972 2177 2187
1041 2177 2187 971
981 2187 971 2186
981 2105 980 2186
2196 2116 981 980
2116 990 980 2115
990 2126 908 2115
1043 2237 2238 1034
1043 2237 1042 2178
1043 1042 2246 2188
1051 1042 2188 2187
1051 2197 982 2187
2197 1050 981 2187
2197 2196 991 981
2196 2116 991 990
2206 2127 991 990
2127 1000 990 2126
2238 1035 2231 1088
1087 2238 2231 1034
1051 2198 1052 2255
1051 2246 1052 2188
1051 2197 1061 2198
2197 1061 992 2207
2197 2207 1060 991
2206 2207 991 1001
2206 2127 1000 1001
1043 2246 2247 1052
1000 2215 1001 2138
1010 1000 2137 2138
2238 2247 1044 1095
1043 2238 1094 2247
2238 2239 1088 1095
1344 240 152 1341
1344 1343 242 240
1344 154 1343 152
153 1255 152 1341
150 1255 149 1341
2152 942 2159 1023
2152 1015 2153 1023
2160 942 2153 1023
2152 941 1022 2159
2154 1024 2153 1016
1015 2227 2153 1016
2220 1015 2143 1016
2144 1017 2221 1016
2220 2221 1006 1016
2154 2228 1017 1016
1017 2221 1007 2222
1018 1017 2145 2222
2212 2221 1007 1075
1074 2212 2221 1006
2152 1022 2151 1014
2158 941 1022 2151
1021 2158 940 2151
2219 1015 2142 1014
2152 2226 1015 1014
1005 2220 2219 1015
2220 2211 1074 1006
1005 2220 2211 1073
2211 1074 2212 1065
2211 2210 1064 1073
1005 2210 2219 1073
1072 2210 2219 1004
2219 2218 1004 1014
2218 1013 2141 1014
2225 1013 2151 1014
1021 2150 1013 2151
2258 1064 1065 2201
2211 2267 1064 1065
1021 2150 2157 940
2150 2157 1020 939
1007 2213 1075 2222
1008 1076 2213 2222
1066 2212 2213 1075
2268 1066 2212 1065
2259 1066 2202 1065
2259 1055 2258 1065
1071 1003 2209 2218
1072 2209 2218 1004
1063 1072 2210 2209
1063 2257 1064 2200
2266 1063 2210 1064
2257 2258 1064 1054
1003 2217 2218 1013
2140 2217 1012 1013
2224 2150 1012 1013
2150 1020 1012 2149
1020 2149 939 2156
2258 1104 2249 1054
1055 2258 1105 2249
2214 1076 2213 1067
1066 2260 2203 1067
1066 2269 2213 1067
2259 1066 2260 1056
2259 2250 1106 1056
2259 1055 1105 2250
1105 1097 2250 2249
2251 2260 1106 1056
2251 1098 2250 1106
1098 1097 2250 2292
1071 2209 2208 1062
1071 1003 2217 2208
1063 2265 2209 1062
1063 2199 2256 1062
1063 2257 2256 1053
2257 1104 2248 1054
1103 2257 1053 2248
1002 1070 2217 2208
2216 1002 2217 1012
2216 2139 1011 1012
1011 1012 2149 2223
1019 1011 2149 2148
1096 1104 2249 2248
1096 2291 1097 2249
2240 1096 1097 2285
2256 2247 1052 1102
1103 2256 2247 1053
2256 1052 2255 1062
1061 2198 2255 1062
1103 2247 2248 1095
1096 2239 2284 1095
2290 1096 2248 1095
1061 2264 2208 1062
1061 1070 2207 2208
2216 1002 1070 2207
2216 2207 1069 1001
2216 1011 2215 1001
1011 1010 2215 2138
962 1032 2167 2168
1033 1026 2169 2230
2229 1033 1026 2168
1033 2177 1032 2168
2177 962 1032 2176
1041 2177 971 2176
953 2084 961 2167
962 961 2167 2176
2094 961 970 2176
970 971 2176 2186
970 2105 980 2186
2185 970 980 2104
1087 2231 1034 2230
2237 1033 1034 2230
2237 1042 1033 2178
2236 1042 1033 2177
1042 1041 2177 2187
1041 2187 971 2186
1050 981 2187 2186
2196 981 980 2186
2196 2116 990 980
990 980 2195 2115
1087 2237 2238 1034
1043 2237 2238 1094
1043 2237 1042 2246
1051 1042 2246 2188
1051 1042 2245 2187
1051 2197 1050 2187
2197 2196 1050 981
2197 2196 1060 991
2196 2206 991 990
2206 2127 1000 990
1087 2238 2231 1088
1051 1061 2198 2255
1051 2246 1052 2255
1051 2197 1061 2254
2197 1061 2207 1060
2206 2207 1060 991
2206 2207 1069 1001
2206 1000 2215 1001
2246 2247 1052 1102
1043 2246 1094 2247
1010 1000 2215 2138
2238 1094 2247 1095
2239 2284 1088 1095
1344 153 152 1341
1344 154 1343 242
1344 154 1256 152
153 1255 1256 152
150 153 1255 1341
2152 1022 2159 1023
2160 942 2159 1023
1015 2227 2153 1023
2152 2226 1015 1023
2158 941 1022 2159
1024 2227 2153 1016
2154 1024 2228 1016
2220 1015 2227 1016
2228 1017 2221 1016
2220 1082 2221 1016
2220 1074 2221 1006
2221 1007 1075 2222
1083 1017 2221 2222
1074 2212 2221 1075
2225 1022 2151 1014
2152 2226 1022 1014
1021 2158 1022 2151
1021 2158 2157 940
2219 2226 1015 1014
2220 1081 2219 1015
1005 2220 2219 1073
2220 2211 1074 1073
1074 2268 2212 1065
2211 2267 1074 1065
2211 2267 1064 1073
2266 2210 1064 1073
1072 2210 2219 1073
1072 2219 2218 1004
2219 2218 1080 1014
2225 2218 1013 1014
1021 2225 1013 2151
1021 2224 2150 1013
2267 2258 1064 1065
1021 2150 2157 1020
2157 1020 939 2156
1076 2213 1075 2222
1066 2269 2213 1075
2268 1066 2212 1075
2259 2268 1066 1065
2259 1055 2258 1105
2259 1113 2258 1065
1071 1003 2217 2218
1072 1071 2209 2218
1063 1072 2265 2209
2266 1063 1072 2210
2266 1063 2257 1064
2257 2258 1104 1054
1112 2257 2258 1064
1079 2217 2218 1013
2224 2217 1012 1013
2224 2150 1020 1012
1020 1012 2149 2223
2258 1105 1104 2249
1066 2269 2260 1067
2259 2260 1106 1056
2259 1066 1114 2260
2259 1105 2250 1106
1105 1097 2250 2292
2291 1105 1097 2249
1071 2264 2208 1062
1071 2265 2209 1062
1070 1071 2217 2208
1063 2256 2265 1062
1063 2257 2256 1111
1103 2257 2256 1053
1103 2257 1104 2248
2216 1002 1070 2217
2216 1078 2217 1012
2216 1011 1012 2223
1019 1011 2149 2223
1096 2291 1104 2249
2290 1096 1104 2248
1096 2291 1097 2285
2256 1052 1102 2255
1103 2256 2247 1102
2256 1110 2255 1062
1061 2264 2255 1062
1103 2290 2248 1095
1103 2289 2247 1095
2290 1096 2284 1095
1061 1070 2264 2208
1061 1070 2263 2207
2216 1070 2207 1069
2216 1069 2215 1001
2216 1011 1077 2215
962 1032 2167 2176
2229 1033 1032 2168
2236 1033 2177 1032
1041 2177 1032 2176
1041 971 2176 2186
2175 961 970 2176
970 1040 2176 2186
2185 970 980 2186
1087 2237 1034 2230
2237 1033 1086 2230
2236 2237 1042 1033
2236 1042 1041 2177
1042 1041 2245 2187
1041 1050 2187 2186
2196 1050 981 2186
2196 1049 980 2186
2196 990 980 2195
1087 2237 2238 1094
1043 2237 2246 1094
2237 1042 1093 2246
1051 1042 2246 2245
1051 1050 2245 2187
1051 2197 1050 2254
2197 2196 1050 1060
2196 2206 1060 991
2196 2206 990 1059
2206 1000 990 2205
1051 1061 2255 2254
2246 1052 1102 2255
1051 1101 2246 2255
2197 1061 1060 2254
1061 2263 2207 1060
2206 2207 1060 1069
2206 1069 2215 1001
2246 1094 2247 1102
2238 1094 2283 1095
2289 1094 2247 1095
1344 153 1256 152
154 1343 242 1345
1344 154 242 1346
1344 154 155 1256
75 153 1255 1256
2152 2226 1022 1023
2226 1015 2227 1023
1024 2227 2153 1023
1024 2228 2227 1016
2220 1082 2227 1016
2220 1081 1015 2227
1082 2228 2221 1016
1083 2228 1017 2221
2220 1074 1082 2221
1083 2221 1075 2222
1074 2268 2212 1075
2275 1074 2221 1075
2225 2226 1022 1014
1021 2225 1022 2151
2219 2226 1080 1014
1081 2219 2226 1015
2220 1081 2219 1073
2211 2267 1074 1073
2220 2274 1074 1073
2267 1074 2268 1065
2266 2267 1064 1073
2266 1072 2210 1073
2273 1072 2219 1073
1072 2219 2218 1080
2225 2218 1080 1014
1079 2225 2218 1013
1021 2224 2225 1013
1021 2224 2150 1020
2267 1113 2258 1065
1112 2267 2258 1064
2269 1076 2213 1075
2268 1066 2269 1075
2259 2268 1066 1114
2259 1113 2268 1065
2259 1113 2258 1105
1079 1071 2217 2218
1072 1071 2265 2209
2272 1072 1071 2218
2266 1063 1072 2265
2266 1063 2257 1111
1112 2266 2257 1064
1112 2257 2258 1104
1079 2224 2217 1013
2224 1078 2217 1012
2224 1020 1012 2223
2291 1105 1104 2249
2298 2258 1105 1104
1105 2250 1106 2292
2259 2299 1105 1106
2291 1105 1097 2292
1071 2265 2264 1062
1070 1071 2264 2208
1070 1071 2271 2217
2256 2265 1110 1062
1063 2256 1111 2265
1103 2257 2256 1111
1103 2290 1104 2248
1103 2257 2297 1104
2216 1070 1078 2217
2216 1078 1012 2223
2216 1011 1077 2223
2290 1096 2291 1104
2256 1110 1102 2255
1103 2289 2247 1102
1103 2296 2256 1102
1110 2264 2255 1062
1061 1109 2264 2255
1103 2289 2290 1095
1061 1070 2263 2264
1070 2263 2207 1069
2216 1070 1069 2270
2229 1025 1032 2168
2236 2229 1033 1032
2236 1041 2177 1032
1041 2235 1032 2176
1041 1040 2176 2186
2175 970 1040 2176
2185 970 1040 2186
1049 2185 980 2186
1087 2237 1086 2230
2229 1033 1086 2230
2236 2237 1033 1086
2236 2237 1042 1093
2236 1042 1041 2245
1041 1050 2245 2187
1041 1050 2244 2186
2196 1050 1049 2186
2196 1049 980 2195
2196 990 2195 1059
1087 2238 1094 2283
1087 2237 1094 2282
2237 1093 2246 1094
1042 1093 2246 2245
1051 1101 2246 2245
1051 1050 2245 2254
2197 1050 1060 2254
2196 1050 1060 2253
2196 2206 1060 1059
2206 990 2205 1059
1061 1109 2255 2254
1051 1101 2255 2254
1101 2246 1102 2255
1061 2263 1060 2254
2263 2207 1060 1069
2206 2262 1060 1069
2289 1094 2247 1102
2288 2246 1094 1102
1344 153 155 1256
154 242 1345 1346
1344 243 242 1346
1344 154 155 1346
1081 2226 1015 2227
1082 2228 2227 1016
2220 1081 1082 2227
1083 1082 2228 2221
2275 1074 1082 2221
2220 2274 1074 1082
2275 1083 2221 1075
2275 1074 2268 1075
2225 2226 1080 1014
1081 2219 2226 1080
2273 1081 2219 1073
2220 2274 1081 1073
2274 2267 1074 1073
2267 1113 2268 1065
1120 2267 1074 2268
2266 2267 1119 1073
1112 2266 2267 1064
2266 2273 1072 1073
2273 1072 2219 1080
2272 1072 2218 1080
1079 2225 2218 1080
1079 2224 2225 1013
1112 2267 1113 2258
2259 1113 2268 1114
2259 2299 1113 1105
2298 1113 2258 1105
1079 1071 2271 2217
1079 2272 1071 2218
2272 1072 1071 2265
2266 1072 2265 1118
2266 1063 1111 2265
1112 2266 2257 1111
1112 2257 2297 1104
1112 2298 2258 1104
1079 2224 1078 2217
2224 1078 1012 2223
2298 2291 1105 1104
2265 1110 2264 1062
1071 1117 2265 2264
1070 1071 2271 2264
1070 1078 2271 2217
2256 1111 2265 1110
1103 2296 2256 1111
1103 2257 2297 1111
1103 2297 2290 1104
2216 1070 1078 2270
2216 1078 1077 2223
2295 1110 1102 2255
2296 2256 1110 1102
1103 2296 2289 1102
1109 1110 2264 2255
1061 1109 2263 2264
1070 2263 2264 1116
1070 2263 1069 2270
2236 2229 1033 1086
2236 2229 1085 1032
2236 1041 2235 1032
1031 2235 1032 2176
1041 2235 1040 2176
1041 2244 1040 2186
1049 2185 1040 2186
1049 2185 980 2195
1087 2237 1086 2282
2236 2237 1093 1086
2236 1042 1093 2245
2236 1092 1041 2245
1041 1050 2245 2244
1050 1049 2244 2186
2196 1050 1049 2253
2196 1049 2195 1059
1087 1094 2283 2282
2237 1093 1094 2282
2288 1093 2246 1094
1101 1093 2246 2245
1051 1101 2245 2254
1050 2245 1100 2254
1050 1060 2253 2254
2196 1060 2253 1059
2206 2262 1060 1059
2206 1068 2205 1059
1101 1109 2255 2254
1061 1109 2263 2254
1101 2295 1102 2255
2288 1101 2246 1102
2263 1060 1108 2254
2263 2262 1060 1069
2206 2262 1068 1069
2288 2289 1094 1102
153 155 1256 1257
1344 243 155 1346
154 155 1258 1346
2220 2274 1081 1082
2274 2275 1074 1082
1120 2275 1074 2268
2273 1081 2219 1080
2274 2273 1081 1073
2274 2267 1119 1073
1120 2274 2267 1074
1120 2267 1113 2268
2266 2273 1119 1073
1112 2266 2267 1119
2266 2273 1072 1118
2273 2272 1072 1080
1079 2272 2218 1080
1079 2276 2225 1080
1079 2224 1084 2225
1112 2298 1113 2258
1112 2305 2267 1113
2298 2299 1113 1105
1079 2272 1071 2271
1079 1078 2271 2217
2272 1071 1117 2265
2272 1072 2265 1118
2266 1111 2265 1118
1112 2257 2297 1111
1112 2266 1111 2304
1112 2298 2297 1104
1117 2265 1110 2264
1071 1117 2271 2264
1070 2271 2264 1116
1070 1078 2271 2270
1111 2303 2265 1110
2296 2256 1111 1110
1103 2296 2297 1111
1103 2297 2290 1132
1133 2297 2290 1104
1109 2295 1110 2255
2296 2295 1110 1102
2296 2289 1131 1102
1103 2296 2289 1132
1109 1110 2264 2302
1109 2263 2264 1116
1070 2263 1116 2270
2263 1115 1069 2270
2236 2229 1085 1086
2236 1085 2235 1032
2236 1092 1041 2235
1031 2235 1040 2176
1041 2235 2244 1040
1049 2244 1040 2186
1049 2185 1040 2243
2237 1093 1086 2282
1087 1086 2279 2282
2236 2281 1093 1086
2236 1092 1093 2245
1092 1041 2245 2244
1050 2245 1100 2244
1050 1049 2253 2244
2196 1049 2253 1059
1049 2252 2195 1059
1128 1094 2283 2282
1087 2283 1125 2282
2288 1093 1094 2282
2288 1101 1093 2246
1101 1093 2245 2287
1101 2245 1100 2254
1050 1100 2253 2254
1060 2253 1108 2254
2262 1060 2253 1059
2206 2262 1068 1059
1101 1109 2295 2255
2294 1101 1109 2254
1109 2263 1108 2254
2288 1101 2295 1102
2263 2262 1060 1108
2263 2262 1115 1069
2288 2289 1128 1094
2288 2289 1131 1102
155 1256 1257 76
243 155 1347 1346
155 1258 156 1346
1120 2274 2275 1074
2273 2277 1081 1080
2274 2273 1119 1073
1120 2274 2267 1119
1120 2305 2267 1113
2266 2273 1119 1118
1112 2305 2267 1119
1112 2266 1119 2304
2273 2272 1072 1118
2273 2272 1122 1080
1079 2272 2276 1080
1112 2305 2298 1113
2272 1071 1117 2271
1079 2272 1121 2271
2272 1117 2265 1118
1111 2303 2265 1118
2266 1111 1118 2304
1112 2297 1111 2304
1133 2298 2297 1104
1117 1110 2264 2302
1117 2303 2265 1110
1117 2271 2264 1116
1070 2271 1116 2270
2296 1111 2303 1110
1137 2296 2297 1111
1103 2296 2297 1132
1109 2295 1110 2302
2296 2295 1110 1136
2296 2295 1131 1102
1109 2264 1116 2302
1109 2263 1116 2301
2263 1115 1116 2270
2236 2281 1085 1086
2236 1092 1085 2235
1092 1041 2235 2244
1091 2235 2244 1040
1049 2244 1040 2243
2281 1093 1086 2282
2236 1092 2281 1093
1092 1093 2245 2287
1092 2245 1100 2244
1050 1100 2253 2244
1049 2253 2244 1099
1049 2253 2252 1059
1128 2283 1125 2282
2288 1128 1094 2282
2288 1093 1127 2282
2288 1101 1093 2287
1101 2245 1100 2287
2294 1101 1100 2254
1100 2253 1108 2254
2262 1060 2253 1108
2262 2253 1107 1059
2294 1101 1109 2295
2294 1109 1108 2254
1109 2263 1108 2301
2288 2295 1131 1102
2288 1101 2295 1130
2263 2262 1115 1108
2288 2289 1131 1128
155 1258 156 1259
2274 2273 1119 1123
1120 2305 2267 1119
2273 1119 2308 1118
2266 1119 1118 2304
1112 2305 1119 2304
2273 2272 1122 1118
1117 2303 2265 1118
2272 1117 2307 1118
1111 2303 1118 2304
1137 2297 1111 2304
1117 2264 1116 2302
1117 2303 1110 2302
2296 2303 1110 1136
1137 2296 1111 2303
2295 1110 2302 1136
1109 2295 1135 2302
2296 2295 1131 1136
1109 1116 2302 2301
2263 1115 1116 2301
2281 2278 1085 1086
2236 1092 2281 1085
1092 1085 2235 2280
1092 1091 2235 2244
1049 2244 1099 2243
2281 1124 1086 2282
2281 1093 1127 2282
1092 2281 1093 2287
1092 2245 1100 2287
1092 1100 2286 2244
1100 2253 2244 1099
1049 2253 1099 2252
2309 1128 1125 2282
2288 1127 1128 2282
2288 1093 1127 2287
2288 1101 1130 2287
2294 1101 1100 2287
2294 1100 1108 2254
1100 2293 2253 1108
2262 2253 1108 1107
2294 1109 2295 1135
2294 1101 2295 1130
2294 1109 1108 2301
2263 1115 1108 2301
2288 2295 1131 1130
2262 2300 1115 1108
2288 1131 1128 2311
1117 2306 1116 2302
2303 1110 2302 1136
2295 1135 2302 1136
1109 1135 2302 2301
2314 2295 1131 1136
2315 2296 1131 1136
1116 2302 1139 2301
1092 2281 1085 2280
1092 1091 2286 2244
2281 1127 1124 2282
2281 1093 1127 2287
1092 2281 2287 1126
1092 1100 2287 2286
1100 2286 2244 1099
1100 2293 2253 1099
2309 1127 1128 2282
2288 1127 1128 2311
2288 1127 1130 2287
2294 1101 1130 2287
2294 1100 2287 1129
2294 1100 2293 1108
2293 2253 1108 1107
2262 2300 1108 1107
2294 2295 1130 1135
2294 1109 1135 2301
2294 1108 1134 2301
2300 1115 1108 2301
2314 2295 1131 1130
2288 1131 1130 2311
1131 1128 2311 2312
2314 2295 1135 1136
1135 2302 1139 2301
2315 2314 1131 1136
1091 2286 2244 1099
2309 1127 1124 2282
2281 1127 2287 1126
1092 2287 2286 1126
1100 2287 2286 1129
1100 2293 2286 1099
2293 2253 1099 1107
2309 1127 1128 2311
2288 1127 1130 2311
1127 1130 2287 2310
2294 1130 2287 1129
2294 1100 2293 1129
2294 2293 1108 1134
2300 2293 1108 1107
2314 2295 1130 1135
2294 1130 1135 2313
2294 1135 1134 2301
2300 1108 1134 2301
2300 1115 1138 2301
2314 1131 1130 2311
1135 2316 1139 2301
2315 2314 1131 1142
1100 2293 2286 1129
2309 1128 1140 2311
1130 2287 2310 1129
2294 1130 2313 1129
2294 2293 1129 1134
2300 2293 1108 1134
2314 1130 1135 2313
2294 1135 2313 1134
1135 2316 1134 2301
2300 1134 1138 2301
2314 1130 2311 1141
2314 1131 1142 2311
2294 2313 1129 1134
2314 1135 2313 1143
1135 2313 2316 1134
2316 1134 1138 2301
2314 1142 2311 1141
